timestamp,latency_ms,packet_loss,bandwidth_usage,cpu_usage,memory_usage,network_jitter,active_connections
2026-01-01 00:00:00,25.914151239263294,0.561116038380496,89.28995231711747,50.281841712555384,54.949870740066096,2.087218611446425,368.6861173453965
2026-01-01 00:01:00,21.880047681278512,0.6787597491870914,74.53126941917981,55.38993956595237,52.94080245875932,1.4760709275086743,271.70099289514036
2026-01-01 00:02:00,27.251353587419374,0.6504767465425356,65.23437379669275,41.49717946646329,58.946471889720186,1.0145534530243034,257.72856806716203
2026-01-01 00:03:00,27.82169414917364,0.7281625578722761,85.41895804184182,33.988607541329806,51.02897809200158,1.6568413989286994,350.64914475970414
2026-01-01 00:04:00,19.14689443403849,0.4996163199981892,67.22055063611045,47.99591741012273,60.42492267541979,1.4289381081921537,339.6376679951087
2026-01-01 00:05:00,21.093461479413044,0.5606933801633339,71.06015508662446,43.0129176356871,60.41420998706852,1.4399371850034743,294.5295360673114
2026-01-01 00:06:00,25.383521209501858,0.6023027403838382,66.10307351681898,44.21338286426822,61.28639450567204,1.6901291491515156,311.4399694537358
2026-01-01 00:07:00,24.051272222969253,0.5283313394782051,83.21593469954672,48.337066534386075,56.883114923397464,1.7764149611113305,312.19707357306044
2026-01-01 00:08:00,24.949596527487135,0.42056113801658523,69.16012234955296,42.26164542104641,52.567518087011166,1.5142008661893218,304.10137286230673
2026-01-01 00:09:00,22.44086821727926,0.43351149313204596,71.19587280591607,43.38688817193797,55.545938631526816,1.4757278733162866,261.1056138458858
2026-01-01 00:10:00,27.638193924588485,0.3364883203340069,79.63025722420358,44.399282898380484,56.90034447539603,2.3254165961893563,225.54098452001244
2026-01-01 00:11:00,27.333375806286845,0.584323365981966,74.68111565968861,53.818523627910096,52.19929177406062,1.980221599562919,274.65821453029747
2026-01-01 00:12:00,25.19809209268365,0.4811969651829689,69.56521547892743,45.18041762468149,61.66558144462608,1.8334184472260673,354.4846323411284
2026-01-01 00:13:00,28.381723620904097,0.367365249872647,78.8831277788597,37.585958515110235,57.90042083784272,1.5524823783520785,355.6624050817997
2026-01-01 00:14:00,26.402528026756137,0.36755103613508144,90.30786583542361,37.82472911315331,50.538885223389975,1.0977027056420106,292.14489106523075
2026-01-01 00:15:00,22.422122611350286,0.25792025444344224,72.53928359039537,45.835379529957606,64.41436838232889,1.9509545543735975,271.26107332428984
2026-01-01 00:16:00,26.106252352247495,0.69576826824744,70.93408070298054,38.22343199585413,55.486946375850884,1.5577176586872086,308.3436365918814
2026-01-01 00:17:00,22.123352197513004,0.5157235339063575,71.36501666895265,35.62617907845504,49.52948478575007,1.2691323944707467,313.1694358640108
2026-01-01 00:18:00,27.635350903921818,0.32743999608534596,80.48343600665214,48.813215945604064,50.84872938626363,1.4027438185649221,318.0215855788217
2026-01-01 00:19:00,24.850222267041243,0.6617095499204037,65.20641811973663,49.10699041721187,62.43891798582672,1.1135269735047406,224.18913951487207
2026-01-01 00:20:00,24.44541290936422,0.3879102380411254,67.77345952230671,42.79118079663688,64.12492458108412,1.9229316171943447,394.73268551475485
2026-01-01 00:21:00,22.957211366788176,0.21869987459755347,57.70045640698687,46.76195574691025,60.04742526740459,1.7732148332487143,333.974240041309
2026-01-01 00:22:00,28.667624016022092,0.7042444578438266,60.52905709888021,46.12872986517301,61.59654324293568,1.5726529846113404,294.06408888781
2026-01-01 00:23:00,24.536411553793595,0.39258060208677736,65.85759997841623,48.61451631581451,61.08307729399306,1.482885770549892,278.4456710951744
2026-01-01 00:24:00,23.715016533510678,0.41822018195824207,69.55250404751662,48.6284994236388,57.78458076382033,1.227732449100063,329.6191708223881
2026-01-01 00:25:00,23.94359934853531,0.5082360040698355,84.15266660616095,29.365268474836643,56.645208939054626,0.6479709424965918,314.86183845103625
2026-01-01 00:26:00,26.596927556660045,0.7285178445580229,74.28794243940179,43.55700624910563,57.69931597238304,0.9348292413359732,302.76442464103536
2026-01-01 00:27:00,26.096332193092234,0.5040074581732623,62.70337191848165,48.1074251290688,58.68007721571647,1.202941864192284,313.75003900922434
2026-01-01 00:28:00,26.238197834787965,0.2601765747709539,64.17615611708707,42.53726045376591,51.29200996736801,1.1428134471944587,296.61841187326155
2026-01-01 00:29:00,26.29246300902365,0.6087754008224361,80.99798946584524,45.21721583555896,58.65979364656055,1.615744249846426,312.05586797151904
2026-01-01 00:30:00,31.424942802611383,0.4030020551476552,79.01288278903354,49.50419989006846,62.293084236485086,1.8245974967893284,321.7908855286051
2026-01-01 00:31:00,23.780754950846152,0.8775847943058932,70.22519928179362,45.48555139951297,53.968137858354844,1.448624312439586,310.2995062224608
2026-01-01 00:32:00,23.463271812785386,0.499776055600422,66.45978827568935,54.0475165034092,53.43376107339102,2.063566774048574,308.72765694965756
2026-01-01 00:33:00,22.558681815256367,0.05299290042026672,78.99946268563714,51.761917513686726,57.38273154619333,1.1868409121653478,341.78580399633546
2026-01-01 00:34:00,26.847938267726487,0.5714729944311348,62.05338298620251,44.2886150821714,51.75171224795932,1.4457851493006888,252.08678641744632
2026-01-01 00:35:00,28.386916878162676,0.8889195584520457,73.13624318446018,43.81172297565133,48.41590691686247,1.4796051282889615,276.0635316432471
2026-01-01 00:36:00,24.658157627035376,0.8151840577090779,88.18127192714665,27.898055368791812,60.73859520052589,1.9368745315337674,300.7968205794307
2026-01-01 00:37:00,22.479530569112416,0.8661908577513131,71.64284545801166,43.04098681865685,52.745243699882835,1.5423548328328713,278.10397251212277
2026-01-01 00:38:00,22.52655635292628,0.2960479629237073,63.79512416590717,36.88038664373684,55.092242893601046,1.5534275658232515,288.1190238526818
2026-01-01 00:39:00,26.951778363474105,0.6824304791953557,73.2829496213723,46.327377252003735,51.949374794959674,0.8380627539968314,338.6322534867013
2026-01-01 00:40:00,27.229762513610325,0.35560109205265766,66.23993024787723,45.91722426672001,61.383774074565,1.140037316315698,295.5308707812682
2026-01-01 00:41:00,26.629462804915583,0.5448578798833849,58.84707324997268,49.17513453616067,59.265880791420074,1.9383809094790332,245.1236691685808
2026-01-01 00:42:00,23.003470878133918,0.24540951425205348,75.60828821497685,53.380022831689146,53.796302294231495,0.6698630945611265,287.29974811997164
2026-01-01 00:43:00,25.69648396920016,0.3711088470234567,78.94267520439777,44.84238342196819,49.10051317618624,2.037197060972251,301.7433952240162
2026-01-01 00:44:00,25.350057427422186,0.3647506605272769,67.51274662341942,58.68249787153918,53.265350975709,1.6998657955816923,301.1906859736898
2026-01-01 00:45:00,25.65606579018704,0.6797110560285232,66.98211460722982,46.39470867131942,57.85076349974857,1.2009914686544978,316.6811232403924
2026-01-01 00:46:00,27.614286333844568,0.660143824333931,62.307476871025365,37.1387016377002,55.943178520398824,1.167180409437085,314.2316572426642
2026-01-01 00:47:00,25.670786646324046,0.5553639458661641,68.80051519625947,41.62756874933928,55.545490222259936,2.258382119939323,295.8352170442204
2026-01-01 00:48:00,27.036740689215684,0.22991571638892289,65.50105293661447,42.76351979815307,56.05849379734906,2.0645623225917684,264.20880725263703
2026-01-01 00:49:00,25.202737208466676,0.437672113210056,61.91173850637396,48.55276290692027,58.7939811574908,1.452223691382601,286.76582245087315
2026-01-01 00:50:00,25.86735819606995,0.3507767034114548,85.13735064319685,39.316500598624195,54.79070397967478,1.5538366917809516,281.316703301346
2026-01-01 00:51:00,26.893864677515623,0.6739351513388983,73.73194253399606,43.21214470314362,57.25006725229751,1.241527455635891,291.4468859194123
2026-01-01 00:52:00,20.628532540433,0.7356369705634369,74.57916086423482,44.03375831522348,50.06540396127451,1.553913591130442,320.7350560577366
2026-01-01 00:53:00,24.040986350928097,0.7112771172061766,77.06719655145942,42.311275154066735,67.76925388487663,1.2304385245722818,312.12308248691255
2026-01-01 00:54:00,23.588882037121614,0.3489561161165959,76.16828973407844,49.86849229007831,53.580703403418724,1.4685827903303281,324.7201714122506
2026-01-01 00:55:00,23.083366455269974,0.0,66.69512037762628,48.847928330792136,56.017965039419884,2.2241317519058965,288.4775038919162
2026-01-01 00:56:00,24.174573246319948,0.1466076203739891,72.18042098377174,51.99940281062375,57.83232762393106,1.4617543813798295,345.250823048542
2026-01-01 00:57:00,29.48482393370319,0.7843253956164418,67.84775612591471,43.0138489133328,52.946047437997294,1.0807912474905492,320.1851553779016
2026-01-01 00:58:00,22.40250665292027,0.4197490121360352,73.50770899821327,52.21516540588741,55.039123971247314,0.9534511808060103,303.36704045525875
2026-01-01 00:59:00,27.904835063774442,0.3498550763469775,72.73352708766531,36.816017484137724,54.97837637328387,1.550847102945792,318.10039753133907
2026-01-01 01:00:00,19.951390685152585,0.8285320586872469,66.93871791308638,36.66969419406086,50.42980953713312,1.1956419382028838,279.72718756106906
2026-01-01 01:01:00,23.995344910042675,0.7530319890976653,59.365610216625605,37.71718988345272,57.19294712769819,1.5986412567930146,236.73737352118735
2026-01-01 01:02:00,25.488259195315017,0.5048897443839573,71.16989645572406,45.055270155792535,46.753890808706345,0.8521987627485814,281.7991089279067
2026-01-01 01:03:00,26.758666994077835,0.4413193817872052,68.36584409754161,52.21426869946653,63.76354221208307,1.7761000538303529,322.4237087172651
2026-01-01 01:04:00,27.133679739378564,0.47357975743737496,54.87702201832993,41.387147516162216,58.96485442489197,1.075934051282798,302.4064811906689
2026-01-01 01:05:00,27.380041705599776,0.5454325596774932,74.06129415110973,42.139839570213375,58.19561178826688,1.5185189037109357,295.8949658196638
2026-01-01 01:06:00,23.95382478325469,0.8200094562639216,77.7227368979422,43.703892268143974,46.31678943783379,1.3646787130240114,274.56479787666814
2026-01-01 01:07:00,23.6129446220063,0.5844934848474453,90.2268518016716,48.43696874032593,51.0373566335349,2.187355584911548,241.32522522250392
2026-01-01 01:08:00,27.573927643771462,0.6452058066078283,66.87041997343471,42.13424817987256,61.94672560402527,1.568595669371811,342.7453686244437
2026-01-01 01:09:00,24.426087025355155,0.7338540218140343,65.69030482760746,41.79949825250099,75.756206985198,2.2781887792458377,293.76315774565177
2026-01-01 01:10:00,21.172941029986234,0.2660647997951162,61.12463175648607,36.92762841985386,60.973462325285155,1.7242969600249678,287.1138605430843
2026-01-01 01:11:00,21.600138357989557,0.6509723784948086,71.66913525189605,41.56967333293727,60.18471705125475,2.0701623689249917,279.85061198724384
2026-01-01 01:12:00,22.241643141995166,0.44108624906767774,71.61854544446685,52.064770517612,57.62487114057094,1.4164807174308316,337.63567432879887
2026-01-01 01:13:00,26.491482232161292,0.0,63.50962932170601,45.54555605087086,50.76251402144915,1.6382012197961289,326.4405243713815
2026-01-01 01:14:00,25.427277208211695,0.07436609160283758,68.60056094396928,40.56087293851251,59.975870416001655,1.9874574356075825,270.9828160736714
2026-01-01 01:15:00,27.071456062203303,0.29637647769626285,54.17067466488515,52.41686383637361,49.493963314515355,1.8619839794336195,334.93628895130604
2026-01-01 01:16:00,23.7182420609904,0.6062446457185163,77.41101398266598,41.488718987638876,48.94707417430073,1.7123973112738275,295.647887432362
2026-01-01 01:17:00,25.475619073230142,0.5227599130680592,63.834565922622666,53.51973347689479,48.63235337280755,1.3688260668849088,281.6837343603832
2026-01-01 01:18:00,26.87677118190201,0.5368733414351328,69.72274918869617,53.4216418674006,59.878613232507966,1.4364894024773118,291.1916283960735
2026-01-01 01:19:00,24.071960380839286,0.8901886965373385,58.58645262961777,45.33606975824801,54.71292972536249,1.9550647806413426,276.5010824845531
2026-01-01 01:20:00,26.370325712672233,0.24618207702803752,65.34117120430741,36.008702835769874,55.5042904995219,2.038364499492856,260.3736869175363
2026-01-01 01:21:00,23.014222176800047,0.4945133291632553,67.76327077185978,58.73700369207453,54.922980314746574,1.2628549082881309,323.2839289652577
2026-01-01 01:22:00,23.910838460304785,0.5608871045627631,69.90967322431337,47.32365633758728,49.37141729400888,1.202496410258012,293.37885422905595
2026-01-01 01:23:00,23.85478631800501,0.35274537669233286,73.8378601241801,43.05667785167646,51.64634546991298,1.1383464846919134,318.5162860093581
2026-01-01 01:24:00,21.41248106323288,0.5056653490165882,81.51260066788976,50.73676748865034,51.89786896873274,1.8318802462920623,308.6163999338864
2026-01-01 01:25:00,26.460917442356745,0.18001013318313097,75.86168754215485,49.21381672212809,47.973642763873194,1.1282099911749923,316.4562333405972
2026-01-01 01:26:00,23.59179297939183,0.7819812434550055,77.69731634516995,52.86563009931864,52.478949523498244,1.827041362408699,238.62039583778738
2026-01-01 01:27:00,25.037482356183062,0.3636770894939132,81.56883287954511,41.02591326792062,49.59346771801881,1.7182761372484052,273.9971925192895
2026-01-01 01:28:00,26.442239976717726,0.9062800329557006,74.55766305218158,46.91084047664636,57.888378144334965,1.2819632622536878,317.08094266205546
2026-01-01 01:29:00,26.339593528089832,0.493505135216509,69.70634243504804,37.884778618530376,58.30485531983412,2.1255437255405067,261.75507917592097
2026-01-01 01:30:00,26.99615532691836,0.7056107130798366,78.07289525004045,48.99800637444741,48.53180438680055,0.9150964367595092,311.19195251436696
2026-01-01 01:31:00,24.70454354647173,0.4893394262017691,78.58407428769326,44.862327782236875,53.51684117876,2.163813039903424,258.27886259944273
2026-01-01 01:32:00,23.73010506386754,0.49385123354789406,75.18852670372829,46.686055532920875,64.28029940658352,1.6275543456981985,300.4933195048408
2026-01-01 01:33:00,24.7608453672808,0.38319413335559843,58.36297922371118,44.12190165695718,50.09618551160853,0.6706134573365232,348.29971181808173
2026-01-01 01:34:00,19.93799669812591,0.5238247858732555,63.26831877524282,43.49406707646983,57.13318908897533,2.1367518543286455,323.23800345994874
2026-01-01 01:35:00,20.658662582730738,0.5635997388828095,67.80116716775613,39.79061295591172,55.52760967001442,1.8888850016879954,244.47777157677797
2026-01-01 01:36:00,21.031901162936794,0.343148298216964,76.23696816588719,49.7425812881054,60.46443778920454,1.3287153266347849,325.45114212948556
2026-01-01 01:37:00,22.008259517195555,0.47499111682802314,69.82922864743553,53.938224220448625,56.477334206787035,1.1141117739034414,354.6671468018875
2026-01-01 01:38:00,26.19932268017031,0.37798022678857723,79.0949490676045,41.65998984653949,52.84352261038125,0.8723733024646458,383.9104803048522
2026-01-01 01:39:00,22.283562833919817,0.9599328139229677,80.52189302995424,48.32124302982657,55.33382060736442,2.4661784647241562,314.25227212406065
2026-01-01 01:40:00,23.86551233788183,0.4820538460176763,79.59336374941765,47.593101747961455,55.40684971976868,1.1306472503352625,259.0674022834394
2026-01-01 01:41:00,28.897684893358196,0.8090464303393119,79.6443245158423,45.04858686809315,54.54152408858588,0.9945645751996297,313.0403393407329
2026-01-01 01:42:00,23.931208086815722,0.46087553383846236,61.70404876273025,35.8404255998117,48.404442723379915,1.60716764974006,347.88100795024394
2026-01-01 01:43:00,27.21254670540126,0.5518575283069815,73.86108399564621,37.19041589333644,61.21544303798946,0.8448426132955539,294.3873546074909
2026-01-01 01:44:00,22.19914695997037,0.23572718567094614,65.13976767235667,40.31410829309058,60.33216793932162,1.1073806406221776,331.2932676864767
2026-01-01 01:45:00,24.38368732639711,0.41058548162642705,56.807469349126414,32.16597165856841,49.779054865650714,1.8979876776641875,274.81191003366934
2026-01-01 01:46:00,22.149933835268257,0.5421069341578494,67.70023094355331,53.44818437943369,53.496371839081235,1.685684237927752,311.1705975938055
2026-01-01 01:47:00,23.98290077229831,0.8172007661919733,80.597895725018,47.206219375078284,53.87457165322892,1.3454520161042471,225.31261454489618
2026-01-01 01:48:00,27.520924412372185,0.5443965555352542,73.68593608094771,44.82023370960527,49.21740599750209,1.5073226691725519,271.48993854489845
2026-01-01 01:49:00,19.818038730422955,0.7767440722385999,86.14247497284714,31.858585084393027,45.666018661188666,1.3230117879199985,299.8163805815443
2026-01-01 01:50:00,26.303270930637574,0.628145822040584,71.4178411621449,34.0567748698776,51.64703674043832,1.4752008762523843,289.0992980827069
2026-01-01 01:51:00,25.713206806996833,0.8254802678929372,89.58242202874325,44.98595167087825,53.21798829874404,1.195275446976139,260.9814751717276
2026-01-01 01:52:00,23.217550132909615,0.48819155653898894,71.4201698041364,56.82293979290386,47.793833333179904,1.267904272189029,285.0103140574513
2026-01-01 01:53:00,20.661826436834637,0.9780445421303608,70.17984236922989,40.80813482476151,55.88488882042739,1.2557287449818268,309.8896514540399
2026-01-01 01:54:00,25.21638852314161,0.4029207594171754,59.76487929662803,50.18278808647463,60.8142815165817,1.2096556592576981,297.4131723866934
2026-01-01 01:55:00,23.411521872808592,0.34670763316046616,78.88450192234214,42.120585553950235,59.21058073082634,1.9175643985665927,301.8281270961261
2026-01-01 01:56:00,25.698028634064112,0.25798943006219316,65.98299896847617,45.3314355557332,54.36657173420641,1.8080469568052213,321.95906409257213
2026-01-01 01:57:00,25.06555643657033,0.9662049343116141,64.82361888473018,52.28810309335759,45.797941517394015,1.1270546926436202,289.7051189780026
2026-01-01 01:58:00,29.805336673962746,0.6638895145235795,80.24984451010057,42.92429021900074,58.57851170329524,1.0222424829829717,340.7753364915574
2026-01-01 01:59:00,24.281933117580927,0.4331758533239383,79.26578135036766,40.8593705516872,55.73196084532279,1.4370893427477536,270.32186801695764
2026-01-01 02:00:00,21.929507522134404,0.749804539374699,79.05641093768543,53.508423324748584,57.1217555460901,2.3621150393158183,357.8400765917856
2026-01-01 02:01:00,25.537826904868947,0.6375384370235564,67.10247092756015,45.27334692668157,64.68051400151256,1.0889179185213809,333.3911589148279
2026-01-01 02:02:00,25.659990051915294,0.8932254942751181,69.592193077558,51.547230543516974,50.875941852346735,1.4355102441183838,289.32006658463337
2026-01-01 02:03:00,29.077562725721307,0.1904334334520177,69.52116481843319,40.888506639691876,40.62592033438979,1.535488165487065,291.3204388730676
2026-01-01 02:04:00,27.505333737743737,0.4469279783371491,76.26014544537918,53.44004525376586,49.73272711095122,1.45654313038194,306.2020677483521
2026-01-01 02:05:00,26.07061317744853,0.4074957232114349,82.42851734795384,46.64176364720767,57.4302253413391,1.3167160503122046,317.9601278961593
2026-01-01 02:06:00,29.389908673658685,0.10526346471827969,72.94517244158726,47.60872575728795,55.134629508740204,1.9620319888794215,332.8364482570037
2026-01-01 02:07:00,21.433710837031448,0.7120654409559388,85.79912868285886,45.78977586857505,48.921819352006594,1.6817834491773818,259.7822625595475
2026-01-01 02:08:00,23.080745401750757,0.44592068883932834,77.17755534426449,41.96715010802099,47.90141308411785,1.8383221294980303,313.1232786618374
2026-01-01 02:09:00,22.220272175783425,0.6479262409973124,68.12160484708465,44.98990313703017,53.22695492091302,1.7357519798665324,236.50457242611856
2026-01-01 02:10:00,23.830570590532695,0.9719543868659224,76.6296912490318,42.3444585720638,48.769526650590976,1.8575793287223947,294.6809854249355
2026-01-01 02:11:00,20.869941557331074,0.42935126163447834,83.64752222967019,50.75727637586871,57.603167091272624,2.133762333189625,343.6173751136237
2026-01-01 02:12:00,26.905452840443214,0.41576940346856894,85.98631186673067,43.78165699758802,52.942865556868654,2.032417586715334,257.47172903344506
2026-01-01 02:13:00,24.33333190870368,0.5237328339447992,79.49513075679265,36.0209566332366,51.86441057834144,2.429921583838366,252.02286641905013
2026-01-01 02:14:00,20.587581116492025,0.6974494705966819,70.20539562926399,34.923457590064295,51.20861798538497,1.9869365125628766,306.62385298643926
2026-01-01 02:15:00,21.953262756377377,0.38665739493797,68.26645396755264,34.639691086077455,56.31561363290297,1.2322212893889972,341.62287492517805
2026-01-01 02:16:00,25.940541542350587,0.37380768057357383,74.60855602849112,48.707824545323646,55.21304611880018,1.8389248167223315,309.7618635325597
2026-01-01 02:17:00,27.514379703683144,0.7114378540482732,83.39179596216837,38.09097413175934,56.00978634931297,1.7841740715938381,242.86146309355345
2026-01-01 02:18:00,30.99019267507536,0.5757278647676072,73.47015297771561,46.8005146550314,55.90064721902906,2.2681179620928753,249.50614760861177
2026-01-01 02:19:00,33.74158739802199,0.09105434739903584,73.63625497495049,45.81944710494848,54.63902231701647,1.1131365933294843,302.93239298788257
2026-01-01 02:20:00,26.24322829982799,0.25492164010617835,70.41118283453673,44.61174843054134,49.83434708270955,1.7231804325571747,264.62272742112697
2026-01-01 02:21:00,22.031385639904407,0.8002471727654421,67.3768714989503,47.63043122029421,51.34809936634369,1.227571862093217,304.1005888171697
2026-01-01 02:22:00,18.603861157806072,0.5803856566157625,68.70292394684866,45.94982122254316,53.02662547430531,1.705018041640054,305.87985339800815
2026-01-01 02:23:00,25.80313438703151,0.3475608137925502,71.08340788196423,28.741621543314302,65.32597619044161,1.4141013341601123,285.3072746802687
2026-01-01 02:24:00,22.56117671406902,0.46591806855300355,83.74479996991857,43.058248554909056,48.255818397915945,1.6917875216763554,354.4426288184644
2026-01-01 02:25:00,23.753928219460946,0.5026473345603341,68.08228977175358,47.55061880438058,52.905117483415545,0.9358647255674303,317.71401614802875
2026-01-01 02:26:00,23.163709602820575,0.6471466720560328,70.42089660729104,54.84169686452999,55.49133530055244,1.817290592622359,336.3477263638253
2026-01-01 02:27:00,24.577627340750844,0.22834732102824212,63.07697871674793,55.11874569949499,53.48333623363754,1.58242380607444,327.61745274814865
2026-01-01 02:28:00,28.19794069236293,0.33181017226590837,75.73304853178524,36.821096918488465,60.36984770718869,1.560877152708762,295.49779314150396
2026-01-01 02:29:00,25.471145702336035,0.5545911509726777,80.93343342974626,42.90164820412336,53.457510347485666,2.280091319938932,294.16658245981955
2026-01-01 02:30:00,24.524095488883937,0.48003308390090993,82.99598276765404,35.603311117752014,53.827293004246954,1.3470066406928707,291.0713988951369
2026-01-01 02:31:00,21.893038741522567,0.614371836527342,71.62691619756568,54.1193104506605,59.073142568081586,1.6369061699087926,320.4330675750073
2026-01-01 02:32:00,19.97595116588693,0.25409852052808046,74.59483426623389,51.077137248891304,64.05355831459188,1.540108279615702,280.4890446788441
2026-01-01 02:33:00,23.541076272780007,0.5714257352542642,68.7715974226397,47.10352732117905,62.03749186974164,1.579215664096293,351.75098826103704
2026-01-01 02:34:00,24.83865234754504,0.7183167238754944,74.22414943755618,45.99656916756126,54.31673057945428,2.3887215618571114,277.6239208898282
2026-01-01 02:35:00,30.30378974073965,0.5973637094298567,72.51172121999372,53.283786602096846,54.75242894133798,1.5255228369654994,306.43425216891086
2026-01-01 02:36:00,25.390823564418657,0.5278223479523184,70.4661150980119,52.267951168560835,55.23359622392102,1.2730880802046949,293.1275756386215
2026-01-01 02:37:00,27.948218533069173,0.4808232794868058,71.10202953821704,51.948268179936726,55.734997042312926,2.2483611181788885,286.4762005684042
2026-01-01 02:38:00,23.502113204382542,0.3330297694456996,73.6153782671492,47.74007915869356,50.76325942826092,1.376924493824415,365.1704055739084
2026-01-01 02:39:00,21.445168700748926,0.4856002815120423,67.64678052123548,42.90463020291502,59.682968994277196,0.8579287411163778,286.8283697576261
2026-01-01 02:40:00,22.104649713302884,0.7519411705760812,68.06002566337574,49.60274899210535,56.033045638613935,1.2036625174284596,290.8583645702272
2026-01-01 02:41:00,22.82432180639274,0.476194298679975,83.65889610937242,49.896251431530686,54.77571905592343,1.0013650023828577,280.07599204632334
2026-01-01 02:42:00,31.385409197305492,0.322039202130318,91.68437415077106,43.85617518244824,48.644273117204634,0.7800138134742194,301.23121847066767
2026-01-01 02:43:00,22.53583996232684,0.40155058224692275,60.36506441172765,42.89250648699455,55.311431042453066,1.3547939982527462,296.96080897971916
2026-01-01 02:44:00,27.515467611209033,0.540170059455186,59.92423036499153,51.79987961734926,45.53393848389597,1.471913613890627,266.42240607887084
2026-01-01 02:45:00,22.291218465738922,0.4252972005638306,62.3427773775348,54.98469665261764,52.09175327983884,1.9722111660515627,287.2689040695703
2026-01-01 02:46:00,27.79471903862273,0.5970606566126282,69.17369267969156,40.5036253145114,52.184511467604004,1.751760644824826,318.2905962835188
2026-01-01 02:47:00,26.15485289831759,0.6045687521498061,77.16624408829806,43.41973994731215,56.43497596543809,1.7335337232514667,330.80960548265864
2026-01-01 02:48:00,24.53008630702573,0.6777966360809297,74.73002353638617,47.10559845872819,64.39925012472648,1.142715997920912,300.72001838896443
2026-01-01 02:49:00,24.8777124215937,0.7847118944530066,71.37624909424375,47.91959398649166,57.859537328327185,1.853973304785646,301.7698437195963
2026-01-01 02:50:00,23.03563691371183,0.6991717448744722,74.23148437566319,41.86580184455224,62.24201036317807,2.056493134559494,289.1701478470417
2026-01-01 02:51:00,26.33821660444624,0.31315218717040805,64.46331074697305,56.301123782064266,58.22606086551789,1.6578283566184642,284.9267489412635
2026-01-01 02:52:00,23.63504955897766,0.31929311068474553,68.04701782597905,47.53257159327103,60.62526744843808,1.66900701451917,272.41280910353095
2026-01-01 02:53:00,21.323182708698255,0.4848457047080351,69.83924361299363,48.18830045082332,64.28563676471553,0.9941230801200085,253.30051637283145
2026-01-01 02:54:00,21.166187277041143,0.4097649285521171,57.32626928902518,55.55330448907053,51.34081583848872,1.921774323042131,278.92659977680387
2026-01-01 02:55:00,25.51776375316636,0.2723346546078115,60.70951836221923,42.30563024853246,51.01447782934248,2.212332219504568,327.12158602021543
2026-01-01 02:56:00,29.737273769231304,0.41166164116540116,61.02747150977873,44.469408741346335,58.344054502386605,1.629180959618735,287.26749171908466
2026-01-01 02:57:00,25.479974840720313,0.4050974132761922,76.11286578947019,37.48006662587023,54.98160772968877,1.262257088653006,289.6194394891787
2026-01-01 02:58:00,24.644085021670353,0.3656304520477588,71.96283958857933,43.965897166478534,56.101769164034806,1.435202057604863,289.0354440085606
2026-01-01 02:59:00,25.857478418807627,0.4368421027689989,74.88848960059154,36.06643485638782,53.7566655394632,1.331831713994965,337.341229974982
2026-01-01 03:00:00,28.918005225120474,0.7356901700636662,55.282760081580285,49.487096125159034,52.01870641487641,1.3558201387358821,272.14852288405984
2026-01-01 03:01:00,25.65814750409157,0.5398476082498479,58.13146651158718,47.519980500419955,63.10382334387513,1.7591932254776237,308.3116001516998
2026-01-01 03:02:00,23.767218307498787,0.9943618152110939,75.30572352205196,43.33758415776876,49.50069443090043,1.611785644668137,297.94601599289507
2026-01-01 03:03:00,28.318866130179668,0.5341016372039299,47.770642866671594,44.397457753092915,58.431961296207724,1.9015746423885476,302.03780475284304
2026-01-01 03:04:00,26.28626931538484,0.44198684521254966,79.79703486079843,49.56879849113395,57.62114142865225,1.6483610179112884,307.33051221349353
2026-01-01 03:05:00,29.607267975987977,0.5008265765309732,55.413462851817684,38.18522347866061,47.10493351214878,1.154364810408727,301.7149482080421
2026-01-01 03:06:00,25.54970331166572,0.551298395688708,76.74675913539983,46.22500720471514,50.84609835003203,1.2997231904602438,323.79065659952755
2026-01-01 03:07:00,21.3265929048385,0.5870507914342127,62.8913230019443,49.19705883875247,51.68654719525066,1.2748635708848572,299.12228016111214
2026-01-01 03:08:00,20.895522402263005,0.9153422651718048,78.39122972137267,34.30635553555655,57.82292056658296,1.4254119693526193,352.3312918027709
2026-01-01 03:09:00,29.952783796693748,0.3309359070044863,95.66528731133195,49.109628034212115,53.16482447034724,2.2178854765658356,301.3343981690054
2026-01-01 03:10:00,30.17099716234989,0.6718092116355472,51.814578959030996,34.9556252204306,54.57205096694597,2.2819598366590514,248.8959935219919
2026-01-01 03:11:00,24.461442360152198,0.5415501195228247,75.56301718288519,44.294433096890806,47.71176321507636,1.8346404801786342,319.14931074431195
2026-01-01 03:12:00,23.85043803659204,0.18578045148587646,55.53469829125008,38.019653375428646,66.62955858357657,1.5475055187334472,311.76290415779346
2026-01-01 03:13:00,29.384332876726607,0.6541397564189526,73.41415137774003,53.58747947574009,55.35597809369749,0.955339112198242,300.97635095285773
2026-01-01 03:14:00,21.678862953869537,0.753524712160781,68.34582269158484,38.057273675085916,57.49500448648472,1.5880033222920333,292.21286053136566
2026-01-01 03:15:00,22.31581894313252,0.328564719244514,71.03825857969474,35.098860648207705,52.296872557173884,1.1839970814251786,236.56142800620643
2026-01-01 03:16:00,26.929980384067132,0.49821322642160587,62.7065097893741,45.80011284957789,51.73686336466074,2.152208758626368,241.59467813202974
2026-01-01 03:17:00,23.81618463142123,0.15492914759845927,76.244328875972,42.517782119875065,64.56342327476766,0.8575577240838043,349.4255766149244
2026-01-01 03:18:00,24.984634399839788,0.2482387080631327,58.413137296236954,35.9723686280164,45.416391964966856,1.653793733332047,282.4349219070184
2026-01-01 03:19:00,24.509671304426462,0.7096059155234505,79.93309810318992,48.1548911949291,56.393235342153886,1.1503042489398525,328.96861282656624
2026-01-01 03:20:00,26.0127236463968,0.4067166987985131,66.72599754711854,33.051005625301926,48.94248054446054,1.496193925806611,251.90900180278615
2026-01-01 03:21:00,29.222445583941152,0.27823940501239214,58.77847458077528,38.78255416450125,52.97499422801498,1.7664272761244226,268.594251138952
2026-01-01 03:22:00,25.271754720705236,0.545892072891686,82.75949458672558,41.54869037747529,51.80952766162989,1.908787475512839,320.35922840645145
2026-01-01 03:23:00,26.931816379830572,0.39551751371379534,69.46125877752678,49.81333435293084,50.07011158290376,1.4757239196273675,296.92496892904103
2026-01-01 03:24:00,18.849483696906933,0.40583566844489277,85.26108776353621,52.772810202078915,55.17720864853164,1.8044866200726115,316.13001515968136
2026-01-01 03:25:00,24.853844794209646,0.6478652051349807,79.77084903450674,51.616693483965435,42.15985426346967,1.235011960555159,299.5910230221058
2026-01-01 03:26:00,22.470309189121387,0.2676533282131307,63.61483436170852,44.0803572572266,53.42255759040651,1.5982153539092883,293.7698410798017
2026-01-01 03:27:00,21.343560818729117,0.31892695746363353,69.32008159250601,30.436150531229064,54.54855012325012,1.9008829657751458,279.5986851547533
2026-01-01 03:28:00,22.365542899213747,0.5308159984297738,70.9683035173086,47.34511812731135,48.20361726796994,1.632839791255995,264.1799203221
2026-01-01 03:29:00,23.997629677897564,0.693881958149641,82.21042559989152,53.82344243534768,62.56609360724692,1.2882625214506775,342.081038691975
2026-01-01 03:30:00,27.74770762706804,0.7476320602979699,73.50014170693692,52.40274244688141,52.02770812601342,1.388383052974627,347.0192731838964
2026-01-01 03:31:00,21.02082184678131,0.36698765592767535,71.41034096877168,47.777694058462316,53.81257878767582,1.9062624250191758,268.8389113576745
2026-01-01 03:32:00,25.091894477783253,0.6874753933839296,68.40096330321354,37.86298341396928,52.038904180426485,1.0632621532287372,266.8776269397915
2026-01-01 03:33:00,23.547491699999263,0.3431715413059182,69.59554371316288,41.84815797822951,54.59216939784707,1.1222739463970188,289.5668057273372
2026-01-01 03:34:00,24.016980716914116,0.8652418693813599,80.4367366854266,56.60288639247405,61.54072046753025,1.7406355039246943,310.21305044589457
2026-01-01 03:35:00,28.00827347591381,0.2732457949160543,70.0296428063798,36.499622792015195,67.36507901961737,1.324342562183281,294.54545376129994
2026-01-01 03:36:00,26.61434631101178,0.7656957621583462,66.8400218296146,38.112952631097684,58.72819601850329,0.9187767214601243,314.98560195743164
2026-01-01 03:37:00,29.01219432232823,0.3687027786362552,65.4839426750905,50.655309306991704,60.43996883485886,2.0403274668167644,298.52253157165904
2026-01-01 03:38:00,24.5364829622503,0.9026492909589201,65.5698787693107,42.41304453116683,63.58213740738541,1.060159884848037,296.561065756523
2026-01-01 03:39:00,22.91217216498789,0.6182641457704969,58.78323203165788,37.90946926677227,56.244355383832286,1.4202279946721446,372.39236210309605
2026-01-01 03:40:00,24.3284235493585,0.29679669411835563,63.99699753338817,54.16782707233809,62.85125436805935,1.2521917425251607,284.2439024521408
2026-01-01 03:41:00,25.727490373813666,0.39555230409149866,81.98736220520259,47.76633586887084,58.96200566195202,1.3809266057839116,349.1984067847364
2026-01-01 03:42:00,25.529720075361134,0.6562362410447483,68.34720591546002,42.70919301373693,55.71993679655786,1.146152216939464,343.4058920304259
2026-01-01 03:43:00,21.7468357832999,0.7105288835231123,75.63529334844878,38.1253509846029,56.75170517225734,1.785711695077385,315.1228051975395
2026-01-01 03:44:00,25.271469344883624,0.4858568816551075,50.16994785679333,57.28443938315963,45.89291518316088,1.5443294097227647,242.21604490651424
2026-01-01 03:45:00,25.684684990416716,0.5089316561926933,74.54649047172703,44.85328908752035,56.46059630223075,1.8934614380843566,300.93172471088883
2026-01-01 03:46:00,32.55242211260176,0.6516706065288131,68.7091783650471,53.383968374816966,47.281262397768515,1.256332715383311,284.55915727813357
2026-01-01 03:47:00,30.63053383384501,0.5263596854021639,66.14847981687593,50.36180126765664,46.873654241944465,2.353208707979684,300.6027207432142
2026-01-01 03:48:00,22.44026994832354,0.24129902813232484,71.44767965936906,41.87459063002059,55.96439344512613,0.7381404857984222,268.11099622836355
2026-01-01 03:49:00,24.137849915352472,0.33740519507196387,66.03339796950378,41.92235331006131,49.42960702399973,0.8659460368310823,322.6877384715016
2026-01-01 03:50:00,20.60967399448899,0.547023988630333,53.00900064089315,53.677889387603514,54.96443124348311,2.2012339390865714,329.54955081333196
2026-01-01 03:51:00,23.227878958109542,0.7430964832995387,77.3779835293755,53.77510399571987,55.69217259674932,1.6896166669785537,335.1007290620082
2026-01-01 03:52:00,25.946815010771022,0.8231964848324096,71.94414049078554,33.73850414327559,55.915248004085676,1.63655443322243,288.53463850846396
2026-01-01 03:53:00,28.6175608626647,0.6559058841542901,67.48846036201718,48.298681565893155,50.47939296478949,1.6725101229272044,268.2172469385968
2026-01-01 03:54:00,22.812748486769173,0.5574581522072728,62.2705170234205,44.27271117165828,59.493411912405996,1.7284829080601796,310.55044249412356
2026-01-01 03:55:00,23.03756067979661,0.6497627771964954,58.24113987114292,38.800061022368965,54.5538238176696,1.6199070881735802,352.6822296644622
2026-01-01 03:56:00,18.558132910784035,0.3666498299586288,71.79114165654445,46.570476568303185,57.20537840085581,1.1136382033499577,302.081689038406
2026-01-01 03:57:00,24.512002238365277,0.4693538079483572,82.90752768180288,36.902419254081636,49.017801930265016,1.8272763620291166,313.568912583363
2026-01-01 03:58:00,21.81275676442131,0.3351738557321047,71.62533181392831,42.2012678721234,54.10836221602006,1.7642712846152928,292.95229662354006
2026-01-01 03:59:00,23.41168171790178,0.2502514778584577,58.93790715125739,40.20915760338019,60.4864724163506,2.071372458695932,284.8958938231271
2026-01-01 04:00:00,22.369417665497235,0.566709802327241,71.80093381630722,42.00125241506401,59.85088815904351,2.205696430760466,319.74827815813495
2026-01-01 04:01:00,24.71721233724233,0.5371026613169487,69.57325630202618,44.571129038028054,51.01353658537803,1.6321904318573048,296.81799697983405
2026-01-01 04:02:00,19.726814825930106,0.6375304969018025,76.91234900859385,38.906600028567084,52.27220904712577,1.0089803929471266,312.1056873458799
2026-01-01 04:03:00,20.59886426382703,0.6092223661784895,74.85386541929381,54.43907417323979,50.05656634968091,2.2090091724808545,315.2252057183108
2026-01-01 04:04:00,31.387741336084893,0.5485288542647724,46.113419727120615,47.959699400364755,51.71793540869559,1.0927400259988236,310.42550517416726
2026-01-01 04:05:00,21.137732256177905,0.6113233331355109,74.36193763542765,55.76737817029233,48.00466229646736,1.6351856774689524,316.7356595816322
2026-01-01 04:06:00,21.70964326463608,0.4914633807545047,61.97216472396733,44.039520185531885,54.30912063795763,1.397306429431658,274.40982801719724
2026-01-01 04:07:00,30.51074058496394,0.5825782790444801,58.62617006841041,41.70726022621734,58.16569199091422,1.3277498599260829,272.57911930959506
2026-01-01 04:08:00,33.71520150772122,0.3547711194627281,68.49221271701148,55.55049368695817,51.07473568099461,1.805720048612607,298.7213518017823
2026-01-01 04:09:00,21.485300113523977,0.573941185127826,73.2877688722401,41.53164156075609,54.54696858669411,1.5977838397071862,299.44316039216255
2026-01-01 04:10:00,23.895253129635908,0.6336835370572019,56.87412311770541,43.93024786806525,53.89750796184322,1.7052965965072524,284.33031519841114
2026-01-01 04:11:00,26.02466665282153,0.3660637143855594,75.63661133646042,49.32028446298389,60.275593657991095,1.1737254839346518,307.23000889244025
2026-01-01 04:12:00,30.186092933216777,0.5103664197985693,76.1067107802528,37.57364515021633,51.94204081597789,1.4303700138501358,327.24652292502117
2026-01-01 04:13:00,22.03942876471529,0.3752794980741281,70.37580957039599,49.2677681087619,52.12391946174574,1.1921860080637199,335.62535622460456
2026-01-01 04:14:00,24.26416646217367,0.394698660696777,63.05901095818361,48.500082396987615,50.769894358538195,1.420371364809014,342.3678561794147
2026-01-01 04:15:00,27.332012728185234,0.27501412897956906,62.16497596648566,52.615951908227,49.312452399607565,1.4524951100530363,260.55595010828443
2026-01-01 04:16:00,26.304298223399854,0.7531549850333111,78.20745705264181,50.34026701806084,57.64592495723485,2.2377216692819184,265.11004278874725
2026-01-01 04:17:00,23.871531786309703,0.7131370349440096,57.91021850803276,52.79987011726543,54.32444601834761,1.3962445942125037,291.31063819675063
2026-01-01 04:18:00,24.598531106451876,0.6074867708454674,78.51576368655343,44.33746859694954,55.27404929911651,0.6497606701877415,302.4085962302213
2026-01-01 04:19:00,20.875312574890053,0.8944391903887627,68.67840672695651,39.82397808775764,61.37320578097698,2.0580366149283145,292.84745988429034
2026-01-01 04:20:00,24.285478768076004,0.46215086068632166,69.23332400285715,57.659912484500175,61.66040362963936,1.6797037496104095,283.4208200945235
2026-01-01 04:21:00,24.200837529973136,1.106352483022127,56.3352983566934,35.8398263068682,46.768828460825986,1.4475958261786444,290.8674527940788
2026-01-01 04:22:00,25.696509668878768,0.4544941169273559,68.8262669589713,36.44092152675715,58.23917336547784,1.325113853255562,314.4994146729751
2026-01-01 04:23:00,23.33401834354295,0.5510386703512032,74.90868412809101,48.39076824305299,56.128234628555944,1.1212297375772458,260.11132659623905
2026-01-01 04:24:00,26.414615567635416,0.42044441721195835,59.308719297184155,54.749916289064096,52.69204500427032,2.275219238834597,370.3007151776131
2026-01-01 04:25:00,28.038147453459487,0.574465112012061,73.98908693801476,46.13730507548499,56.63841843513971,1.5207379554640146,300.62980630152896
2026-01-01 04:26:00,25.466287983005397,0.6671229855772489,70.71209802943218,50.99582219821323,46.36808382389607,0.80489954260741,331.52542182686176
2026-01-01 04:27:00,26.05526922519761,0.4772167213893832,64.84995508934155,33.02518363516825,62.313211713882,1.6310960133140968,282.5998531510648
2026-01-01 04:28:00,25.1594660427336,0.8553439694235241,76.83738469193044,42.00273022691318,57.574720485359535,1.9824686808139362,317.23048777574303
2026-01-01 04:29:00,25.000253179274242,0.5478298569266922,52.381945848171554,33.75631315714045,50.674011275836705,1.562573867341399,303.0027321848573
2026-01-01 04:30:00,22.83532589937146,0.5540970772220398,72.77344598994968,49.68246574937196,52.07294889090238,1.1393626111218746,325.7042518166488
2026-01-01 04:31:00,25.949482785019924,0.3182004610972565,82.95548126458634,35.71661204046591,46.4842676222628,1.1035702855901373,294.04059246528743
2026-01-01 04:32:00,24.70814020475953,0.5836998149100769,81.51954511280529,37.33308692380412,53.43021375081873,1.133072428912306,346.5469070126903
2026-01-01 04:33:00,31.279504926791784,0.47319455583812686,73.11845376430819,48.084151229768416,52.586340113797085,2.1086631988187805,255.23832457538867
2026-01-01 04:34:00,29.720064707425728,0.37835205413254264,67.58655379095323,51.37094611210638,48.374448064381205,1.47133437790527,328.4812149059407
2026-01-01 04:35:00,26.157539657669503,0.34470511837032725,64.91357954761895,44.0461913506247,58.88351116854889,0.8285102341285479,303.56159266599144
2026-01-01 04:36:00,22.7108283709157,1.034352675951337,67.57659364875487,48.42103502465106,61.38398594847238,1.6536535703377857,269.45019904881167
2026-01-01 04:37:00,21.662765584049748,0.4473045499641929,74.35045798334325,48.22672900123855,54.86319754977761,1.556414714229421,358.5619761014133
2026-01-01 04:38:00,28.573428859266595,0.2086029158437464,63.54204955632467,43.707438843345166,53.47176558576816,1.3204418132466675,355.46093179702734
2026-01-01 04:39:00,25.788247675441415,0.3603557080534855,76.05939054440304,38.43176710268251,57.17492301065897,1.0918372975644757,237.78387765529635
2026-01-01 04:40:00,26.44043021017483,0.48968643210475726,87.06528414402659,48.38934844130785,54.901805187524786,1.0744420400908499,305.3035316203747
2026-01-01 04:41:00,19.766242039077422,0.609333406523297,69.50493411898084,48.6785741446505,49.58910391884407,1.9346535261865352,321.1698766419221
2026-01-01 04:42:00,27.78231544467454,0.6109593043450627,59.24484157373356,50.36414641854155,51.736610067063694,1.599005142322039,313.25114424953443
2026-01-01 04:43:00,26.36326101464309,0.6353229103553051,59.2420420294687,46.872398544473384,53.51781996625984,1.6914574658647137,345.465888248353
2026-01-01 04:44:00,21.668707946756566,0.37102793867253403,76.2125244136926,37.98900051912404,56.24093297238348,1.597903523832048,339.2289812254384
2026-01-01 04:45:00,23.585425577650152,0.5680880887003091,69.52203056831645,49.14204096821508,55.04668358938234,1.6310754819647286,307.95562068951546
2026-01-01 04:46:00,25.79115161306956,0.3247881071778843,77.01464716851243,44.99171351862995,56.051846899935576,1.3126421346287036,368.3131083723491
2026-01-01 04:47:00,25.15740039506873,0.3760714033971977,65.7309260067252,42.10357533405994,47.37586008358039,1.4176682582076894,328.1053956812273
2026-01-01 04:48:00,24.123486442589336,0.3164582050999481,76.64498838031865,43.23218497683773,58.32608872042464,1.9659647221700172,289.45756514466234
2026-01-01 04:49:00,24.68953519580212,0.2623222290803461,68.7336066124022,40.85845692965772,55.01707942004256,2.065836067127645,283.42957215514946
2026-01-01 04:50:00,24.244067865379343,0.7128418977716018,64.13996755740841,50.33306267312658,67.76354527075077,1.0111632048961,337.30024508920826
2026-01-01 04:51:00,25.457687536307407,0.6377223401957776,66.79201216958093,36.49131159851988,53.061828149117936,1.4166964667568869,276.2113732040867
2026-01-01 04:52:00,29.41447591897947,0.695333073995626,60.42356515661411,39.03908439116149,56.61729247554686,1.835714143597466,287.7078516162457
2026-01-01 04:53:00,17.300024677206107,0.5078626132048593,85.91487646865289,43.027362691969834,69.14609581104251,2.252831892886292,292.81284325635454
2026-01-01 04:54:00,24.289449206470948,0.6553615397730294,69.2289454915321,54.682505089434,55.97045814751589,2.2127838325323,310.66960179828453
2026-01-01 04:55:00,25.52953726411734,0.14774211907149098,75.15611270945757,51.325683294557095,54.661847303619915,1.1816968740214002,294.19624911115255
2026-01-01 04:56:00,25.887981969061297,0.672617503609071,65.7050469370336,35.15495518051665,50.065390526246745,2.0100184472823304,260.4908731055958
2026-01-01 04:57:00,23.88425625603613,0.5354239660010061,61.58457742416142,53.10808253251491,62.64133183604493,1.5234545208428065,334.8623921397229
2026-01-01 04:58:00,19.72983465256425,0.6254219200298331,68.12895591265652,53.0965213019021,49.20449206911715,1.9177666555502952,287.86804053644653
2026-01-01 04:59:00,25.98398645114233,0.5760046598097226,78.80954026703358,37.95595004386414,57.13560458424061,1.8153114723285146,360.59805806398475
2026-01-01 05:00:00,30.182050642492555,0.3025889690926227,65.83414566881373,29.87125037642133,52.63222339345809,0.9944143829740947,309.1197002177952
2026-01-01 05:01:00,20.398415785251586,0.2003920449217907,63.03574421816468,44.56667026591654,54.053318687109886,1.7199895826508702,338.01622453206477
2026-01-01 05:02:00,27.591484041094564,0.35758916676340735,71.24371395495315,51.734546455798935,47.88033865694971,1.9022786364677156,318.9258454254238
2026-01-01 05:03:00,24.014424330631318,0.6129834562545824,73.99218080574195,54.54757181880122,61.71563610866947,1.4919378979888671,339.4516881436988
2026-01-01 05:04:00,24.816026962513458,0.6380182830350791,83.14278535082546,39.775036413832495,53.611013470408615,1.4014734290773516,317.11016988793295
2026-01-01 05:05:00,21.841304467888154,0.22641154452362744,72.83000382697996,55.51187462797779,48.92455170553483,0.8713344352907646,307.0550650197542
2026-01-01 05:06:00,23.99663148293237,0.3037801265063571,75.15194142824988,31.632405625099793,61.26345298520046,1.7734470066203736,332.7970227556955
2026-01-01 05:07:00,28.900133784096877,0.3553528628118321,75.75420189536257,42.791696317024275,52.479315934813485,1.5834993471255645,374.57916343776157
2026-01-01 05:08:00,26.74796572596312,0.42853898794663686,60.77587694453896,42.496735984705516,56.673036458653606,1.1311264341159657,291.90609184185377
2026-01-01 05:09:00,30.196934816229835,0.22758983382946957,62.293343436243646,51.914022149545815,59.20708191067183,1.3696640012494399,323.8478096317504
2026-01-01 05:10:00,28.532235666933083,0.21558964677197345,61.328829683154794,52.78981479563868,57.3701716528716,1.561801299651109,299.84265232469556
2026-01-01 05:11:00,26.317260036788728,0.3356329407184892,59.34283395446683,50.72534193260037,44.01682224750482,1.2765456843789318,315.18177061479105
2026-01-01 05:12:00,30.231803578503374,0.5172507672450012,76.36367899896322,36.89669970752463,58.476783504888935,1.5010708510039565,301.264756727296
2026-01-01 05:13:00,26.316979476214897,0.26388113204930186,72.32040073331004,50.17571419079353,54.49693118667436,0.8000269411186203,235.2677134286879
2026-01-01 05:14:00,27.483964530391177,0.4768392980056468,70.6359685047316,48.05425181156095,53.354856515983336,2.0397686787407823,293.9943984678547
2026-01-01 05:15:00,24.110287139395876,0.7117105632283631,49.25826787678185,34.972593688322455,54.45462525512389,1.5063637139865138,329.986652184256
2026-01-01 05:16:00,25.199637447577615,0.23964405251729798,86.44381486894895,32.59791702718988,46.94983603029459,1.0602585974038758,277.0438013019429
2026-01-01 05:17:00,22.90772853009917,0.4587108483178921,62.845823966771555,51.22793574012466,55.960854573309014,0.5161164606449269,327.6283932921463
2026-01-01 05:18:00,27.96875180378456,0.7049513467501545,86.41450204751166,43.91940419412453,48.17804313145345,1.9116539764133569,305.50827493171033
2026-01-01 05:19:00,21.465089130655404,0.41634632192723814,58.40606815478947,37.28890744527075,53.57080145221684,1.7232366210894567,294.2552840743737
2026-01-01 05:20:00,27.347051027252984,0.38526606182831624,63.5007907315477,43.75096842774739,55.78132215769105,1.5842742853876204,327.17446155850104
2026-01-01 05:21:00,24.428046827484522,0.7326991628612948,52.37720493992296,47.184246486679214,60.37018543993807,1.8454592005058417,320.43094630692786
2026-01-01 05:22:00,28.51374128040196,0.43875958420569044,72.89699980754158,44.50289323999472,50.901934200701426,1.8443593585186846,312.61641213594106
2026-01-01 05:23:00,27.25260696619378,0.7208990050411136,61.18994543351014,35.688083081243484,62.25793685922994,1.577775228021413,330.47700608341245
2026-01-01 05:24:00,30.461938472940403,0.5857930782254398,61.41599876721317,56.31334142138466,59.734266267575734,1.3983143130968732,306.0929495876574
2026-01-01 05:25:00,27.192324073415936,0.43143106941803266,59.01988626260482,51.025307813927355,52.85295128754732,1.3331433605538967,250.66001901032928
2026-01-01 05:26:00,20.283879233040278,0.595938106119506,76.2188405019029,42.9877352899592,49.456253667986985,1.66837680956208,288.65637380603044
2026-01-01 05:27:00,24.799140481305397,0.5640899027692076,75.69170921254037,43.22943206458628,47.780919088847895,2.05881254995174,245.86792731660404
2026-01-01 05:28:00,21.483978422215554,0.7041765642004948,84.49627112863028,47.15692436827906,56.3587692576657,1.4588387314736118,319.720944786259
2026-01-01 05:29:00,23.445160472901176,0.3903308924269963,64.51434703141621,38.22227162555801,51.31357925229593,2.090590962366689,326.885995178789
2026-01-01 05:30:00,29.533685299830164,0.5082412133563239,71.7505549683744,46.93605861922181,60.99678402640858,1.6492609893809649,328.2510672639913
2026-01-01 05:31:00,26.912601432693087,0.48769686407907253,59.685318420784384,37.0156053788354,51.60238085085865,1.6522763874066646,314.6728409768941
2026-01-01 05:32:00,22.903208714263762,0.640829628327957,67.31968781811746,44.57679469892901,50.496645099740135,2.462043786929589,329.03775388167895
2026-01-01 05:33:00,21.958847900678805,0.29496416111116486,65.84923749375058,37.98857100085885,56.16813175622157,2.161071286487373,252.70189985197618
2026-01-01 05:34:00,25.09834627862878,0.7033954096475712,73.71559965996337,38.291496106039716,51.56976571420289,2.171443697755286,296.77299234617135
2026-01-01 05:35:00,21.350319551856618,0.5932657544340834,78.13617445134552,54.874335681709255,55.04274996684401,1.1809545366532568,257.55252033575357
2026-01-01 05:36:00,22.986579167810255,0.23661498527341074,77.928533526652,45.355355365707325,59.92994665029261,2.376873000862516,289.2501116158233
2026-01-01 05:37:00,25.93602841465373,0.7416525650961001,63.257501822259115,46.244438912407006,55.58614665834362,1.4671132823520172,348.48755207798274
2026-01-01 05:38:00,28.46593610832009,0.9468186161595462,77.987743236984,32.93172083351206,55.60482230351362,1.4090035280985975,332.7971154706408
2026-01-01 05:39:00,26.826284416673317,0.7003667939098815,69.64731890313762,41.41798944887371,56.02573354454209,0.6363006346347043,319.86856219423265
2026-01-01 05:40:00,18.1261314742057,0.7853969534452938,67.40322483282388,47.76727271222608,46.53450504857304,1.6305163298215293,294.5513931419807
2026-01-01 05:41:00,25.91310018709078,0.5170742763205176,64.33190810544865,46.16481759568503,56.95918874965245,1.0666584167589441,270.1921564666325
2026-01-01 05:42:00,25.216100719697735,0.16769901605229798,65.52051364510758,32.07582107187777,55.79965788362948,1.6633015314187964,305.61083051353285
2026-01-01 05:43:00,26.24167085611808,0.131175909766495,83.93851076956986,46.242827499942486,59.46448663491711,1.0353739467049232,333.32027495466923
2026-01-01 05:44:00,29.848629044953622,0.5510164087735517,72.45928613195218,47.199352821298135,58.029054005685595,2.2190799351179216,312.296144677777
2026-01-01 05:45:00,18.81028516958577,0.381604238454004,71.39689478000965,52.702571989192194,53.99025684197243,1.7206295851506916,252.42927632446313
2026-01-01 05:46:00,23.226689724426684,0.3170847443345297,67.90202513170442,41.068613286369946,60.16196445755345,2.4119486302998308,303.13832691347505
2026-01-01 05:47:00,26.772718968380065,0.48745066320626496,89.56782889150423,31.547587679185973,53.536846511936396,1.090790387402995,242.60015423800957
2026-01-01 05:48:00,20.255216801638174,0.6231170575722577,80.44008391077139,39.019375489169065,56.235785520388525,2.11967169788319,324.1255149931802
2026-01-01 05:49:00,29.427847144160527,0.20944849064757054,64.23150308160966,38.41760976678866,53.44425284760322,0.7789150331868693,279.20976755799853
2026-01-01 05:50:00,26.105069838101976,0.41022447594392303,67.811079562363,49.42025326667984,57.30878902461606,1.5832301905897177,263.306358004412
2026-01-01 05:51:00,27.53975195753021,0.8019741366240631,68.28604365303272,28.699580469628092,53.11755108681119,1.2473507520232197,324.5379198819661
2026-01-01 05:52:00,23.287169015434618,0.28494232395572505,71.1669758262608,42.30986123956427,63.23775804470784,1.320817385899857,316.7813351155196
2026-01-01 05:53:00,27.441291069898632,0.6739522374329913,64.39019205894851,53.55477284146353,65.0868136861282,1.2934014328364685,306.9719688724263
2026-01-01 05:54:00,28.205414667967116,0.4030538476902012,73.51053218689357,45.043274777001805,59.369691270930026,1.1341135258594683,365.75123841453154
2026-01-01 05:55:00,25.698634060411504,0.6091587519699906,81.61670505631452,50.377900897058545,62.70648324707014,0.996124677339723,319.04999508767867
2026-01-01 05:56:00,25.703202678096087,0.7194655014405734,59.49097512796669,35.14920999869347,47.303927595704764,1.3230292772274121,280.651292102179
2026-01-01 05:57:00,25.811029717845177,0.6482563533970043,60.97482610326347,35.38806292076207,47.893111283625025,1.5464113589147483,315.57611602454824
2026-01-01 05:58:00,22.409964205781854,0.6818319204427753,66.13473155762155,53.623454747071406,53.392197166843935,1.9654777426504073,291.4176796981067
2026-01-01 05:59:00,24.557413959278943,0.26968129331840873,66.50563551913736,45.60729219454352,55.20615482629439,1.6181401586484216,338.0027646569101
2026-01-01 06:00:00,24.542432402642923,0.7227319413482598,85.98772699796744,45.619646173254864,54.00896290950167,1.9666160805177544,308.4293162049128
2026-01-01 06:01:00,26.150181593060484,0.329461377073036,78.0136737601187,38.29108303135802,46.789323751835234,0.9087292512171599,311.39769860401344
2026-01-01 06:02:00,27.999472740730884,0.5519083531143076,77.55457881694612,45.60469037370139,60.757958531618236,1.3268122377165033,256.7289476941412
2026-01-01 06:03:00,21.82439175406477,0.5516492373994454,67.88507445189279,38.12437458995942,65.77099116678468,1.78440196765457,301.8405485850886
2026-01-01 06:04:00,24.62497290904127,0.5970245117739161,67.70949274570549,52.1212226934339,61.40493839586311,1.6372763023165433,298.31202437204223
2026-01-01 06:05:00,29.44436664297692,0.5673913352120381,58.38635668987681,61.366984259209026,60.42761634393236,1.1555299541363289,269.2735963436835
2026-01-01 06:06:00,22.76923531356231,0.33123800429505534,76.25392182438254,47.90364632199198,56.13059802572801,1.873627556866361,293.35495540833466
2026-01-01 06:07:00,22.53324994812904,0.23002651754085673,73.92843683847029,41.190321687230735,50.785013146364314,1.2874907272190075,313.07257330752236
2026-01-01 06:08:00,25.60691857549358,0.6744697359923537,80.28797891742627,29.79805001703205,55.36264026317984,1.1890545754425117,299.86951201967963
2026-01-01 06:09:00,27.53315557145596,0.5371669155037831,68.31336229315066,34.89321531274595,65.52794018420752,1.6947791041987232,257.637009252479
2026-01-01 06:10:00,25.03427816668198,0.7298753681915635,68.86576683039682,54.329170986162815,53.24005943746472,1.5024677461336944,291.8034950040917
2026-01-01 06:11:00,28.98688177131097,0.4910534131624264,71.36036422848508,38.82484894037356,52.725213760880294,1.290835065988556,285.9592563288038
2026-01-01 06:12:00,27.57038194769958,0.21896712786460792,77.13518060405676,42.774990709880925,60.53651829551957,1.277252589901158,305.80540569093546
2026-01-01 06:13:00,27.525460200670185,0.6932259362008213,58.23827502322017,48.931955847475066,60.86843025372798,1.0720812800773207,302.56597685683266
2026-01-01 06:14:00,26.66234950397228,0.4259258780677786,75.888449069907,53.89373879617075,50.76049097112598,1.3417007015764542,287.6516081366446
2026-01-01 06:15:00,31.982959301038257,0.5684006914842042,69.83603550261735,43.802478473016976,53.69257693381289,1.9400037741949743,286.4800966972995
2026-01-01 06:16:00,24.384514933401867,0.37050811430409614,61.53090185637043,42.57199878200379,52.49047252049283,1.5978201851952658,302.016677639535
2026-01-01 06:17:00,18.98943312380046,0.8288603420467382,53.323153978767465,45.429726171064104,55.34844689530545,1.883437632310938,328.88930264959686
2026-01-01 06:18:00,29.812763084551424,0.3246870351633606,68.90821030497317,41.234173100164696,60.51843335475746,1.7064274150698806,308.3592156812456
2026-01-01 06:19:00,23.626901707129523,0.43251404917876507,81.58170386619256,41.55708478024227,50.97986239435954,1.2551015172112723,342.69207975872143
2026-01-01 06:20:00,25.323641333029098,0.5214897405394633,83.39747733393116,47.47128070520324,60.448324061184685,0.8403434900863027,333.9957293652567
2026-01-01 06:21:00,28.92865205458158,0.28156353458260835,72.84300968536077,46.111749107006915,55.50825624460654,1.129258254118482,344.90047488627454
2026-01-01 06:22:00,20.193221376823224,0.566103905717519,85.69604531073799,57.7896318393515,66.6309606815714,1.231505675560992,341.0588295540917
2026-01-01 06:23:00,21.245058357681582,0.822382095493498,69.65647133634604,47.633092899812574,56.59415442185437,1.2005668518833361,346.88848550222167
2026-01-01 06:24:00,20.19616618864344,0.4019075678612579,77.62642841314225,51.90687328856297,54.51540715185367,1.8924079707438881,265.40571568586296
2026-01-01 06:25:00,22.617591129923728,0.579028563806345,66.39015288874859,38.57228893966121,57.87357363557996,1.888235386739881,319.42278833731405
2026-01-01 06:26:00,26.31890981805098,0.0,65.8832092857268,48.150943740181624,53.31426881056395,2.384751856110658,336.5496165859169
2026-01-01 06:27:00,26.572563528438312,0.49221415990303186,64.57992706495492,40.66211192039364,46.023634383240875,1.194511531523046,341.97081965569856
2026-01-01 06:28:00,25.828822537985662,0.4373915428147589,53.5157684230055,47.37271957977935,53.79739412864451,2.138979322425766,276.8784356095814
2026-01-01 06:29:00,20.7617023483229,0.33630047951792297,80.29673807957529,49.13108758868905,53.718531954653876,2.1365068822656523,319.7214157479431
2026-01-01 06:30:00,18.069689690102066,0.7162900939257064,64.86694048689587,45.299213064008846,47.03841269725094,1.4070944967844543,302.25609194851256
2026-01-01 06:31:00,25.16306075617115,0.43475126367523437,63.58848976195843,59.44395432884876,54.634824051027536,1.689422158776094,355.41180699022834
2026-01-01 06:32:00,23.58467189908499,0.4645045025812825,60.560226547098594,53.567878614650716,44.66444887695302,1.9962932996564842,258.38125126816647
2026-01-01 06:33:00,26.378157315149835,0.42456142504218575,68.36512450770974,52.06347199697458,53.2615658242226,1.4764301509350957,276.921312557314
2026-01-01 06:34:00,27.10586087866381,0.11663682564698469,84.10793848447794,49.585717154220085,56.21797996022336,1.4454432891141429,245.68098525112964
2026-01-01 06:35:00,25.414724296176047,0.2736027119846078,86.75023080658174,55.58016490638026,55.484980885691165,1.2490650315530192,304.33848861099244
2026-01-01 06:36:00,27.280399256127563,0.6922186972240433,56.71306499358333,36.3781842151847,52.94465263556591,0.555984592534788,367.91520807808956
2026-01-01 06:37:00,25.687634122345205,0.0780098706240056,67.16441603218973,53.22169870794346,54.572347990259644,1.5281886465953916,298.66975144400124
2026-01-01 06:38:00,26.5901941168044,0.3467369300768589,61.72513783925041,39.05253412800286,51.079677812610846,1.2160522690186295,303.0309996757276
2026-01-01 06:39:00,22.885980211390354,0.42005598874204725,77.90670192969216,41.61396528559962,55.054082597112675,1.069860550553269,316.50716311869616
2026-01-01 06:40:00,24.461165758505626,0.8487243734583131,72.29274837835142,48.36835466437001,55.290432032958854,1.6688766600577258,296.51128544978127
2026-01-01 06:41:00,25.59032828997087,0.6537207530992738,64.90744538096132,52.39932099306434,50.49875011049245,0.9194751036715607,310.9807805743224
2026-01-01 06:42:00,27.461585426252256,0.38856589458938007,70.58058464472815,38.078540209908226,56.33849600254549,1.822431956512247,311.7663500798344
2026-01-01 06:43:00,23.818776483326282,0.7609027394231103,66.18065102873834,41.924730733933615,56.30726327540227,1.6934397261042085,274.6333004371942
2026-01-01 06:44:00,26.56350176719634,0.35189683589977605,82.91396875499917,45.58519243500786,54.16895043209465,1.3399227153210993,297.17859865350994
2026-01-01 06:45:00,24.202483624253862,0.7018199607468011,74.3756761201283,43.88180397182572,67.1052351814341,1.4746758988622164,322.2579877947074
2026-01-01 06:46:00,24.647373498015607,0.2282245508153969,75.35858736733151,50.124192367411126,54.296488066578455,1.023911562338303,327.8572834968929
2026-01-01 06:47:00,27.48855712607222,0.7146515663578314,48.66466017573682,65.61556569590712,53.60382877313491,1.8001354413461503,338.95504968582827
2026-01-01 06:48:00,19.02081888683753,0.41877327090580285,69.46569056936951,47.515924251155276,52.88803445396134,1.5749456964205062,310.0630820034838
2026-01-01 06:49:00,21.110583015775717,0.29429915181174604,86.66568767247227,40.5888213710261,50.145303884618,1.6047399818358177,310.6735713373332
2026-01-01 06:50:00,20.55344380767154,0.4565712773847372,80.60903256029347,37.22095001616603,58.42948679921702,1.700756151869252,322.50554595643877
2026-01-01 06:51:00,17.999151640455086,0.555468835944043,55.22328331263758,43.04847651848637,51.568765159902746,1.2430338344433105,282.15689359286074
2026-01-01 06:52:00,22.965206679534468,0.40105031389485757,67.49259333853125,39.35850068382726,52.160259265011234,0.8923766900316263,280.92662844032515
2026-01-01 06:53:00,27.248301699183223,0.6107907011990648,60.38784427265023,47.80529875185254,52.30879220230701,1.8829273499650523,296.25606427036803
2026-01-01 06:54:00,24.145347800852274,0.3834012232671865,83.68881248290296,47.71212981470536,50.075282420757446,1.7754873654449632,261.7494690133769
2026-01-01 06:55:00,25.593370245825557,0.6240744787862715,71.95422625820727,42.22099077285026,46.24458333727638,1.2858564786916262,312.20702315099726
2026-01-01 06:56:00,28.267652490132377,0.5884444124073199,63.85763552214851,56.909730082702694,52.685300664204036,1.663644079652016,331.47246108504794
2026-01-01 06:57:00,28.983058396803074,0.487815389058413,70.27326354832631,40.587316084560634,59.366676563561455,2.00318937548718,278.6986906548494
2026-01-01 06:58:00,24.79258619582158,0.41172353752681,49.14107576745213,44.283413592610955,55.98489902732622,1.9554803212335758,313.05447569655814
2026-01-01 06:59:00,29.06075766870819,0.5303081591530532,61.320309572347384,48.83497599533891,62.80287635094063,1.2741764654272016,281.1260684717402
2026-01-01 07:00:00,25.276379975302326,0.6100507486067399,70.29154980661048,50.352329362618974,58.75478152494592,0.9044955818262995,269.5027349401522
2026-01-01 07:01:00,22.487805328517613,0.9123598305463216,76.76540294762658,52.6654591292592,57.61982405137022,0.9731139441612986,361.66683131279
2026-01-01 07:02:00,23.216798943403795,0.6878840843596362,54.46948703522128,47.57097887395943,64.41324511326357,1.3753095948179554,269.93300591948275
2026-01-01 07:03:00,20.55839046230495,0.6951979899631683,66.95075753838057,51.30547620472798,54.514272024983946,2.0849268533148635,261.6204204573646
2026-01-01 07:04:00,22.335598438799042,1.117702438972057,78.07748590815058,41.00935096783236,55.31537836752476,1.2086218351434528,306.44146191165936
2026-01-01 07:05:00,23.925949935776714,0.6031916953535689,58.38837340501382,50.508491762102295,54.94267789169931,1.261468858796258,308.05564435382297
2026-01-01 07:06:00,27.410755058135805,0.5969287022623404,71.83346267827338,50.428374900938394,62.71893365591775,1.2532355607526726,320.0169642356982
2026-01-01 07:07:00,30.16230949349795,0.6408030148643309,70.52779602484803,54.077320048521216,55.01257658229545,1.287307681484533,360.03684160529724
2026-01-01 07:08:00,20.85345545386888,0.2982068044823494,83.71504256285282,34.98938404662874,51.75861312961448,1.4955092623653492,276.6861055441611
2026-01-01 07:09:00,26.178482404779757,0.41121967271624876,68.1589104551069,39.5569013063936,57.93837768981426,0.9879799301792977,282.646894860783
2026-01-01 07:10:00,21.878368182527396,0.3987661466615332,68.62719521299944,49.93884581620381,50.91870094471486,1.9337439825307805,348.2641649192057
2026-01-01 07:11:00,26.424091265389606,0.6295227954439123,76.83967802531751,29.09181312071162,57.66735756306963,1.4420715687961412,328.17371296517354
2026-01-01 07:12:00,24.60674004793682,0.46516508755576025,59.38921065560524,47.9520370427301,57.069204670709176,2.491653829890134,324.002440132852
2026-01-01 07:13:00,19.50728252245741,0.5276446850948605,68.23293434759313,51.3588265495882,54.05298666096752,1.030571600579994,282.3039391347804
2026-01-01 07:14:00,27.784890974705455,0.717490924029693,66.35419991327592,41.54174851469736,57.82905786043413,2.1359464687299634,333.7766466123676
2026-01-01 07:15:00,23.184997861573805,0.6726301477408277,68.8887054983592,42.418859999328525,47.56105034845824,2.0565381591945946,324.09548460543107
2026-01-01 07:16:00,23.398299284879336,0.4676557993917506,76.7872515917027,38.55517591656058,55.81481060662493,1.3353263964617403,305.68611804358096
2026-01-01 07:17:00,21.79074276613093,0.3660009806243555,74.43329188065738,41.87071728161158,52.68617307666634,1.3419757545952529,282.4521656929952
2026-01-01 07:18:00,23.037150169937334,0.7270549463306377,64.01054153177058,42.04458898822946,69.3113178864226,1.1314808735480413,303.20086663165335
2026-01-01 07:19:00,26.28367132208475,0.6547782361819732,71.0935936266177,40.90295235320687,55.77912534820104,1.1360714299041779,349.45460665449815
2026-01-01 07:20:00,24.432266977190782,0.17874863634092353,81.92353291280419,40.57393093329302,52.01803975108282,1.4997576200900566,267.1809674218896
2026-01-01 07:21:00,25.985986006847444,0.43736921221834385,63.34907440962156,43.37397129066964,48.10849131973459,1.5082783936985444,276.0060279580959
2026-01-01 07:22:00,26.08576556178653,0.5331030924033525,71.1613342431761,43.30137410606327,61.52703098397133,0.8590578932235341,281.16592694788005
2026-01-01 07:23:00,28.961984966584502,0.6557659434242062,68.45471458449097,56.24479139916634,53.24983640238111,2.4174021293303456,287.6753653197077
2026-01-01 07:24:00,23.97164154740686,0.6820202989879542,69.49595987330578,42.63488914129794,51.0432396646229,1.396193257134775,299.5278994043692
2026-01-01 07:25:00,20.569426549462804,0.5567812002350947,56.954739022004794,47.06490129715115,56.6814960700453,1.5262449108868754,328.7571308460572
2026-01-01 07:26:00,28.20166724971595,0.6170495062717712,81.28610283449764,41.53870220114219,58.248594157028265,1.2495050266346233,313.8424234325239
2026-01-01 07:27:00,24.005535483708236,0.5128273604756307,63.805184792894536,41.46242534495126,58.16976466604765,1.3931961843632663,301.82523151510287
2026-01-01 07:28:00,28.34377733373213,0.3652296623638879,78.20857576122826,34.77377677360427,55.09875211529681,1.3568487555023165,308.30980425241034
2026-01-01 07:29:00,26.15013133954741,0.4477471217917492,65.02898713561991,35.57180251313344,55.7959506844336,1.4988278296698958,318.7197288108954
2026-01-01 07:30:00,24.606587409389967,0.5037982373280216,64.99596278483392,37.758010322082,56.16018537840351,1.4941640358287542,249.54882161311215
2026-01-01 07:31:00,26.046327682138884,0.493064149996282,79.70498600372373,46.10218100856042,56.68198132814437,1.821946539416428,332.14752575263805
2026-01-01 07:32:00,30.853037680378897,0.12288541911130585,77.9510768278234,51.45704193170751,57.124425979507414,1.5908879748395104,275.2076117134079
2026-01-01 07:33:00,31.23094158716126,0.42050333301411374,71.66932719171186,34.28001283862689,60.47226375652773,1.7817132081598013,286.69468886467536
2026-01-01 07:34:00,25.208143405398335,0.5112411306178304,76.08920439845056,41.7055391919071,55.28207431012925,1.4960756712778263,310.2130596511076
2026-01-01 07:35:00,25.480571779951227,0.4437260016188598,67.6915777579488,36.79865574389791,50.91598367084819,1.5925010220423563,297.7378251598825
2026-01-01 07:36:00,28.228720472399157,0.45063524089768286,69.93305897824888,43.4143374351987,54.27854148447983,1.4034777269266914,314.6079132328002
2026-01-01 07:37:00,22.46301690169796,0.5975982741609175,64.70700486028944,51.4546169622429,58.76890409367498,1.9012446937350596,304.25483755369214
2026-01-01 07:38:00,25.999211117854767,0.2842085625902732,77.23251959440208,42.318705590352145,46.06736020807577,1.6290489718063699,291.32003138815134
2026-01-01 07:39:00,24.92241145613843,0.17439155720975774,64.45269335066118,44.714898166801824,46.09623902314019,1.4367700581948397,345.86274508128844
2026-01-01 07:40:00,25.94172463437266,0.430366041832665,81.88125075950282,53.73137037835389,59.59138060696162,1.4248359461794717,321.24196596030407
2026-01-01 07:41:00,22.499893582151785,0.6528228811003579,67.4733266534414,47.74740558304745,62.60061408425664,1.4563042635012011,309.0635197540686
2026-01-01 07:42:00,20.231297520073092,0.8375106078973278,70.16406851213067,40.43944886509919,48.67399982490263,1.5121775694708126,320.775595225781
2026-01-01 07:43:00,18.781049692026123,0.6564256478189481,76.06982416523468,45.95349171501435,55.50229635416448,1.477455559512432,278.8401152187751
2026-01-01 07:44:00,21.647847661031175,0.20634724802623056,70.19091536951666,40.03470593158626,53.002274435414925,1.276463337915456,365.2431522545005
2026-01-01 07:45:00,23.623974145182,0.45352655212464577,67.61673348571752,47.522892076416,53.69584943879188,1.8059602221073043,267.37088396750585
2026-01-01 07:46:00,24.120425240053713,0.5513268762163059,69.75981241753223,48.09204092443655,56.527655043782076,1.831230397019268,303.39505974880205
2026-01-01 07:47:00,30.81169348728855,0.5355182233847184,77.15054682846068,36.797041797009285,48.53564885494625,2.2135427351602988,291.40721164146777
2026-01-01 07:48:00,28.317980109721894,0.6078609105885748,64.69718222290635,46.05089650431464,49.46391249753799,1.2585481157420955,290.2675687371885
2026-01-01 07:49:00,22.113726650975117,0.3165902107078479,68.99010394181389,44.294560452024484,53.493744135393875,1.7665754900608424,286.3722973105572
2026-01-01 07:50:00,26.04312535735287,0.5129886175101486,70.0822938186998,48.26806438303267,54.2731220105292,0.736345073486927,276.84869997004495
2026-01-01 07:51:00,23.778765290949025,0.5840645659552258,76.91668156422125,49.9880823061148,49.37022447157914,1.831617226008755,335.6502661442436
2026-01-01 07:52:00,24.146908485879713,0.6651341906607319,69.2012370090285,47.86469762474763,58.94823837394592,0.917367153997126,263.8589161625135
2026-01-01 07:53:00,25.555976948246148,0.33885636667744157,84.46639275594978,43.18083987972149,52.912195134444836,1.1062675585710857,329.5069169605146
2026-01-01 07:54:00,26.85751335092618,0.4309686265514204,68.74769137827924,50.599980125184004,52.89091196966577,1.6328901316063273,319.4561320416295
2026-01-01 07:55:00,23.982224548347954,0.0,68.09853089275776,39.76162334213849,56.413293951149505,1.2514003858310752,288.57326604961963
2026-01-01 07:56:00,28.191554598203076,0.3757076064844452,68.63174302705815,37.076868039783,54.35545861966251,1.1966585959988358,315.9782185138156
2026-01-01 07:57:00,21.574185321572788,0.3951170214057914,59.46686857073592,25.828279892635198,59.18738406452906,1.3060735910006618,295.2630294691028
2026-01-01 07:58:00,25.019017187086806,0.29608309836651137,61.70618522593052,44.57915428957707,50.33288731099667,1.7918503967674102,266.96980984471946
2026-01-01 07:59:00,32.793021179787495,0.5331224300465304,65.75466488208725,40.07072136303939,48.01306701468263,1.1268438414329025,267.2869903598728
2026-01-01 08:00:00,25.669239227875824,0.48881091359094636,79.08663879080103,47.38652685645211,53.45106218100696,1.4783380543109856,319.66324549409075
2026-01-01 08:01:00,29.299643519818517,0.04815722448447768,69.73499152510392,33.1726356357338,55.30118086467506,1.3485374861842654,318.1071097105507
2026-01-01 08:02:00,25.274560534519626,0.5431015938603513,66.12284648307434,41.116928694603,48.7962202795124,1.8279563085316055,307.2603424295766
2026-01-01 08:03:00,26.74233128598939,0.3143351738421945,79.81227796485277,47.82161943518691,48.0612321914987,1.8391687016331373,288.2545038197848
2026-01-01 08:04:00,24.829650416821924,0.597137791838103,82.40941706313808,38.82098312190612,55.91148891168993,0.7658872810255549,294.28705399106934
2026-01-01 08:05:00,24.488777256507387,0.24362975045426688,80.04305968726209,47.45554049167717,51.211097163425194,1.918043767505726,290.2334052850792
2026-01-01 08:06:00,22.66155280982374,0.506001307706188,63.17528002211874,41.657864429591754,47.7374414149654,1.2556976374164754,247.59167594469397
2026-01-01 08:07:00,26.29090407687266,0.4433673342226988,66.03801103845075,44.80315014132002,59.82670646157031,1.5945168794386695,301.8375975076884
2026-01-01 08:08:00,22.445388432442698,0.5606203769900661,84.50988856251774,48.570948038501136,51.841026635364535,1.1244365038466815,315.673645836285
2026-01-01 08:09:00,26.996755708940288,0.5249394555302693,71.92911753600018,50.716782138691876,60.74905801932679,1.6484538410839134,302.02826396334615
2026-01-01 08:10:00,28.25586101333773,0.4489671649957091,67.85898348083137,45.55495446792364,55.14235395554714,2.520539581448441,353.07447516057607
2026-01-01 08:11:00,26.09959422171169,0.19274553719115106,75.7467836906467,40.11593823072753,56.47379431027652,1.5508662245140132,269.8631356551006
2026-01-01 08:12:00,24.141253799332926,0.20455840730779368,78.0583925388649,42.2517668257221,53.94250126951574,1.3160609129414573,280.16688849318837
2026-01-01 08:13:00,26.361896737926088,0.3832226121815562,65.42840343257389,48.82173217852175,41.724188777271515,1.4071355061297837,303.9905698705101
2026-01-01 08:14:00,24.07398083336076,0.4983440232140826,71.75551966895945,38.87247849910436,49.31606754473148,0.912388017104792,307.31300430577295
2026-01-01 08:15:00,27.806641376395447,0.3783504105601766,77.41248055373647,43.931600420158766,54.371452701406376,2.0795853144657834,242.96374124921184
2026-01-01 08:16:00,19.50578174735463,0.6250423861158931,60.71770283232117,42.68469540983115,56.82364568646352,1.6251532430386442,318.08093999626806
2026-01-01 08:17:00,23.99317789564406,0.44415581615766325,70.09876365940912,44.379829300086215,46.051629888059395,1.0804408374808614,307.449505186668
2026-01-01 08:18:00,19.027564014628005,0.3069974550440979,61.08488277559428,38.94430482450374,54.73199146069769,1.0934726839484987,236.41821168500726
2026-01-01 08:19:00,20.514817509318384,0.4443807414024181,62.131356024585514,33.88833388672733,49.38867956392984,1.5061129516595304,296.4987219334524
2026-01-01 08:20:00,29.091586689441726,0.5451719672633105,65.49519938015757,48.12445569575786,56.17310082544827,1.872798157335395,275.74375434184
2026-01-01 08:21:00,27.685554945915058,0.5649769437649169,73.81695630303577,50.78478854093189,54.90299607150087,1.0396040365052115,286.4003020705863
2026-01-01 08:22:00,22.84155930014563,0.875675826398626,67.42381897089493,34.24695025501106,58.71750801214787,1.9453637367468686,259.8569764596641
2026-01-01 08:23:00,20.49248963187731,0.3662181319993161,64.81265500025275,47.213556965557295,60.33411465093759,1.4633465792172387,312.4856603602072
2026-01-01 08:24:00,16.10641348647505,0.4853042676819199,70.41243650659968,51.49909748907106,57.294949496370144,1.1279026459971613,352.8532914171068
2026-01-01 08:25:00,23.369513476202098,0.5852247893638853,60.82429817386856,48.57546628057394,59.301967944852876,1.312923829370809,307.9507072251085
2026-01-01 08:26:00,32.26124503674221,0.49531540815983693,73.43042574267128,42.4999789279436,53.24828762038081,2.199421550851884,235.2184769470906
2026-01-01 08:27:00,26.30465281439094,0.39987637080226934,79.05109409566649,39.339021781495454,69.11558705633573,0.9447146653818651,308.56788111998395
2026-01-01 08:28:00,23.32128314185153,0.19014856473115127,69.3663676720959,45.48586847609994,48.90590451752559,1.2072428176215413,294.1608362340289
2026-01-01 08:29:00,26.39524062850092,0.3978330881893969,68.37880805359833,46.486710353081286,52.36122111045339,1.8810334338539683,266.96962395737694
2026-01-01 08:30:00,20.317124941016672,0.2852595174564398,72.98752282572455,45.574845066935396,59.506792913734465,1.586582817381454,310.6087149417308
2026-01-01 08:31:00,24.108029911907092,0.1546786637752443,53.77224464934764,43.91919221929461,58.76360652430496,1.1835036726967791,326.39294184382067
2026-01-01 08:32:00,25.298432419047217,0.3408642316658827,74.29453965278294,38.504089655263456,57.43694509571174,1.8859172945459293,279.94519554320584
2026-01-01 08:33:00,24.741698044536854,0.2905816558467091,94.81508642995891,47.53612974785311,58.37659328996554,1.9049182932676723,250.68801567564327
2026-01-01 08:34:00,27.372418365070242,0.6167573090585896,69.01859023108224,47.82512696648114,44.582214226969796,1.6325562674072325,239.6498328137139
2026-01-01 08:35:00,26.033935678708158,0.6202183674828587,69.04699973026935,46.204932752770034,62.94649347268917,1.2550413649665944,280.02944719244033
2026-01-01 08:36:00,27.004978054323992,0.319224142083825,75.94885600079746,45.665961870427545,53.98054520566693,1.3166781520662567,295.3348959222057
2026-01-01 08:37:00,22.934883153307723,0.44795427388737574,83.1626613455837,55.07549692647663,61.229470911354255,1.6138704261193595,284.51983309087564
2026-01-01 08:38:00,27.693446225231643,0.12835146757749288,77.79974275547308,41.253727292559624,44.832367105160216,0.9752283755146481,279.5015372201285
2026-01-01 08:39:00,29.886810842871974,0.40113200996346116,52.755144971331596,52.68861058473993,56.28284251740595,2.031113952453245,317.03698581384464
2026-01-01 08:40:00,22.089551441045764,0.5797963801404691,74.50719070130198,40.595853184668975,52.182488604275754,2.1800836354703352,313.88478138437773
2026-01-01 08:41:00,22.33691303285632,0.6649875779228206,90.5754411619334,51.65370343773857,57.86060075790652,1.4056180600638917,305.9878020828058
2026-01-01 08:42:00,29.0073530089607,0.35739058366173726,74.97952837407573,52.400205300483265,56.58535226234423,1.6424417969723226,324.4946335303232
2026-01-01 08:43:00,24.42596803991482,0.7103709721055039,60.763184693826005,43.2416927795887,56.83023898749589,1.9743208171397304,280.31077941614046
2026-01-01 08:44:00,29.21146417619967,0.19686161569730565,72.25463699534892,54.965778324365004,49.705291558842546,2.2822243354270757,267.16322294824295
2026-01-01 08:45:00,23.67239286432345,0.2504744401712415,59.75450198927146,47.814215320476535,54.71515439590694,2.1227925341962797,284.32998977317885
2026-01-01 08:46:00,29.365136728812132,0.6419323731275752,79.86242951415088,39.73636535315659,54.0991647603533,0.8057849946564829,282.2609168495469
2026-01-01 08:47:00,25.394457450416358,0.8342242457126494,62.352939295776594,42.755060433664745,57.47655020853716,1.3737785246689924,238.4613163185892
2026-01-01 08:48:00,25.774686469968085,0.5986863976367391,70.59394907753618,51.79657383663991,59.94648497716734,1.7002753005932876,283.6329408135909
2026-01-01 08:49:00,29.694154065009712,0.4919315226931975,63.13775998406522,50.5383882112599,55.75237961004307,1.3023130812392274,333.14551665546674
2026-01-01 08:50:00,23.914688567667486,0.060963250695558246,65.62841553961607,38.651757591724255,48.619138558057,2.213106698016146,324.02560291853587
2026-01-01 08:51:00,22.176633712225126,0.09551058879130414,81.88920516688395,44.16445612685702,55.53789404783384,2.151750069121053,315.7555157086824
2026-01-01 08:52:00,23.654307375914936,0.5258819073791738,70.82765731914958,46.22113789665907,68.05538114204631,1.173627943496508,303.9485412971094
2026-01-01 08:53:00,26.357001851929414,0.42838746608576506,65.52638021019423,41.95437246554635,63.23002663493893,1.4350399920377106,343.46695578426096
2026-01-01 08:54:00,20.302722783458456,0.27883296356957643,60.83817623290622,59.14679834024832,40.1280021862115,1.2001783455241453,268.19496315396117
2026-01-01 08:55:00,26.912412707953365,0.5131065161660101,55.02638810880451,46.40198246043195,55.316715768474225,1.4219486223575322,271.055186341114
2026-01-01 08:56:00,23.38368604714677,0.523026273501562,59.98975493181851,44.629126854581706,59.660597626276726,1.4098270602666467,333.72885821065597
2026-01-01 08:57:00,28.44343798220069,0.6888831737080545,70.89567393155502,52.14510626554854,54.0883649371601,1.8817031658987433,300.82814690516125
2026-01-01 08:58:00,17.817219085298586,0.5273204566025401,77.84187014978131,42.80871879096699,52.69954539928058,1.1446141345064662,279.8646507886746
2026-01-01 08:59:00,22.640302674687494,0.7456788736668769,65.51718806062239,51.044565663703935,53.665178924582555,0.4533001580176945,316.5577388026941
2026-01-01 09:00:00,19.940595546297693,0.5015988059097627,82.56434880575212,34.99360562650209,57.760947427173264,0.858182767106072,286.84599114936043
2026-01-01 09:01:00,22.52131160090814,0.47693300103853276,64.25999662217419,42.2780757225266,49.25765012812496,1.088679354917308,274.87423513581797
2026-01-01 09:02:00,25.74299770332683,0.7128624372494364,68.09590621696097,51.29442251026348,60.943443258046855,1.2377233644011714,274.0394456139873
2026-01-01 09:03:00,24.462320123650734,0.3043118239917131,61.36338623730198,54.42118632353802,54.720035041509654,1.5748697602460853,309.6464808307805
2026-01-01 09:04:00,24.239867293155957,1.0628894906532325,77.92609387654285,40.36022572196404,50.32487862944225,1.0680824377884561,306.1744648989199
2026-01-01 09:05:00,24.522445385859818,0.5750514956333472,86.78008491235654,39.66107018268811,60.621750806993475,1.0155597638960272,345.5024029996785
2026-01-01 09:06:00,25.61016472185983,0.5761658505675347,55.90546431251042,48.40467858222276,47.274345474441795,1.128221032939156,291.29732260195493
2026-01-01 09:07:00,21.974391874170678,0.6050191947945195,67.23070345092242,41.26179663049372,52.22394951499208,1.0537383995360874,290.78551653606263
2026-01-01 09:08:00,27.120548922697154,0.8754272950663284,80.11823877640028,43.388532493467636,52.14162467357418,1.2782025022817418,343.18900591580746
2026-01-01 09:09:00,26.98799791115645,0.6585014823345213,58.42443582859519,50.258430148422946,65.71970969118065,1.2610850416419739,329.5694037983277
2026-01-01 09:10:00,26.155113812968303,0.17898880419921526,74.53347125576869,41.735386910315924,51.57489615680279,1.7756227267895244,304.34694911288216
2026-01-01 09:11:00,26.66960032825379,0.7806940769535009,79.77177760166056,33.20744549078589,44.225173897499474,1.104188245972151,253.1696183225607
2026-01-01 09:12:00,25.88925400242598,0.43182068411099656,70.6258305148547,37.193493386364715,52.09092442360429,1.3569613486680916,275.64435653150304
2026-01-01 09:13:00,31.105219908193202,0.5214310145678647,74.40210456752106,45.059733514321685,57.27775173702389,1.2819909280332924,268.37715607836793
2026-01-01 09:14:00,24.73871748684247,0.24414920556494668,84.08721908902086,33.819461109162695,58.92042273291802,1.823553990415027,301.09355330698105
2026-01-01 09:15:00,24.07875034499627,0.6052404036247792,85.58741243280917,43.21703749621608,66.38269846721386,1.4382882895929183,284.74976656375367
2026-01-01 09:16:00,22.739417258927865,0.36972514198648954,69.50426229572413,36.64742090253605,62.03448785492941,1.9202786893596777,348.087146785269
2026-01-01 09:17:00,21.90321198826649,0.5200339275986947,65.74097720560613,54.83963404119359,55.93961296957576,1.0390519295980765,252.85688358677973
2026-01-01 09:18:00,21.266584637196775,0.4431801989278434,62.640159111410426,57.990855568594036,50.54292266212611,1.480253356626072,265.1598084926186
2026-01-01 09:19:00,22.333608060307245,0.8850025603471704,77.8157132034297,38.65081738594759,63.12013715673679,1.269643593188027,307.33886354639554
2026-01-01 09:20:00,24.787958855043787,0.8964520600291179,59.02579553767225,46.540552080227506,53.15718224836884,1.0095815608457586,315.6430814929251
2026-01-01 09:21:00,26.002885385493144,0.5093026340429483,67.97940769607038,39.23757760801889,51.709213818926976,1.472995583605977,222.38591307312475
2026-01-01 09:22:00,25.153426175656485,0.512795542273771,70.82151816763573,43.144106387672934,52.91463098922965,2.1931711032940893,247.9376952250427
2026-01-01 09:23:00,22.70339416771086,0.425311406730097,65.97597989824996,55.82081596773483,48.73855880551595,1.1588364788295467,292.09188920578157
2026-01-01 09:24:00,27.70055369205989,0.7212012583005573,72.23856212015299,42.19986871364109,52.67489954414512,1.4490180072648935,340.681308944549
2026-01-01 09:25:00,27.21823801690284,0.43421602593332453,90.51610654634206,43.28377522657732,53.83445835010792,0.9751073521629795,356.6328265565091
2026-01-01 09:26:00,24.521055077733948,0.4157325450708601,69.02721127722766,39.34482439663382,58.65328302906059,0.9163088912383963,287.56507529510924
2026-01-01 09:27:00,23.041251566005865,0.6957185727329929,66.51675498058088,51.87713626598918,53.05955832449491,1.1850990682628395,294.8805906773875
2026-01-01 09:28:00,26.6452837624894,0.3923401809366701,78.12265459505483,25.42039978485584,48.66270379080743,1.3200067953483277,274.8940272814607
2026-01-01 09:29:00,25.563920762458313,0.4924489931102939,71.91666915316418,42.34321607081027,46.9811392237165,1.33776678362754,318.99619199658366
2026-01-01 09:30:00,20.655618221754857,0.18373784369780144,81.514686169691,44.724683435187245,56.04784873761558,1.4095899939683094,345.85588753481795
2026-01-01 09:31:00,24.796059232046787,0.6408380690246334,71.31750095855774,41.033536020894516,55.363129267346125,0.8406669437186521,337.6806221214015
2026-01-01 09:32:00,25.786107436223144,0.8881733878363738,68.01261433623174,50.181273046387005,52.22843644393416,1.249621515397211,299.1299816203375
2026-01-01 09:33:00,22.30091564053674,0.6442450745599584,55.730200895243556,52.212163703822846,52.66271769753965,1.70070338936147,274.8440488459433
2026-01-01 09:34:00,25.56953017851233,0.792359833509461,57.04212244950608,36.527762922722914,56.94243466399585,0.9567019708421849,300.2459101292946
2026-01-01 09:35:00,20.635532544226635,0.33077957276453385,55.31441047658318,57.56091992262483,61.95273126844674,1.3579417220619716,341.4236011330073
2026-01-01 09:36:00,29.008558300036512,0.5472648564056402,73.03471333027392,36.46044705387891,51.09927707928006,1.6171375039752272,287.98448704960146
2026-01-01 09:37:00,28.743849955178295,0.3113680151261221,59.10200416106032,52.73178409005505,55.44451418107716,1.187093231190532,245.5371291195674
2026-01-01 09:38:00,24.242447997091105,0.4544468908837314,80.04461892735506,45.898966191214164,59.79135202002662,1.636609758464339,289.199722400476
2026-01-01 09:39:00,26.09036301351722,0.6544422954705009,70.24197251884763,41.977793417317116,51.11942854901375,0.8915494882459876,291.6292273953498
2026-01-01 09:40:00,17.770234102600377,0.5203641226206597,68.04650464718665,42.543798421944985,54.92183942718347,1.8553798291728822,245.36105516191506
2026-01-01 09:41:00,21.530957019204003,0.21747179547975565,63.24915939836529,44.798923256038115,54.81002198456167,1.6463202932374783,306.96111995994954
2026-01-01 09:42:00,24.11866323954361,0.23699417889244928,74.97806998616164,46.25050717118269,48.4435238247824,1.522266161403787,315.18013989766195
2026-01-01 09:43:00,21.783600935719424,0.2237672137018452,63.56401744366071,39.479073891770845,55.84249397382811,1.9499272105223362,355.7967784445493
2026-01-01 09:44:00,27.143189447891977,0.5982905179879181,62.11697596744095,43.59636025392966,55.15772339302216,1.368260376305354,260.0286912947066
2026-01-01 09:45:00,30.991889592243982,0.9127789071313337,79.50679936484279,40.37596306243443,57.77542124798029,1.2528575550152352,321.9156429386629
2026-01-01 09:46:00,21.470155841712092,0.7724916488000426,72.83696928620019,37.70970283755676,49.065567626696435,2.0490177136388983,329.0050845352763
2026-01-01 09:47:00,22.48760978774442,0.12080296017078712,68.12056457401383,40.096129785252614,55.049851926306125,2.236306320893918,315.5886279280593
2026-01-01 09:48:00,25.70634510492979,0.7842151876139568,75.13146387786973,38.10015220382736,61.90867031827904,1.222624917552895,269.7959510146763
2026-01-01 09:49:00,29.833348445498864,0.6872800834029295,70.07145498488559,42.47907052349689,65.38749915956143,1.454502705156874,268.05219957772465
2026-01-01 09:50:00,21.33287706238029,0.19094001089424845,73.06410520361347,47.59484943281049,61.400646344858046,1.9180170173045816,302.91590256851447
2026-01-01 09:51:00,25.747108366920827,0.4393596766579005,63.46521678099636,45.724262125067774,49.11464247174879,1.468741999275691,302.70532979538876
2026-01-01 09:52:00,30.463896552439326,0.7191044822991619,86.56318887128498,56.846068659963905,57.255263410218134,1.7378354034951935,283.2169852611388
2026-01-01 09:53:00,20.044722555462197,0.610086702186957,65.3630402585902,31.737281917680498,52.58426712519443,1.812161438995353,338.74911040599767
2026-01-01 09:54:00,21.156792379462505,0.23818098952240285,82.44813061559982,47.81604579728513,56.419502965649606,1.2750781697773823,287.97745252523816
2026-01-01 09:55:00,23.729180180617487,0.6221484311592389,68.48904920556419,45.038521431146116,51.13891647111538,1.6677098653601037,243.1889776764289
2026-01-01 09:56:00,23.438234761433765,0.07249988078388242,76.4567769252397,49.8940220542318,46.432632790738495,1.4975229221960251,293.27830456485486
2026-01-01 09:57:00,27.437803863260932,0.45543556484855774,75.87378799220909,49.29879122586245,53.27741380650084,1.013252562642495,314.4082004473712
2026-01-01 09:58:00,25.724979159462514,0.7275913538800097,79.17481404120036,44.01004949918894,58.613013483050075,1.1041389414286398,310.25883456183135
2026-01-01 09:59:00,19.675113821073616,0.5036788431142639,63.27501034268684,46.03590770914053,56.439998777369055,1.2390332302414526,310.0266776141984
2026-01-01 10:00:00,26.546231208702434,0.40021249000761083,78.6050832102309,40.53558472248909,57.014739299571765,1.8714079403210417,344.81967043070034
2026-01-01 10:01:00,23.267383337933047,0.6778692507544699,84.77151880729153,48.68207987612672,56.08175161489689,1.884543264925331,266.5562828489363
2026-01-01 10:02:00,28.823341650823718,0.6949503630173163,67.93045616606514,33.72674368726379,57.02263737422855,1.7999651673286472,287.28874954947975
2026-01-01 10:03:00,23.11723739068924,0.76200793857339,70.27764853713698,49.6609586318959,57.64755879543351,1.6760442813062473,346.3516211403121
2026-01-01 10:04:00,23.090154150693294,0.6748684856892775,65.81242686015877,44.86095933458334,53.62659285522691,1.665130522862576,240.9795033910715
2026-01-01 10:05:00,26.623394832413595,0.7162749587874293,67.2285099825192,42.07762777301347,55.41445280709808,1.611024179821932,298.3891665839169
2026-01-01 10:06:00,27.28877944701081,0.646581711487507,83.69138239145992,43.60480080331964,63.71629187434846,1.6630388221686536,336.867633457111
2026-01-01 10:07:00,26.34429809180861,0.5531057298232944,61.96612379095836,44.044822592469714,55.71015514500569,1.690145033465681,336.4204875280218
2026-01-01 10:08:00,19.943208047845573,0.5179017999527629,62.46304942519382,52.78382256288301,55.21281748226959,0.9382311337090475,319.8034911853906
2026-01-01 10:09:00,26.614103319784753,0.4525480561805196,82.88720749131501,64.40096197949107,55.514422536131995,1.1839011416223046,320.56317905285084
2026-01-01 10:10:00,21.897075844976804,0.25752634138805486,74.9963874071069,52.319224944902295,53.9104574084189,1.088431350207183,268.76930630834596
2026-01-01 10:11:00,25.70582833476479,0.3089376982360382,86.9629619923402,41.608045284661465,52.82322018139598,1.9428580030616036,341.19531251787555
2026-01-01 10:12:00,20.72879669380282,0.44359710361295807,66.39649089739318,48.77869094571167,56.04339262182716,2.1616400414334453,263.99814866142617
2026-01-01 10:13:00,26.33896644262919,0.5482904319204859,71.01024909790056,49.0399749963449,52.471423990204244,0.63238083183513,265.78760941879875
2026-01-01 10:14:00,22.580203287077882,0.7881625196008526,64.71458444982557,39.44903566531668,54.27242535261392,2.1259258447486644,311.6362239349124
2026-01-01 10:15:00,21.152096049218436,0.4916405544248975,71.14640934918157,37.43520421667591,51.04742646736857,1.534688549412612,285.20956512848403
2026-01-01 10:16:00,27.1414604094472,0.7006952581755328,55.807226421725574,44.62031442649927,55.540059022671585,1.9050879276634807,306.20090097119277
2026-01-01 10:17:00,25.724933565030256,0.7158631312864241,75.47963645324006,49.846245616208606,57.92097472088014,1.7025868618339586,312.9230123784068
2026-01-01 10:18:00,23.15806959582131,0.4537106404622418,72.5877926679387,35.329150394391434,53.940425700445424,2.0761580214399684,353.34329218126646
2026-01-01 10:19:00,29.353536547063193,0.6189380422740368,69.53956270027265,40.67461279407356,44.95810781555342,1.5838969733429984,313.0117375669923
2026-01-01 10:20:00,23.678042735290774,0.4512943916550277,66.87708540320268,48.43591025394244,57.95185772027736,0.9546182164748332,281.44397087524624
2026-01-01 10:21:00,25.096323021912806,0.7644271788156953,62.8419681010552,45.25034167962348,55.600919213798804,1.457730046490716,320.29463874558405
2026-01-01 10:22:00,25.806740343035802,0.6271686676531865,75.82170329626209,53.49764172359397,50.0338427499327,1.7062624184427224,275.0473739975366
2026-01-01 10:23:00,23.14100219761416,0.2619032490623289,60.63128011437275,36.53179527554194,58.86635121161637,1.4136155593862565,327.39466573128124
2026-01-01 10:24:00,26.41340888019979,0.5323049304307693,74.09516729639394,59.112989600696736,48.00787399642076,1.7630926888610683,301.93883758707767
2026-01-01 10:25:00,23.399642958505826,0.829622432364776,86.59561115847566,35.77204533858252,60.22703807662234,1.4737210445438225,312.01631448470846
2026-01-01 10:26:00,23.765085033351372,0.4637537930906598,81.88417190915439,32.82501768703044,54.713166901763934,1.261796272354052,246.58038068655958
2026-01-01 10:27:00,29.087927919410024,0.5895430060190137,57.95897645863477,44.64652332301616,43.65567462311335,1.0656086466753836,232.47763214455537
2026-01-01 10:28:00,21.8782418424627,0.6091757675478291,65.70609551725357,38.19324643052394,55.89164793631619,1.343273846986662,254.957273027597
2026-01-01 10:29:00,17.761659007211527,0.2926754201670799,73.3716059244427,44.767466015730726,52.96903815954532,1.581828659880131,352.37312567095404
2026-01-01 10:30:00,29.832810985035685,0.6021415898427028,69.4377446238852,44.557638726272,52.21575354088432,0.7162432782976197,265.5553553145873
2026-01-01 10:31:00,32.64798385782101,0.22123296959307487,58.80475425374063,43.82535472735541,51.31137119271891,1.1879694357139907,321.96929405966796
2026-01-01 10:32:00,23.784192203652005,0.37487517871972076,73.08252761178792,39.94553380681933,54.363921045700636,0.7013231820902406,280.74276603267884
2026-01-01 10:33:00,19.189485878139443,0.7151445934988384,69.9198648390696,47.59593691547815,52.57405659416429,1.2531700584087841,292.7990970234228
2026-01-01 10:34:00,24.06854807141217,0.5713512580616716,85.31460326883025,43.09597731139698,45.71654878405808,1.9789258937148895,298.6583923479222
2026-01-01 10:35:00,24.141331150477992,0.4391044384506946,67.97417037906042,51.62198922452858,61.360339433386024,1.0255534473084658,349.31335283434487
2026-01-01 10:36:00,24.43022847693323,0.5892922042490375,79.34402708261273,43.91776648483016,53.778211720190974,1.7812638983445317,317.53516592374274
2026-01-01 10:37:00,21.659835874234457,0.48798155044897373,59.86329277496019,39.21211546280046,51.34032492060869,2.639530050924928,311.5509942096105
2026-01-01 10:38:00,26.738683427429432,0.5025157004703666,61.775925616827934,34.87373668893969,49.35788158727335,2.08141525250294,338.9009529633359
2026-01-01 10:39:00,26.573522125858258,0.6313637053440275,75.77329567847592,43.96734341130977,58.85366033726461,1.5534053521564848,281.00409408715257
2026-01-01 10:40:00,20.51678314054208,0.3545264518681736,78.669846244859,37.384772571824264,48.507840154517375,1.8433737823185932,332.05028930854303
2026-01-01 10:41:00,27.097590195084663,0.5080672811109381,62.34085819140486,36.90022887597134,55.66993650928983,0.9521268790252833,327.03907785476196
2026-01-01 10:42:00,31.158054945837673,0.4375463610786694,70.19261925187129,48.16474385488192,52.08175499063209,0.8706341386357783,326.696980897306
2026-01-01 10:43:00,25.51588099731118,0.18287932507994886,58.94736661176738,34.33397963301965,52.37290169718834,1.5114792436317575,295.3494989126548
2026-01-01 10:44:00,23.988024513794482,0.31590884875014,68.55024138955616,53.47316026999748,49.4822023451205,1.6594442253873645,286.8805531266771
2026-01-01 10:45:00,24.573990356777436,0.8136412894127665,76.695382284993,45.958298306373244,51.8984028373917,1.9377617136996963,273.90529064491756
2026-01-01 10:46:00,26.845770300905684,0.5769446629170468,66.52033200691085,44.73694421385024,55.04406195753429,1.2724951434394738,275.78452905100386
2026-01-01 10:47:00,19.807985183478344,0.23528233971972218,68.00772235244958,38.79140435669648,56.17656113174497,1.5773581937446584,272.48960546824526
2026-01-01 10:48:00,25.49317210893191,0.19192912483031788,60.961636813631586,49.586233778057625,51.07203759358511,1.5636446226211898,311.00543285478227
2026-01-01 10:49:00,23.82860815161157,0.4775672199778832,64.81313269100059,44.982570398415625,54.54532798781293,1.447442357769413,293.14991060189783
2026-01-01 10:50:00,30.543475038868138,0.8122373066352965,84.06488732971471,40.883420143555185,59.442272154852105,1.4710100495463996,312.94200593040057
2026-01-01 10:51:00,24.477481798585128,0.4626483730391295,70.58339913373706,46.198948179909536,46.68685721525463,1.1581181989441758,314.63646058958415
2026-01-01 10:52:00,30.00366283335856,0.7613999106808031,61.981537866795215,34.90328726736372,54.9686551320407,1.6118829633539853,268.20731837135
2026-01-01 10:53:00,21.68877790665398,0.5703861541637315,67.48182440065607,35.18803721070517,50.24608027298913,1.5780199920780313,267.3069440367231
2026-01-01 10:54:00,26.761777500408378,0.5942500915691787,57.2205790306675,38.27888348819353,49.736579139417344,1.3239952936175858,293.1401885048006
2026-01-01 10:55:00,25.958200791373688,0.23285589813908608,61.8867224628783,47.09716360565828,56.305057564990506,1.766309706409427,276.74637829158655
2026-01-01 10:56:00,22.392858256405653,0.6875045843499515,80.88271791237163,44.98045006916321,52.2737426566622,1.9111326353729183,273.5876358142114
2026-01-01 10:57:00,25.53218834391082,0.43301359254527855,68.86014060490716,51.29387559333452,48.915984368824496,1.770950518390185,350.8706102722461
2026-01-01 10:58:00,28.6375565104948,0.6726184907221817,85.12584140880965,39.48006088698854,61.621415960349935,1.0830226719757103,253.99935684367762
2026-01-01 10:59:00,24.028624887140197,0.3371660036027774,69.23721729203156,48.44800704288805,59.600447571659146,1.5398583067447966,360.6919328183403
2026-01-01 11:00:00,19.92411205249071,0.5354098695019825,69.71217043046803,44.31677668562831,45.33847021820415,1.135427374854619,308.6662915007727
2026-01-01 11:01:00,24.947311520567663,0.5704005907875263,75.12715326833698,39.34172883155443,47.62785935998966,1.5386218985199334,329.5871484905378
2026-01-01 11:02:00,22.29273071562246,0.4691933366848267,48.61929934224479,47.311846024277514,57.96728535659341,1.1369853211920344,326.04998451990696
2026-01-01 11:03:00,23.972977184008354,0.5809090386172313,71.6395145892286,44.603928850528604,53.57563083481265,2.010865334941914,318.5087753179811
2026-01-01 11:04:00,24.75523669094464,0.44672058496149825,69.60810809551239,41.22528483512761,62.502873221774784,1.813332587607937,349.85495397429554
2026-01-01 11:05:00,19.883043351953447,0.3701880493917441,81.88831114812118,45.25199452286455,58.08168199270505,1.9611957221369556,267.5274993456965
2026-01-01 11:06:00,20.153024982037966,0.8210966765587929,77.71743515330894,44.22281768437565,56.49732761926999,1.9206888360781984,295.30864866664774
2026-01-01 11:07:00,26.446200506576577,0.7097905732722884,60.9304665156256,44.077871588894986,49.890686540872814,1.3917601153705341,274.41459262497756
2026-01-01 11:08:00,23.431843911490958,0.3478270509903646,79.93710894902064,42.524441100535206,57.45720147432236,1.3297561025890299,249.11761406902852
2026-01-01 11:09:00,17.3057669745383,0.6136888611189226,67.90148379535204,37.17030876663817,48.62118022624767,2.1966895314800614,280.1627664432533
2026-01-01 11:10:00,27.354532109824405,0.3514642290597694,62.76437418963164,45.44859249536923,61.52622266705035,1.433952139931034,356.17643334671465
2026-01-01 11:11:00,25.81710926582272,0.26306307126753514,71.57682600696963,40.18371375767151,57.11069294509121,0.9581677430112003,294.79599907746854
2026-01-01 11:12:00,22.858375527890548,0.7067618882797952,68.37784515468945,38.87802679413559,50.875847116212036,1.90298669346633,359.5054714000068
2026-01-01 11:13:00,21.049509366825276,0.15918007487051883,82.3077225122282,43.555800935384354,59.023387140661576,1.5575102673054884,362.5748149032961
2026-01-01 11:14:00,27.50742368894301,0.6853711827153083,72.72497622792967,49.40415926503307,66.20762444568167,2.1023776495915927,389.85391091088246
2026-01-01 11:15:00,26.048051867681288,0.4494555374853883,71.64527136708804,46.113681046145885,53.91191450095275,1.5971878711923395,357.1647905729492
2026-01-01 11:16:00,32.14780684805222,0.4576906793838943,77.20517666284351,41.81314674985447,57.75206594845646,1.4919994050613148,370.7439559600142
2026-01-01 11:17:00,26.260565796174813,0.581950243924658,78.7429729447417,41.571923652792854,52.84085340154499,2.110448323509876,309.7550262316717
2026-01-01 11:18:00,26.163109423786043,0.6162397623988505,76.26884075437839,48.81487957313261,55.42676108809172,0.8846134619852051,306.8498470106002
2026-01-01 11:19:00,24.499216209674305,0.3347313646342184,81.35570778251963,30.619585383316558,47.46382719984276,1.265855078158797,308.8451808364605
2026-01-01 11:20:00,27.450327601602375,0.6435451217500127,74.86945930331031,49.784189935196885,54.99735243247068,1.1450548112579169,300.0018661383109
2026-01-01 11:21:00,26.87525560374446,0.5226741076050447,71.34121171781362,33.75590535041796,55.21788664915306,0.6219680885706862,304.4898940550263
2026-01-01 11:22:00,28.755175025695586,0.24878904142639235,79.91337649670423,36.507552550062115,63.994988884223744,1.8492705712066413,322.56547695460256
2026-01-01 11:23:00,23.436031244088145,0.46602510328405217,69.27283087934289,41.914405012420644,46.02498443648325,1.2770326344068244,286.0254643411038
2026-01-01 11:24:00,23.693777581168113,0.7762558031117852,70.26597213075729,58.02074485758507,53.5955827044611,1.86214721665863,258.6712728657387
2026-01-01 11:25:00,23.56269048726406,0.8353189596491393,83.77261533837532,55.0645161600856,61.440586089155175,1.6556345964938415,310.9085639271758
2026-01-01 11:26:00,27.372405163536968,0.6434696915217355,82.97539302364186,49.23892653478281,53.79114252100622,1.7428569866510737,279.2158549702555
2026-01-01 11:27:00,29.495123320890194,0.261931302366326,69.93459354461342,47.1392542697727,54.14329233507501,1.317840207663741,282.3217950758598
2026-01-01 11:28:00,23.623478520552098,0.5981213804911777,66.37158738155506,33.82633819192515,50.83370487558913,1.1943007424059806,295.71740309057486
2026-01-01 11:29:00,23.725678816620725,0.6701721807718386,81.70538800166798,45.940548977284195,50.336973098686215,1.5359043500878882,288.83570341398377
2026-01-01 11:30:00,25.9422316716094,0.6451415966637444,76.40334686332172,41.70467088864017,45.87073117083424,1.8676672733232675,333.30127477550076
2026-01-01 11:31:00,24.262715499961296,0.6569908577375836,72.52465003357891,40.09998399826367,51.85392376177923,1.4798471978065033,294.9977538142997
2026-01-01 11:32:00,27.856160959419668,0.5726526158495062,67.42501831848044,45.92881853984795,50.05322472443938,1.219225470947083,334.81348913630154
2026-01-01 11:33:00,18.24466812814286,0.48551753223389127,72.65357262971675,42.17333994331981,55.590194168285365,1.0203927634406567,306.18048746826463
2026-01-01 11:34:00,22.519884859249316,0.37832650081919633,69.82633232089837,50.2157972758131,51.061658987881344,1.5816652061295309,297.3441299419299
2026-01-01 11:35:00,22.652750998115664,0.1204128962997007,64.68529456341604,33.384271394323996,52.60204507475747,1.2783729860285848,304.74661458860385
2026-01-01 11:36:00,18.038931962841566,0.5679283533426702,71.03233862869789,45.45006853407589,52.7389730347117,1.471303765044104,261.25110407937797
2026-01-01 11:37:00,22.109084666893587,0.5372105687304377,72.12339236511686,39.72541665891574,54.759174088548136,1.4044884871005363,310.1423156841209
2026-01-01 11:38:00,22.254531652462223,0.6115151685649632,66.99683946463816,42.54218502650584,52.357388717975795,1.3222276101261818,325.47567888944883
2026-01-01 11:39:00,24.39668603644351,0.23249126134142117,77.23060550887614,46.82775851687545,49.69106955031434,1.617521424303805,329.72551280538676
2026-01-01 11:40:00,28.338897674980792,0.6290033378630121,80.3106591384879,38.2961528243396,55.42883221973919,1.721801633657643,259.43477743866396
2026-01-01 11:41:00,24.264818046427894,0.9109090189241554,77.7591815492433,45.98539283587479,60.337416081323056,2.2861115778603134,254.4305939327107
2026-01-01 11:42:00,21.90755883918654,0.5156900261555822,67.79001291828804,43.72597076874441,55.64233097895387,1.8031870858738048,283.8954442475749
2026-01-01 11:43:00,24.829136376359415,0.48766693615869183,76.04657203350698,41.03647880893867,51.950897808806886,2.1374729317896564,341.53987073978635
2026-01-01 11:44:00,28.147520864324047,0.5618004712171402,70.62369117968032,42.176565083934484,54.38426797453187,1.1725598514393054,306.6292618074074
2026-01-01 11:45:00,22.072123551655285,0.9064674049420676,60.11403217147239,44.07268865287844,44.746836148217305,0.8596220917091905,276.7591428075539
2026-01-01 11:46:00,22.268275348235655,0.2952704476600218,75.38183502798196,40.39298092462073,54.30298625230568,1.4942278977119368,256.4118159920886
2026-01-01 11:47:00,26.675646877822672,0.540641386678781,71.16905312765559,45.042566851953666,52.99822815454763,1.8432108976596397,279.48032086639154
2026-01-01 11:48:00,24.335391652807598,0.34006851554047113,90.74838401655447,43.330940270003545,50.33269820996744,1.780464687263772,277.45346614460766
2026-01-01 11:49:00,26.942454072128424,0.390599055831001,81.65816690622847,41.33230477759824,51.23950823834016,1.98455262893063,328.06853155935767
2026-01-01 11:50:00,24.95905962461411,0.49008193842361214,75.68920125547619,54.5390534034179,52.94882749230177,0.48538185640591736,330.3763274816113
2026-01-01 11:51:00,27.1049909442687,0.7694646483227118,71.99336401030544,47.49143953536973,59.962291380032454,2.001190757953683,268.5029438342719
2026-01-01 11:52:00,21.89476565787808,0.8601981201377473,71.30977804046414,42.70372660426227,60.460302083900466,1.6341850505718563,322.59498184744797
2026-01-01 11:53:00,24.963746047635198,0.5896284289253413,61.97048477093514,45.87516258494825,50.35937419221095,0.8823946619499948,319.52270696026284
2026-01-01 11:54:00,24.36792995691053,0.42468105539530293,56.08810218240072,38.83907917935895,52.40961313378303,1.7894115386915224,264.60957555711207
2026-01-01 11:55:00,21.35232722768761,0.9985477733277037,63.01952712734748,42.3793703593285,52.53705021355711,1.5677930307331853,297.4854390351629
2026-01-01 11:56:00,20.309566156393934,0.414489103734096,69.61826385463655,43.07953529737051,59.04772757775062,1.6524917194312203,310.2245996447225
2026-01-01 11:57:00,27.057247105823986,0.38577281712805256,53.15568577432813,37.5192365405407,55.72753276315808,1.8996436601261446,304.8970625615208
2026-01-01 11:58:00,23.947142853346065,0.1450113910842546,65.64542566181801,47.324124287966505,55.463949313205205,1.6721101473722864,248.6837676957433
2026-01-01 11:59:00,21.93315915505801,0.7792183138489488,68.0190957350046,41.966323784323045,57.68131306710595,0.9108699606121259,303.93547363549857
2026-01-01 12:00:00,102.92520562521212,0.6936491184742588,68.27658757211634,42.86719999531558,52.01793295794534,2.562106130854837,319.0879467429503
2026-01-01 12:01:00,106.42489035357892,0.9835611072232893,64.70621121449484,41.58768084525987,61.81943287177029,2.6368676534533217,347.3878250660257
2026-01-01 12:02:00,135.73746591906044,0.22209532955637484,67.2678894849488,62.754543543858595,54.991276712898994,2.9392546921890057,279.93626399558553
2026-01-01 12:03:00,95.44618187356805,0.791634161495822,83.79115062499089,41.024309098955925,50.72043776904043,4.754122509198991,283.63640530413323
2026-01-01 12:04:00,117.08474555523901,0.5140271036732255,75.29716225192482,32.58793827668504,53.8517987810108,2.2769748745172977,293.7339970238217
2026-01-01 12:05:00,136.55839439820025,0.6612200433600273,65.5175937848148,35.40040817424699,61.15964162103936,3.4648574590921477,308.7364776395067
2026-01-01 12:06:00,115.90697223558433,0.17044457177910577,69.45321769310429,49.55581573617261,52.87428932008114,2.0349276168362547,302.9105330286857
2026-01-01 12:07:00,97.1947106521636,0.7936163645330594,69.77349331478186,53.01871615009878,59.747788995224155,2.411688384711617,318.1292396390127
2026-01-01 12:08:00,82.31220345281712,0.6573033502663661,63.85635653007879,40.90921685176288,51.87327103614239,2.719464295943002,266.2444037335457
2026-01-01 12:09:00,112.8226966149015,0.4922179930427565,63.84695825804916,52.67369801781278,51.171681516113466,3.091112228055472,311.9056106788965
2026-01-01 12:10:00,131.01881950501487,0.6290225375322243,78.0841921626137,49.44953999905526,58.29798705297146,3.905317365055979,277.7335385932304
2026-01-01 12:11:00,113.36426942574315,0.3469009397915501,66.64172497986547,43.86311921408347,50.630137196771294,4.217956144183695,295.69998293833265
2026-01-01 12:12:00,125.14793876563465,0.3841119828836601,61.24242890375303,43.43732229737679,59.11270125080848,2.5229155991634755,351.24040881768616
2026-01-01 12:13:00,143.31619274328594,0.4073110772749208,69.65487724744446,46.08522135849392,56.75812999511675,2.9178160546284078,258.05271573701975
2026-01-01 12:14:00,118.39504544522316,0.12945442766194437,70.944078025033,50.26473493292185,50.63203032766204,3.4539138900210076,291.6159759468189
2026-01-01 12:15:00,88.96486426780656,0.6723516988406735,54.21836620644932,47.38376739357013,54.64278628002833,4.513771708166702,261.76062683068125
2026-01-01 12:16:00,108.09921364982159,0.7383187228365132,69.67402913746245,40.93915018920782,52.256128547202316,3.906962907631458,304.5920392365532
2026-01-01 12:17:00,127.97425274865067,0.35973117004723165,76.94383947478609,43.954757717842135,56.7448827833453,3.3722092676181323,331.44698746170053
2026-01-01 12:18:00,96.4086871526045,0.5696406031889638,73.60983508417466,56.88758072833154,64.4389912247771,2.603303859873441,305.0896535653281
2026-01-01 12:19:00,120.84377825617182,0.4468919050741527,87.83836092155977,46.50728278377715,53.14647698556289,4.486021691080366,296.4985243999301
2026-01-01 12:20:00,107.00118272312864,0.5656547924162061,80.00887585849743,50.215952561295694,57.668881369292535,2.032424506783511,339.8520698715616
2026-01-01 12:21:00,113.57838659398834,0.37448455175779416,81.59147219800683,48.23930992349539,55.12220320833758,3.184888970354831,309.91507304316434
2026-01-01 12:22:00,96.67701533630225,0.3233149687824728,92.40068748731461,46.64014646398621,55.1202885153159,3.925219505214545,324.58698168935433
2026-01-01 12:23:00,101.81353888517924,0.7104149772047486,76.06525009419678,45.65219340009041,54.17397439634238,3.8215350066227534,321.45772160535404
2026-01-01 12:24:00,108.48381587956473,0.4872258829751015,71.30456166346161,50.38434375194988,50.712912768242234,2.694628367289562,213.71278787529718
2026-01-01 12:25:00,83.66438578280084,0.9044217901706952,77.78992234745066,49.3118534118641,56.67569974641228,2.0351778640387588,297.69993583137153
2026-01-01 12:26:00,103.76888417858682,0.509261992958828,65.52610853284006,46.58336086806929,53.556291250403056,2.905117817926015,267.6577659335594
2026-01-01 12:27:00,88.05077141350276,0.31478439192990154,70.86149055595976,40.83742484671267,50.47599958130637,2.4783800268529865,275.12049317529414
2026-01-01 12:28:00,97.77822079941754,0.7453881752871878,64.81817885537349,47.31335283329083,60.070866311241495,5.137679486074676,344.2375832197588
2026-01-01 12:29:00,90.39315159026742,0.626160032829204,73.18387646050306,44.5979523811915,55.495048113511714,5.456896041527733,288.75583364032224
2026-01-01 12:30:00,120.21167151854559,0.6453745727392848,64.78472729584144,43.15046453192954,53.8595052132838,3.51609592765136,356.7770458741802
2026-01-01 12:31:00,119.45320494462689,0.7381201357735837,64.50457200110625,61.072655849796405,61.70028307373149,2.5195169434390716,257.76934739187436
2026-01-01 12:32:00,110.35920859781571,0.3694407412308411,73.30778634484403,35.76569215375304,45.81959232233501,4.336615783752891,267.489876591679
2026-01-01 12:33:00,92.13152848436735,0.4745493382029425,68.89830847375546,50.7510771543449,61.36410401864544,2.9573136145978367,322.8705198285591
2026-01-01 12:34:00,108.88348354801326,0.46571003370244135,54.579830914266026,39.823974334477015,50.599060254318914,2.7252671746755244,289.75885440724477
2026-01-01 12:35:00,88.20026137396441,0.2418506926168763,58.355544629503285,45.78717293606038,56.057662697077596,3.355451770550547,309.2198200980315
2026-01-01 12:36:00,100.02804801730616,0.4472819699683513,60.82186806830829,60.41152511454111,52.059681229396446,3.2017419189090566,296.6307952089075
2026-01-01 12:37:00,117.2763754813309,0.7672758915753648,62.936224751088204,39.22578603105562,50.38499479773788,3.0423773208152936,295.7227128610198
2026-01-01 12:38:00,121.80044407222027,0.5474676207587694,73.3153866358291,40.65676407103642,61.569432629842176,2.542890317115056,290.8729179380377
2026-01-01 12:39:00,113.42030857049781,0.23078773443100242,71.75151077657308,44.894917577090396,64.28108283697642,3.076180061362213,305.38480081223213
2026-01-01 12:40:00,127.62606926134195,0.18883211766701297,78.5222349735936,39.91669825421183,53.89387174674461,4.7486688651563975,319.2491486258371
2026-01-01 12:41:00,110.80245923264572,0.8329552117496544,76.02241458353417,50.304338105641804,56.67737351097148,3.0546921963066036,348.4326645291743
2026-01-01 12:42:00,103.71663862875855,0.481936197948974,78.57522364946126,41.79282338362023,55.2849562583125,4.130244814652693,293.92462393971545
2026-01-01 12:43:00,120.01562649560782,0.37051795885967653,74.86716953167299,48.92405784089602,63.65253418676428,1.7234680382428935,288.19085113092376
2026-01-01 12:44:00,119.61951572665643,0.4452016470205994,71.67743447273192,37.02486520919958,44.434247762732326,4.055765626519635,284.32615330622605
2026-01-01 12:45:00,91.78659113600175,0.20453844913653357,78.79481393830125,34.15901098707465,56.8856172063511,2.736880847926651,344.09351565097495
2026-01-01 12:46:00,110.93559711078271,0.7846190299023239,77.3553023339208,43.6260901262817,51.36436842928033,3.998627740157124,320.70974691341456
2026-01-01 12:47:00,98.91672350840321,0.42138941248279405,73.00876294043194,35.58895297177443,43.220179892644104,2.92705388985546,243.02899720685488
2026-01-01 12:48:00,71.03155509407387,0.7734803055476844,80.16857496688114,54.1096134765927,53.1973495128538,3.321317208907421,241.70637891610855
2026-01-01 12:49:00,116.64704723960226,0.510330342889463,51.23369405997283,35.82117905703001,64.24024395455277,2.9501228837278415,275.0982636150574
2026-01-01 12:50:00,90.76915329579937,0.785906394913688,67.6762946068764,38.773879873975815,51.719754047997995,4.592830626408134,306.90436332163125
2026-01-01 12:51:00,114.00102494089325,0.5513388998086171,67.55367627478616,47.48171931284766,58.953827532823055,3.7624266520657637,298.9958958234393
2026-01-01 12:52:00,82.73604571814953,0.6706465325738152,79.22146301985256,41.481816299627965,60.99336098531683,4.491092795409337,315.4433565553104
2026-01-01 12:53:00,98.25686920754686,0.6438186092176674,82.57115997560615,35.88967218079438,54.936515986902386,4.936807400893532,294.7366967345016
2026-01-01 12:54:00,98.53217751577023,0.6246582132503942,58.3985650383179,57.239784960431756,55.60227809205646,4.013037306693149,341.9225631413683
2026-01-01 12:55:00,123.63426338536352,0.5695868954365422,81.2893373931942,38.990197181042554,46.41851046729444,4.5412318318458675,323.16334136322047
2026-01-01 12:56:00,93.71685998882514,0.453429856776883,60.62843851178985,43.8224531550207,51.41918068413677,2.8848887940959855,302.32729821347056
2026-01-01 12:57:00,90.0664096093659,0.8830869383145721,60.87027803551342,43.74484487936382,59.53503812164998,3.9997259819973134,334.3601829160232
2026-01-01 12:58:00,110.64633401517716,0.31861260298081984,68.12571438138109,49.26185491179947,55.30339548518534,2.04308686515785,250.5328132705434
2026-01-01 12:59:00,97.83743981848879,0.500861528468632,67.45434822293933,47.77411476402635,56.83670720721841,2.6395192253531636,297.44775862004326
2026-01-01 13:00:00,116.70481707429029,0.5029771750415191,57.532661762264986,40.03919377361397,55.66578789841525,3.956912210050902,304.12536918383955
2026-01-01 13:01:00,89.58261207096155,0.5804881506687043,75.19902378794053,43.04503669534016,65.96001972148215,2.962840809703759,318.0610949985753
2026-01-01 13:02:00,113.5554917320306,0.4141054708210998,75.43521939781282,43.638465398749105,52.84740084405699,4.326005799936671,248.54501991514138
2026-01-01 13:03:00,144.72614193644802,0.5629492611179175,78.43233276930937,49.49375698919137,63.02705021493155,3.426781170679798,292.18779279376554
2026-01-01 13:04:00,101.44515193175924,0.46623148295940675,66.53235736177707,37.99006851084839,55.66751611103366,1.0075239440553474,312.01382389053225
2026-01-01 13:05:00,108.54731807491267,0.18360949651242015,69.68333828022041,57.10866334053469,63.47099487290399,2.8798678797180046,314.31486379192006
2026-01-01 13:06:00,80.21703326374828,0.5019104572513693,69.75658268077886,40.444899675243335,48.87510955370925,3.753818508096739,335.58389524362605
2026-01-01 13:07:00,91.59656872573105,0.27988693339396964,83.50396353174771,44.94750361946044,55.9232610381543,4.831490867344016,322.84515997220234
2026-01-01 13:08:00,108.64852893847669,0.15312284751021976,47.32604173893425,38.04006336184055,53.03156608038265,4.2732174591979195,298.17461851883877
2026-01-01 13:09:00,99.59837822964593,0.527374664137877,62.34444520808717,37.2110459301563,55.6973616792502,4.563476907710598,320.24921246846264
2026-01-01 13:10:00,111.97819963905414,0.5975766684039133,70.04432674233438,39.75342954553426,61.11188131333064,3.3934573298700355,293.95909093336104
2026-01-01 13:11:00,107.62313367017946,0.6053396084209153,61.31543812067598,39.17686069401447,56.894048026789726,3.0405785078291783,304.4032185828856
2026-01-01 13:12:00,86.7632239054762,0.6134341414039388,67.93343714183106,42.514457855071015,61.10191345013469,3.4592353189108813,323.84407050442087
2026-01-01 13:13:00,121.40338821917197,0.1134821958118779,68.99139570904073,39.126209827417554,51.648894533630276,3.8477874985073472,298.6409762043587
2026-01-01 13:14:00,80.99960331455976,0.22779661441850607,64.73851112966025,49.17331452776526,50.88582771238142,3.9814948049394197,310.8596903859551
2026-01-01 13:15:00,93.15811750040322,0.8947042873627342,70.51575140882137,40.30209662808975,55.080525365686334,3.5545301895228905,328.8392630795104
2026-01-01 13:16:00,111.42937789071297,0.29055824798459273,75.02519422206251,39.63710703928851,54.806739108044574,3.0265503520902457,321.3649458221716
2026-01-01 13:17:00,131.68301633678766,0.6221682062273378,68.10986843975198,42.642186815296384,54.07070315587904,3.6668239087550862,337.0041556764411
2026-01-01 13:18:00,93.01936524674335,0.36261247566683075,66.37444212825011,50.95703327217777,50.206841371646576,4.1195205668684345,369.85344893858735
2026-01-01 13:19:00,107.33200642199766,0.5159345478535129,68.67388066676902,46.289257041662395,60.993257949259444,2.4050477957513783,321.0878332007083
2026-01-01 13:20:00,104.80517104854766,0.37334915954528114,69.94050922683529,44.401862820675184,53.185813996832564,3.330558851465536,286.1612234578574
2026-01-01 13:21:00,111.60930318451238,0.6123082309239289,56.07744347732462,36.401731380187925,62.13039061106341,2.7852769316404196,315.35469143459403
2026-01-01 13:22:00,123.7942729594374,0.5273548234633398,73.69243134369023,38.14374924081774,55.06371682602029,3.728040556739013,314.06455249471253
2026-01-01 13:23:00,100.07671114306639,0.41034204527115326,66.39199016442565,37.32954035976226,58.24214465407022,4.576843632299488,318.4053208053115
2026-01-01 13:24:00,124.03973195375944,0.2899655760638579,80.09228059848841,52.84110734203408,57.78854821481841,4.039154949595959,344.85048741712114
2026-01-01 13:25:00,128.25476473342195,0.5535548394985023,74.7284278051398,48.183378738789884,50.878626298245734,2.372906395047251,249.47665473047982
2026-01-01 13:26:00,131.36270171348008,0.25745624019148194,79.36053123375724,39.83027694645484,56.83601460776244,4.795502971286547,345.415139739892
2026-01-01 13:27:00,108.79623185924169,0.5854962084241677,61.91196965028073,41.61377013704607,64.64166472233553,4.248760806485814,355.5125060417434
2026-01-01 13:28:00,106.40423386425681,1.02529698180738,67.02890687050059,40.048258942576,56.25806126550178,2.8276236407289517,317.0421198981064
2026-01-01 13:29:00,98.53292648020853,0.7700340102524024,60.06033210034073,39.68483270171575,59.50638369779837,3.369256579206473,317.764052436694
2026-01-01 13:30:00,82.50894928158768,0.6436695773788326,64.35847032856539,47.76180618729708,58.466359222960925,2.6586848915281633,292.75065578221506
2026-01-01 13:31:00,99.09701468588958,0.4828785404517705,80.01684339606874,43.27478267529412,56.535248291824935,2.3369329264452148,300.18971969450115
2026-01-01 13:32:00,107.44372048830732,0.11224947459929491,81.89992462337996,57.48700646578478,55.93239358862373,2.649443628108413,320.93856477444456
2026-01-01 13:33:00,101.84574223927456,0.23554272081996314,60.81493364156432,52.50215894710199,57.7365777956065,2.481537086265395,319.00657178310973
2026-01-01 13:34:00,112.08157164104631,0.7565585712205427,66.33377865346174,52.856882042800336,58.81641273237806,4.543809342091553,321.6212919001016
2026-01-01 13:35:00,84.12175938681241,0.342048783975044,69.3904346238084,49.02814184968876,48.23917971474464,3.27217152892451,318.8000571480985
2026-01-01 13:36:00,101.06440820526531,0.3601495803671907,74.68484513447825,42.46404557695686,56.23651444548227,3.5231095217581667,326.9516992242711
2026-01-01 13:37:00,135.6538558038897,0.4668699048631957,55.92151789170806,48.5867453071775,54.079610596263414,3.69906131998044,323.59946009956946
2026-01-01 13:38:00,120.75359346108972,0.2875907482306891,57.17599934777249,42.90700383282805,53.04236578174146,3.569344927363246,269.26954004219607
2026-01-01 13:39:00,110.82456493491608,0.2546462530896727,73.91700915097923,54.78165630437017,61.47982189514287,4.567011225454461,324.9680413052364
2026-01-01 13:40:00,109.41651225374112,0.48990518544371564,54.40769144865661,47.42567629829952,51.33426875968073,3.6014935028015134,355.7575984924868
2026-01-01 13:41:00,103.83185295876939,0.3216941090655927,66.42562075088904,46.57416215161809,48.02615469844999,3.2870352388104305,299.2011974413379
2026-01-01 13:42:00,75.20270768544643,0.35179628404422103,71.29673446847073,45.76243597457705,58.97858112692927,3.474324527801608,344.9843984394743
2026-01-01 13:43:00,105.5069655092684,0.34376179477059876,73.32532775946494,55.44159856416515,47.898030717230554,2.695790747770611,272.4811410026523
2026-01-01 13:44:00,62.68803979592744,0.6044720427668937,68.86625523564935,36.39749799697928,45.36028461020718,4.214389941854899,299.10712141168693
2026-01-01 13:45:00,100.20399190053836,0.45357486190092855,67.07394624761976,56.02972696601236,59.541338449949826,5.306674336342233,280.76525544570427
2026-01-01 13:46:00,105.03786399156313,0.4642856064212293,76.75656687773184,43.883077155275174,55.79361125281244,2.1990957040084647,341.37663757271395
2026-01-01 13:47:00,97.93931090261943,0.6193891794617766,72.28164741092606,36.56310614510609,57.363598136843876,1.9789448972045576,349.21429663226553
2026-01-01 13:48:00,141.21331538881395,0.471592078353412,64.82386702438832,40.486741610141664,52.78786212610189,4.646966546689757,297.0241163973731
2026-01-01 13:49:00,124.3466384771921,0.4443492463085654,70.3017831734579,35.0951564236585,48.077969341954905,4.4245385782755005,335.13184567985553
2026-01-01 13:50:00,121.67997762844394,0.5940900711140342,73.06535218124954,48.92194047351384,49.07106393191167,4.484176859188965,349.5187988371
2026-01-01 13:51:00,95.80441311432506,0.6336395687115262,83.74589793161105,38.77024229792088,53.63905550284358,3.751593776234569,299.0124342611499
2026-01-01 13:52:00,130.43788760980667,0.47058530009827915,76.29058934633264,46.0120059972282,48.637985710409794,4.502462471451661,303.8925483539095
2026-01-01 13:53:00,113.14511754698583,0.5161215551241043,79.71645484763155,51.805302180995085,56.535264535228265,4.687154538703185,322.0084610888095
2026-01-01 13:54:00,88.61162935201898,0.3436419540533344,65.11514082960296,40.96789842860318,52.68771030982791,4.732627755351061,274.7238605543915
2026-01-01 13:55:00,102.80771553121104,0.32786339136709486,65.80653674995997,43.39137784185365,55.92518023682653,4.329905584961746,303.30292785643684
2026-01-01 13:56:00,118.39983678800287,0.6538295003933615,68.11696005749607,37.1798003405039,55.77574064113215,3.1664435316927255,364.2836131860581
2026-01-01 13:57:00,100.29927324141889,0.5889884125089243,68.85141882689469,42.669857346292815,56.93399777212264,3.491822649294157,284.9995943924911
2026-01-01 13:58:00,112.62014834655443,0.5910596876833152,61.93580033757688,60.44414175164023,57.49741263644499,3.2791531164969703,325.6147872211954
2026-01-01 13:59:00,108.73932798258195,0.5561708697451044,80.12746901245454,49.66759898466265,53.280497046103775,3.8816747455445304,315.71413338411037
2026-01-01 14:00:00,30.71518064219341,0.5092406551629907,77.06681310207034,43.41161748663837,55.919846333169154,2.0052098307124098,295.08702273891146
2026-01-01 14:01:00,25.106729430953873,0.6392823781645538,67.55457710958794,41.329871782909706,56.18004064210087,1.5929772376023876,306.64965278728175
2026-01-01 14:02:00,30.261073080103245,0.6870217522045567,75.13368519211083,44.7441996260614,42.85554845453318,1.4014422419164152,352.57859773618287
2026-01-01 14:03:00,24.720104051039524,0.6822456010381295,71.7831933040307,45.78030451316184,58.23262872929745,1.7490185610196245,316.60791439737903
2026-01-01 14:04:00,25.393173478138433,0.47984441681080264,75.75862384745099,42.48558175712545,55.74971098110126,1.415568074528188,321.2945586978379
2026-01-01 14:05:00,26.096423417928502,0.7773985459817676,59.24554301179496,48.180355174626776,57.82024432621785,0.6777164284890063,348.0258688875527
2026-01-01 14:06:00,34.536561038102604,0.5456921363464642,68.83471141442052,39.27931505963755,48.565782022763685,1.7253897131889868,291.317686890055
2026-01-01 14:07:00,27.553856724534366,0.6264752385131597,69.53569177675364,39.24967395009439,53.421134124188036,1.856900590789831,268.59255270486466
2026-01-01 14:08:00,22.87820641014561,0.5564175781669759,74.9891367968932,47.22117274230123,49.5423527171721,2.076434892151732,353.05042174770836
2026-01-01 14:09:00,27.906993610827573,0.5494013414968348,64.97249919054293,37.988149478613614,58.72300688106438,1.207696622818974,304.09565347855295
2026-01-01 14:10:00,23.914502388746975,0.3528496019499361,50.00055420734083,49.374103517175236,47.97441728965753,1.5904661263445092,326.80802550447044
2026-01-01 14:11:00,23.530749451296373,0.6402701676689653,61.346402258536635,44.9143163256184,50.35672609038839,1.5991198231411932,277.1301244314192
2026-01-01 14:12:00,27.725804079676333,1.0690588789815278,69.51161611431274,34.03254468769672,57.67157064135991,1.5341530238815257,311.65578915738496
2026-01-01 14:13:00,25.09325676331346,0.42504098504198334,70.51107380402665,45.65699475336568,51.85312733861376,1.545942415314486,267.0920164541443
2026-01-01 14:14:00,25.83572774353542,0.5141989430849896,83.46998498099987,34.88912025246603,50.35804671605471,1.5148544061507865,301.9121951918428
2026-01-01 14:15:00,25.04195566559588,0.4107589471305475,74.66197152526479,49.16017205793397,59.53359714770092,1.5846997606331266,280.5623044446516
2026-01-01 14:16:00,26.009749379816306,0.40239601968761307,70.65224223385191,43.50771402449642,59.73855878295934,1.7962724135981414,273.67036995262345
2026-01-01 14:17:00,26.274897692308446,0.8088898956237346,69.7408697857485,56.10650529904092,58.61035596270499,1.9881150098337264,290.9063199190223
2026-01-01 14:18:00,19.189099201883753,0.36540579645450705,78.83346705735754,51.42787706623564,59.243548369701465,1.1974670317225447,231.1982807109538
2026-01-01 14:19:00,26.9997180058286,0.40518390532672777,65.2791163827405,38.635844962609056,53.84210360530972,1.431079458084727,265.20292686667403
2026-01-01 14:20:00,22.0539417405091,0.18250143525373974,68.87772969807521,32.87556081695149,53.97703512681692,1.330956752044937,323.47242468780985
2026-01-01 14:21:00,20.673102593321765,0.3484776550915505,61.285935038893584,40.46939245925176,51.759593607331986,1.2737310571199765,310.42999168643183
2026-01-01 14:22:00,24.824766268423954,0.15832002140933044,81.35124838956243,37.67244838301777,55.838645838579886,0.8535874338775895,267.7743915911218
2026-01-01 14:23:00,25.251943009943364,0.6263609398423857,73.13999149601291,55.954428521262564,52.36050836337076,1.5096889823411848,316.436207083952
2026-01-01 14:24:00,22.91948150628316,1.059939444367462,64.33981363196844,44.93811204431909,52.834668970365115,1.6917281478181152,273.65360783544344
2026-01-01 14:25:00,27.493095573003924,0.42666424126989555,69.08435991745354,50.600512825099,57.9995021699145,1.437960099240451,321.65891611240255
2026-01-01 14:26:00,20.973474500887278,0.16664841340195252,74.07720610565025,43.28981452469648,60.9226962275719,1.4964168414411658,296.5308277961452
2026-01-01 14:27:00,23.779168753682324,0.6799999328859466,67.9942486982218,43.92199507031613,56.99130127135047,1.6673747711636526,290.2463054882302
2026-01-01 14:28:00,23.245377595201,0.35461500821396863,65.7242350262992,44.80423786494655,63.97157932621284,2.0644478780654527,297.2680912881764
2026-01-01 14:29:00,24.86023818898198,0.7598693861107081,64.76581051212534,51.63923591155468,51.47242213983626,1.3320941881907855,376.78585369997126
2026-01-01 14:30:00,25.836592853941717,0.44359419044201104,72.71169519392892,46.869748534047595,45.81012680395371,1.031355154266444,277.23595441432946
2026-01-01 14:31:00,21.976321151129365,0.37363686218344383,67.13556576631451,38.65599693914001,58.573139447947774,1.4638239412025544,306.7967599879914
2026-01-01 14:32:00,27.172848032368684,0.4644084888508627,66.36993812189803,54.7350848285185,51.14083223676634,2.2534245053479784,323.44106128477114
2026-01-01 14:33:00,25.189007105004098,0.6515553521872375,59.311505959556754,43.24310700608212,53.631538791123184,1.0356397766286447,271.12761452733196
2026-01-01 14:34:00,19.32416124006427,0.4545158738488687,70.62112461221736,42.26687925674011,46.15101744939438,1.7600542782321136,252.17226487782204
2026-01-01 14:35:00,19.124225678808905,0.4006550594412589,68.55021248966473,28.022968186505793,50.50394876327087,1.9631652917140456,281.96705571113483
2026-01-01 14:36:00,24.963042121212066,0.46023367940422566,67.42681321086428,48.80639754696802,47.488862917103816,0.5537863122422958,322.78389603326605
2026-01-01 14:37:00,24.33709804664094,0.24562896309982302,71.59016541990975,45.6060758379713,52.82848368289848,1.6640890094433942,289.7398964481515
2026-01-01 14:38:00,24.6897396592761,0.579406320458796,75.98401810188719,45.59955393961141,53.02724253058525,1.741364254829238,293.0668220591692
2026-01-01 14:39:00,24.916052630409347,0.14265468123101793,75.61252377552375,42.58305197333509,55.449802057741046,1.3930659194480584,327.3230895387624
2026-01-01 14:40:00,25.67667951853054,0.41117570912689694,74.4218280071981,41.5486929592033,61.19861482177588,1.2414245755641131,275.8097076151542
2026-01-01 14:41:00,27.8429488295449,0.6518770417661487,68.07463777091424,42.78251743901742,58.384531324489096,1.2637350589904077,297.3373406656165
2026-01-01 14:42:00,21.666685297247327,0.5606096565865434,65.46401331247006,47.778965226763674,46.889151818947596,1.3685726016497515,254.58476876049542
2026-01-01 14:43:00,21.484085221297615,0.6180641145972781,61.6486748694205,48.8347066382001,58.04007717806428,1.3791615873248892,309.6215718217739
2026-01-01 14:44:00,21.72002842633785,0.48699086545623815,65.25474794129535,43.61381046975241,55.5587734872073,1.303689182897293,306.8852122370523
2026-01-01 14:45:00,25.86675000150612,0.7339492361971034,70.15720076109255,50.693624965900554,54.51086783981951,1.3622098989270217,323.86608894501654
2026-01-01 14:46:00,28.73484213593934,0.6849398393539584,63.70971102678014,44.526154913895134,54.88650235031387,1.9763167295386512,265.64231604985844
2026-01-01 14:47:00,23.70598168528147,0.5892282008495349,70.76845711293954,41.97464149125807,56.022762140431276,1.014228488433946,294.2433725768275
2026-01-01 14:48:00,17.494900467521035,0.6855091554627086,62.27634657670509,46.19049344944418,51.54056604493218,0.8003766306913638,261.6458891862544
2026-01-01 14:49:00,19.888021412168875,0.6500847108807154,56.712064887943825,36.84368148903684,54.088245712376796,1.982714042893726,292.61679941532606
2026-01-01 14:50:00,22.500889831611964,0.41210729733062196,76.55524896691836,46.39630985447549,60.91969561945917,1.4231928962637672,344.45364226323676
2026-01-01 14:51:00,23.326813337514356,0.23122021766173328,66.20468323707324,35.74690736684177,51.48047107787233,1.3447070830069856,290.3774173207805
2026-01-01 14:52:00,23.77483411823582,0.5840724251685248,63.30373077420887,38.833638240097414,49.85056011912452,1.4555131505069323,259.0224052726529
2026-01-01 14:53:00,25.115743368942752,0.6092178461662857,61.249222869620496,32.88785155970025,54.69146326063075,1.5837106803116507,279.6036220507555
2026-01-01 14:54:00,24.06476100753266,0.718094398227713,73.3842877978432,43.949298283971,49.347167716218266,1.2903795091526538,251.67144499748366
2026-01-01 14:55:00,28.14801883163022,0.31273574499094126,80.99926169174374,54.657802213854566,46.38608439272831,1.7023724510589213,261.12681363578344
2026-01-01 14:56:00,22.971948082955894,0.3187137881445673,66.77540911195085,44.29754003351139,53.27766411462592,1.1150949704764415,320.129608424862
2026-01-01 14:57:00,22.41304612157337,0.5919800532615541,68.27549300269935,48.861512276598766,62.243109422819614,1.3792695288603256,256.6115028791369
2026-01-01 14:58:00,26.436626615561384,0.48576660222938267,78.57305471911258,59.11388338387434,54.806979520615535,0.6141214978860989,309.36985771064633
2026-01-01 14:59:00,20.393073790221642,0.12284767788577433,55.516434365133506,47.424335088720575,55.89288547224107,1.96889485394551,300.7722802764772
2026-01-01 15:00:00,26.169075115960005,0.5750216327508382,85.73494914330134,40.40872773247187,44.349258209244375,1.429564921376148,284.05415252719996
2026-01-01 15:01:00,25.3076595511788,0.12951541700220903,89.55280241861095,41.23458838358498,57.19062746220474,1.7680416366948635,306.8204994017333
2026-01-01 15:02:00,24.557672530245497,0.31094868962532474,48.34929976463934,45.003949249338035,55.46682930654896,1.6906298337065,271.87015471958233
2026-01-01 15:03:00,29.764828321447787,0.7703362745720215,69.21997416866594,41.20263212843445,51.67542585980323,1.7199255121485288,325.2253320248114
2026-01-01 15:04:00,23.133377664115848,0.864975803561423,64.2484237450435,41.65147800111941,55.90025235701187,1.4968897885702614,279.04979104283007
2026-01-01 15:05:00,31.180894511572234,0.25686872630560764,67.88182583276213,50.91152345555694,55.8506080857898,1.65529095709567,288.4089933417934
2026-01-01 15:06:00,24.323705652315702,0.43412169251746113,66.65291944307262,51.15693768463328,49.70256035821032,1.1154862349552221,284.8394698380868
2026-01-01 15:07:00,21.168950665089316,0.5085245046157412,76.49407278783487,35.11864510770802,56.65926863389955,1.031528577508107,320.684206932233
2026-01-01 15:08:00,25.209758742984476,0.8562453855163137,69.09944074425607,40.09098289259868,60.98567711263577,1.459557626597898,316.333317405267
2026-01-01 15:09:00,21.771264399043694,0.40142621043511967,62.71274228640035,42.215973678519646,53.860292622632414,1.2280894478416937,221.348965022286
2026-01-01 15:10:00,22.7447324565595,0.40462319539334435,68.62251870963901,48.59453367699151,50.66202898781446,2.0701856692997707,307.6272880883454
2026-01-01 15:11:00,26.191099900046474,0.8097451116925725,74.11827389569928,51.85845353103394,54.11209965099136,1.650057771722844,247.66221504523259
2026-01-01 15:12:00,26.666746265950373,0.4250421694563484,60.530229377877745,61.2118076056433,59.27306597532214,1.2134074439517843,289.7603486343251
2026-01-01 15:13:00,23.133496899237226,0.6444403417932916,56.83013048824016,42.20596022230403,48.86840580351364,1.3913838245977679,296.75477934759897
2026-01-01 15:14:00,27.962215435139203,0.20457140697751447,85.94194240668256,42.505627713947824,57.89279129392091,1.5532026327952397,289.43825311404487
2026-01-01 15:15:00,28.472523274063402,0.46575345118153477,64.86058656233251,48.531420093826284,51.609927707397595,1.4727988175404332,315.0245766629675
2026-01-01 15:16:00,29.308905269689873,0.16808063233471904,68.90117610464382,40.90669968627084,56.21031540689869,1.6086984131737059,321.60229698238595
2026-01-01 15:17:00,26.588240221377166,0.2889132438088591,66.81763675339542,44.1542288310569,52.17834362477218,1.5274618177849233,276.7960262154213
2026-01-01 15:18:00,29.090286136257095,0.6678402710304527,74.38470163265714,42.509771347298724,52.16491522459219,0.9437373006119679,275.7060899250804
2026-01-01 15:19:00,19.357604716077827,0.4900189217826575,84.18231938472834,29.270076468574928,62.615474581175235,0.6396381729984357,298.9209133904245
2026-01-01 15:20:00,24.04628035411461,0.4361788518894051,74.63947073383427,45.739399380909276,47.95456704733254,1.3505563820432036,253.68803758301533
2026-01-01 15:21:00,22.398984231029722,0.35025007520381646,57.85307881968007,43.90583424418326,57.42683088772772,1.7241970820393429,285.69066074436967
2026-01-01 15:22:00,25.357677583382177,0.45586878535174347,58.92701258393176,52.6273863015414,63.65662205460643,1.3550523861745685,340.44233500162073
2026-01-01 15:23:00,23.285652342409787,0.5602226334201388,66.80828179738467,45.032942445218126,58.42760963236411,1.99462564536209,254.81098304367853
2026-01-01 15:24:00,24.501526474150804,0.6965832412923524,67.85413440373387,37.471515130114966,48.344514904804086,1.4812453202804405,289.79647922059775
2026-01-01 15:25:00,30.64652464061215,0.0,56.22438984362719,43.45140676212286,48.59209745542297,2.0428784257007915,282.2309756120965
2026-01-01 15:26:00,24.490840610738864,0.33364776514743805,76.55472736139552,32.45350294118023,51.24187311676799,1.9607613757057223,360.15803644163276
2026-01-01 15:27:00,26.241376951570643,0.5318192484378012,61.30943553694817,37.734492988802145,55.789539557599376,1.9205147460697867,283.8641637999104
2026-01-01 15:28:00,24.303192010227296,0.48022737680754285,81.94641249700604,48.81303580891799,56.12971347044526,1.0185953463171997,285.60567343924515
2026-01-01 15:29:00,25.2271398638705,0.580675248505345,84.56506077764577,43.51595736027802,48.641517228501534,1.5068562671892807,269.0770521659481
2026-01-01 15:30:00,25.018050041308214,0.5535080572253108,68.01397173894259,50.535049436988395,50.63621270776517,1.9891093949929257,300.2796541070175
2026-01-01 15:31:00,26.34497219791948,0.43902642740131853,73.51178112334547,33.19864649473171,50.9425875650999,1.6089378899032154,308.10501165071065
2026-01-01 15:32:00,28.495922606641532,0.3946293608025646,60.14442222332639,43.545231616057485,54.09626595942554,1.7217439619995871,273.4254045714122
2026-01-01 15:33:00,29.94218199280999,0.4508997020528998,74.98941061183291,42.14692500967329,64.92347728645538,0.9448450779537514,329.66168402165897
2026-01-01 15:34:00,25.9288602457275,0.7297484699645486,66.01446061252504,50.735091495679235,50.334064671882764,2.2675159722432268,308.1319075286553
2026-01-01 15:35:00,26.768640658106808,0.3535984134188571,61.30211742729317,49.03657660899974,50.11521083432106,1.1834502389738335,325.55697806295547
2026-01-01 15:36:00,21.5474064724433,0.4874386553712089,67.68532009397613,48.853512900529786,49.334298524280776,0.7022299432999213,290.15593416480243
2026-01-01 15:37:00,24.73636977275314,0.5366684427996842,66.2740159327571,54.24846022850461,58.17772285621116,1.3595497048699734,307.29552992674
2026-01-01 15:38:00,27.820868394650766,0.8120701859748916,67.39872477596997,42.7914773442806,54.79329201822449,0.5210064593915733,293.6071051537775
2026-01-01 15:39:00,27.59790591525146,0.4399383483527374,77.59743922253087,53.01048501180431,50.518867259150205,1.0659499420835332,343.7304464847345
2026-01-01 15:40:00,25.63482919838515,0.6917613312021922,63.71753925891414,38.734763094721586,53.18602208110834,2.5234047332417786,303.48792412113187
2026-01-01 15:41:00,27.65918187870386,0.7463958806530044,83.880183998191,38.514733501405836,51.042448495211495,1.347983688998712,300.26261844945
2026-01-01 15:42:00,26.472300126981455,0.48724914700187033,59.39952293739717,49.51647942899003,56.47945640594622,0.9288851328080836,286.25274002937255
2026-01-01 15:43:00,28.600918774777966,0.4578562041846475,82.92344218542877,35.97155556954719,68.42188303398169,1.510119154626447,284.5210910858351
2026-01-01 15:44:00,25.868077470871334,0.43418926559035675,61.86791502474645,48.436593770513745,57.75432202846118,1.1408785019872099,307.1316622447148
2026-01-01 15:45:00,23.932905053286895,0.44883537315148353,69.99189413970707,45.607879162327954,54.53505742446318,1.845807679869572,324.58762378118143
2026-01-01 15:46:00,26.00752377079907,0.6708479721153666,66.07843109217585,51.431116371929235,51.67512256256023,1.1441820882455838,279.4632570626974
2026-01-01 15:47:00,16.208216872441675,0.5462019954511028,67.25017062769716,44.64333621027066,48.28299959057575,1.6082934840540635,303.7973783152839
2026-01-01 15:48:00,26.148657209155147,0.5470579418339738,76.4108578908444,45.33629367777316,58.668448657015176,1.0411763852510163,305.52508473057344
2026-01-01 15:49:00,14.05476152435565,0.274955297924033,81.99861437783048,48.05558995754944,58.3967708918316,2.5396112579162216,310.7509054912683
2026-01-01 15:50:00,19.829609777783745,0.3065019845249531,79.52419763964514,41.02410269964133,52.669495016545966,1.7014494880109257,248.77510794417844
2026-01-01 15:51:00,26.355305802822954,0.928689364955396,66.76114934126522,40.762762155058674,61.06666991471309,1.441797681007013,272.2580190086704
2026-01-01 15:52:00,26.432588011800387,0.4644348549422621,71.47404177923643,47.846576639060515,55.10553469442542,1.382816699747486,259.024664396343
2026-01-01 15:53:00,21.512713659580207,0.34504560088432795,63.743377010653106,44.824273145216175,58.873803676975676,1.2785600067002543,300.9865327995524
2026-01-01 15:54:00,22.863693874363182,0.7862198331178595,62.06759749940244,42.55611649617432,56.48098501016506,1.1956346080769928,272.97079890329064
2026-01-01 15:55:00,29.111622965842397,0.5563617097367104,60.82959275417065,44.50329540181399,54.114320600611805,1.1846413095275254,285.11276644719754
2026-01-01 15:56:00,23.547909605281973,0.6156309833729043,66.49941354412697,54.56735704702998,50.22557694346256,2.171331540184781,264.17158428267464
2026-01-01 15:57:00,31.728760937208953,0.4723905849436933,71.99684504811954,42.34188955956064,54.27231703818664,1.2789544169115046,287.9029038849659
2026-01-01 15:58:00,24.99424044047096,0.43626538188463915,54.70547872198796,42.1678823203079,59.21025334447424,0.6482324373446315,266.2768919634369
2026-01-01 15:59:00,26.2241085306438,0.4660827255005419,69.62917037935388,34.75533465202503,52.45932444050287,1.0336129116480421,322.7372532609885
2026-01-01 16:00:00,29.85062319549582,0.22345236594027462,82.1282009963962,44.74588237105731,57.19870697801589,1.871089847999655,314.3768390938673
2026-01-01 16:01:00,25.39308134858026,0.4824145181160205,78.975288552593,48.94130106744235,49.58632058987998,1.3990703773634652,304.5068784442306
2026-01-01 16:02:00,21.992968057927598,0.5592066154085235,65.31852738778667,50.017188694085206,58.90029168065179,1.4463673599454516,290.94174210958295
2026-01-01 16:03:00,24.67081764491713,0.8700926467687509,58.82501672573771,45.6493056097832,56.56470668244981,1.9679257805676371,238.86939701091825
2026-01-01 16:04:00,24.89316779142973,0.5171998130010431,73.67864245171862,50.7350014384853,48.989446205817494,1.1891333643310786,286.25380123515464
2026-01-01 16:05:00,20.905775043395302,0.033164591557938994,51.460573998339996,49.38738241128145,53.87992738239194,1.7529670888523616,277.1563036893788
2026-01-01 16:06:00,24.23250378597753,0.4812029134430757,78.88123292706142,51.67770137815358,59.65720454659185,1.232846740084963,307.41822651796565
2026-01-01 16:07:00,22.77342371800769,1.0479008266216612,68.29130033693407,50.90581593286537,48.70483729673388,1.7303506547009335,318.5912150641312
2026-01-01 16:08:00,27.773073271562303,0.673273246997008,84.65040256461921,54.41986917664351,49.64524880687533,1.3435458996921366,309.7389798747926
2026-01-01 16:09:00,25.103835622555767,0.33782221123828227,56.18427611538827,43.9818410006025,54.652515226067536,1.403380330057724,337.8911492737976
2026-01-01 16:10:00,24.15161275255729,0.6182213028861113,77.34516980166266,37.03765174583095,65.66665365216097,1.8280534630045109,282.9505729684473
2026-01-01 16:11:00,24.681454208132273,0.35159731502205194,69.19592930548642,48.98231246211252,51.63710957980251,1.7992099230729999,281.7067235603807
2026-01-01 16:12:00,25.669366055218497,0.22923849609062846,67.35159574822336,49.68331913593666,57.47636999792748,1.433828805838166,331.1363468670773
2026-01-01 16:13:00,26.85044259906934,0.43032612735318554,59.04125227830284,54.419972360286835,56.300677038006754,1.3113505320020857,304.986491836144
2026-01-01 16:14:00,22.000863313991857,0.5183052878477722,74.76598325369373,52.68774213701823,52.052400498672284,2.1396590337926615,292.5900377837335
2026-01-01 16:15:00,21.875237102136182,0.12556889951332084,75.40909907821487,56.672834735187394,55.805666758924374,1.7357323245991876,355.39563434684345
2026-01-01 16:16:00,28.31403764620759,0.2701681418922728,84.28102241572712,48.7191238819592,52.760826689525224,1.343543276536846,317.33191642148046
2026-01-01 16:17:00,23.762989383385808,0.502067112636471,78.06440210288474,46.37286355163177,53.21097604941744,1.2387662546840978,294.2836747819775
2026-01-01 16:18:00,20.749473722209377,0.41836536480220915,65.24883736835412,36.690101272045524,46.693640486134335,1.9099590027768558,279.421655590581
2026-01-01 16:19:00,26.331438128149316,0.5789622542292181,61.96909933105988,46.848579207084484,54.87781882566839,1.5461600344212638,339.7953801475161
2026-01-01 16:20:00,26.39010941809806,0.2570663345382877,59.05206853182091,41.684979858772095,59.49546753311275,1.4345788019495656,306.2099106266901
2026-01-01 16:21:00,20.40785422822988,0.6428227497106601,81.78579476511577,46.269060080594826,55.287128873898425,1.5459900702250375,300.73550758615283
2026-01-01 16:22:00,25.68844514639082,0.26324818058796096,63.77460572577707,45.327079117857934,60.45253880411215,1.6351187498547965,320.2882928236527
2026-01-01 16:23:00,27.20674927728512,0.828546860387526,81.84183895177046,47.83040153310081,57.90163722972508,1.4773243410276913,326.4026357056192
2026-01-01 16:24:00,26.12315935511879,0.15684834312433665,74.20057632689654,44.416015742768934,54.7022934683489,1.9814747467371978,316.4960995347269
2026-01-01 16:25:00,26.895944451284187,0.2814891459233175,72.63922305275169,50.61012114439551,51.86037223496591,2.0037353904847945,326.51926726895834
2026-01-01 16:26:00,20.787192705727755,0.5834741606063658,67.5450534995176,28.661074122749653,52.56868142319298,1.7127552476807197,313.54123076708044
2026-01-01 16:27:00,25.993120464988586,0.8328466502995276,75.28538330401801,46.13996145094707,47.647447630314396,2.049887596198251,316.64671750290677
2026-01-01 16:28:00,24.09214072158866,0.5630086072232341,69.87623389730558,52.21493867491537,53.66460554950837,1.5033987072552888,278.05086435469696
2026-01-01 16:29:00,23.551629523826065,0.6125715840364783,67.04629366824952,56.22029105073729,55.72999379282077,1.776132402001846,354.3106164485268
2026-01-01 16:30:00,27.611666828259178,0.5035073803346117,75.5680382931856,49.391768030310374,63.57710548899617,1.9017825275487765,262.9897002302789
2026-01-01 16:31:00,29.43782353202269,0.29472030917696135,68.84822312623096,55.10929813549524,57.64160161639438,1.907615312006644,309.2813284349242
2026-01-01 16:32:00,30.383110163801078,0.40197233035212415,63.613321770089385,46.01361597455245,50.675730099310115,1.8663996590953376,259.89698825464177
2026-01-01 16:33:00,28.944423614517717,0.25761805600374466,74.7986142036852,45.01717545556238,47.803158622405974,1.752475677632674,297.05613783492134
2026-01-01 16:34:00,24.670797455109447,0.24425800644462564,69.48811475497148,48.17649385936651,53.96723956397714,2.2828512462552344,282.86119086395746
2026-01-01 16:35:00,26.05816048907903,0.5803497838639493,73.91128009406243,44.98083430265361,59.058822234138745,1.2841216858938036,304.0726761403195
2026-01-01 16:36:00,27.30046861535273,0.27536440358240766,66.3691211331665,40.30585519189584,53.89691831652806,1.4379116849759157,310.25273044072935
2026-01-01 16:37:00,25.363533847898385,0.5639108013446723,60.327029562552354,41.908558535208606,57.709920875027976,1.4141958093399463,271.30998891016225
2026-01-01 16:38:00,25.39229256373463,0.23963544955578048,83.88059170011421,38.32708256354306,54.09437275373906,1.3527731420944762,299.11756635145275
2026-01-01 16:39:00,27.471259395628547,0.5592766040233509,82.3728912861086,48.170262569191465,58.585002173578,0.7044911826340254,341.8102266736885
2026-01-01 16:40:00,24.822152061922203,0.4022634862074075,77.07027969009569,45.068350875002864,47.013709886471695,2.049945922283299,260.6320470749562
2026-01-01 16:41:00,22.812139190879016,0.781323106730129,66.89751451700582,42.83828329945141,63.0209106007305,1.089583816381489,274.378386925138
2026-01-01 16:42:00,23.756580802492426,0.564743779115813,67.59745621471141,41.59989745897626,49.43758275888145,1.5679259634984388,325.82263943746005
2026-01-01 16:43:00,26.901731133201228,0.7471565785988283,81.05861956717172,48.03033807719776,58.96866164864888,0.9312555289300454,302.3266443973926
2026-01-01 16:44:00,25.008979873599866,0.3488706567149615,67.1693596994607,49.68268908366042,53.63908002665522,1.7482862922878954,304.5346478947369
2026-01-01 16:45:00,26.020629930605015,0.5112286680488335,64.93955170922162,38.2169160209689,54.420860498165496,1.1858415856239208,330.66907046076983
2026-01-01 16:46:00,27.01023772660657,0.30378256837674433,84.97787740509162,37.273891981346296,53.794490470149256,1.0456152303563768,276.1779389460512
2026-01-01 16:47:00,23.87547561130717,0.4172789514511164,69.61857854708902,50.727059733726094,56.27802292525747,1.5777373857926824,284.4199430970721
2026-01-01 16:48:00,27.268744490889418,0.4475791554510742,84.14740262811077,36.74920056906843,57.28762271640448,1.2197061678069485,280.72074400599485
2026-01-01 16:49:00,26.136527810375185,0.3548283558625721,58.812864714479986,48.28492100293491,60.29180755911534,1.2703363615654508,289.55390857993314
2026-01-01 16:50:00,21.295560739265564,0.256899428230861,74.14547906227601,54.70145519252408,62.03974441298689,1.5687158460798483,340.18566254843034
2026-01-01 16:51:00,29.326914373558733,0.2172965352694694,86.56866079373292,54.7154088203588,56.65910773388351,1.819995781453767,248.96759713426462
2026-01-01 16:52:00,23.497765768729252,0.032050376858520524,70.2380059572709,49.42723554379255,63.56837119584152,1.1726398048513154,264.1734356726978
2026-01-01 16:53:00,20.03471397044445,0.2887307072993084,67.88796406185763,49.252857091932725,55.46486271411239,1.1035230104034002,259.02950798120463
2026-01-01 16:54:00,21.864868871241093,0.6254987793343689,60.657984659212644,58.51144470117873,60.38720181126462,1.5093934666729099,342.050818520579
2026-01-01 16:55:00,21.936864517965034,0.1803002935973434,78.65874443548198,30.993626022637375,57.14359836453074,1.7157010321032329,281.5680019590071
2026-01-01 16:56:00,25.156519955972602,0.22637543074933897,63.8389753388745,42.21398594351619,52.25397684287317,2.08510207674425,290.19979061745005
2026-01-01 16:57:00,24.17844848336129,0.858179714246583,69.24153152488009,50.09095109445961,55.90617077189922,1.0714681606825194,251.5609746623719
2026-01-01 16:58:00,23.98950409707822,0.37270079003034917,60.12398176165911,42.97627795294826,57.515859387545625,1.3728131594918478,292.12841891502245
2026-01-01 16:59:00,26.85910589644744,0.5642092018329672,82.45515680077946,52.43866985164221,54.83900934298696,1.9703144100301018,325.99565162525903
2026-01-01 17:00:00,26.01962608357811,0.6284634293000989,79.23908248580545,44.76387563813884,57.06428258998778,2.2892378144554875,307.5887114481889
2026-01-01 17:01:00,25.94814361193286,0.632505225956256,69.74732200629495,45.79046316202559,59.32681479663447,1.1027636002764982,296.7640784610412
2026-01-01 17:02:00,26.22948537198608,0.19553715387838805,60.766808515304575,43.35195201452437,54.883134290020536,1.20447523207734,253.05343423644777
2026-01-01 17:03:00,26.848404004006714,0.45378806402010197,82.28725639394105,41.86493424715164,40.280561656587594,1.6524400378439439,290.16143738076084
2026-01-01 17:04:00,18.67613997466767,0.17635454609632156,67.07254618362282,41.717340221114085,63.39135075746685,1.268902743122765,304.40744291777645
2026-01-01 17:05:00,23.906685243206617,0.9892635717820647,61.15836127345985,46.626997781020656,53.51204284889835,1.196307298196019,270.24525428900085
2026-01-01 17:06:00,18.459369806531576,0.18102494719687995,55.90305590021965,40.352610205062796,50.88359889583851,1.597788242547563,319.6467347393364
2026-01-01 17:07:00,25.108179780393385,0.29043195622603596,64.8322789448498,50.719229300947724,49.37944852173591,2.119767981495911,326.55205639935207
2026-01-01 17:08:00,24.986101083326965,0.29187982903169907,58.36289501976049,48.91935554761694,53.317770488331774,0.9762070819602455,284.14053874037717
2026-01-01 17:09:00,28.13659682436904,0.2006679046554239,65.0174333078174,51.59649864581904,52.18626084341509,2.0993336431118053,321.77496581315114
2026-01-01 17:10:00,28.562903178163364,0.7705187819513091,75.95526986958173,38.22645386404201,51.314952680576546,1.2700923125668448,296.707812075479
2026-01-01 17:11:00,25.608325144757103,0.9844895802166992,66.99679868819814,34.80314071928134,51.58936865077713,1.6383167685032793,334.4141394473644
2026-01-01 17:12:00,23.498916767809302,0.40485017613747654,72.84554705690968,44.97488546620942,57.64871412029911,2.1363402884407443,361.02451980174243
2026-01-01 17:13:00,26.455483337637215,0.23591537063111795,64.21332272374215,62.39280368135712,65.1518172050155,1.6301294369208448,267.1900355420026
2026-01-01 17:14:00,23.41624708802706,0.05261490025479576,70.52135253091384,52.59725266856742,59.102857990074504,1.3810035807203247,323.0845321064
2026-01-01 17:15:00,24.995822045669954,0.4511782562955797,85.36720657668818,41.67332214895972,60.612990923772855,1.7872702490778958,339.14893698488186
2026-01-01 17:16:00,27.9584089508823,0.43672691536771124,67.21211137578483,47.54707280658805,53.112949842766305,1.4307335190670238,270.87958978944505
2026-01-01 17:17:00,23.32668596203173,0.36974077472797107,73.07543550095727,49.3655214446621,55.52332682775289,1.7085404198378458,282.74637995344017
2026-01-01 17:18:00,27.417035917727503,0.5442750507952456,57.475782180252494,36.78967055560283,57.13241202115143,1.418127600648872,282.4086870531239
2026-01-01 17:19:00,27.032204106076907,0.5790346285630973,82.16084897933496,53.21775521420763,51.70221053178615,1.8444611587956155,296.01656284391635
2026-01-01 17:20:00,22.135624548607534,0.5646166515875801,66.18234696844108,43.99545523907435,52.87134964725441,0.9423073229799135,289.30903481338134
2026-01-01 17:21:00,27.921682384652204,0.43677502560630255,78.40426919925201,44.45591493235284,59.27275979166538,1.0945913503625295,294.0514623583475
2026-01-01 17:22:00,27.095699036114514,0.2796756340851476,69.01455763392876,45.14270795660313,60.45146377550054,0.9364286300528215,325.1396498483451
2026-01-01 17:23:00,25.305777662117972,0.6331666195613432,74.89263492016644,51.86724083584737,55.33705134757629,1.4774282283214641,243.12564834341532
2026-01-01 17:24:00,22.713029625917045,0.502502751884306,75.368099417688,40.46890705079155,49.02421409610637,0.8881847124760918,270.7831973507587
2026-01-01 17:25:00,22.42238194427329,0.6776715049669301,66.38047728389826,34.75817997129329,53.52204008391171,1.2232673699732723,320.097842286296
2026-01-01 17:26:00,23.38701226929093,0.6580151098944462,78.73525148609481,46.937731757400265,47.79334432747064,1.056996558172477,316.5832844586262
2026-01-01 17:27:00,26.62778338987588,0.2156475861905769,63.92812108805521,32.738051482961225,55.37601204917363,2.0918704918155298,268.2437341789983
2026-01-01 17:28:00,22.133124497795805,0.21315555850847934,76.22347376022034,43.19337842918676,56.27701555635709,1.1037278591296644,316.7910585091101
2026-01-01 17:29:00,26.31253674585961,0.34889185625189434,66.87835764666775,52.12124573915291,53.64644789481112,0.9853817188306631,339.8060087045933
2026-01-01 17:30:00,21.27473341336482,0.2887469183418664,72.79646358905649,48.47456342105243,56.208556111916025,1.5993354135063078,298.5292045660347
2026-01-01 17:31:00,24.387794246683452,0.6510503551952201,66.30405598116592,51.254136394351654,57.084506195419195,2.1747284618246643,269.7611693380834
2026-01-01 17:32:00,25.328943263722024,0.5702619351975835,70.39980779765277,48.722108191216975,56.28431021453562,1.453573168301726,326.2486276894274
2026-01-01 17:33:00,32.33539043517675,0.7198367987570622,61.402450386465866,59.46200693270045,48.99234853851535,1.4845122774091744,351.69136292912617
2026-01-01 17:34:00,20.868053033438898,0.5792973634821836,71.98045587751035,41.47056223405911,53.73367837243653,2.01630298443139,273.41579089681306
2026-01-01 17:35:00,29.4160436994704,0.5417299163746738,70.3535026796767,47.38879006204994,57.04921489133134,1.8512917352865785,301.177562218501
2026-01-01 17:36:00,25.44952724196184,0.7399459560688341,65.67877156742021,42.3712771727241,62.89355885653,1.670165993844757,332.7046690466106
2026-01-01 17:37:00,26.23351575404789,0.5939454679470098,69.55977626887763,50.740807619489225,53.64037124880651,1.2670637086399226,303.4607614488956
2026-01-01 17:38:00,25.355043740164614,0.5136201926875438,71.07203580934328,44.63055074369702,57.75420100224055,1.682383162514645,247.58111000975742
2026-01-01 17:39:00,26.3341804545857,0.7960906067861371,65.0691435738791,55.31306927666427,59.39075955961912,0.9556863618589252,313.30253156357395
2026-01-01 17:40:00,24.538944686913947,0.523036176630558,68.96993139416264,41.81510426758814,54.016861508137204,1.2505297802429607,270.635740910313
2026-01-01 17:41:00,29.362150544372376,0.43913187901641565,61.955584472840634,53.4427591543019,60.7420387374367,2.0725850603821,261.87832203017956
2026-01-01 17:42:00,23.63058656732583,0.3324353482444701,88.76586431168806,48.558837183263826,61.01086915715448,2.020797073896449,248.16756027042615
2026-01-01 17:43:00,28.396703716537743,0.6406050918090822,78.47294928166548,44.80523358547811,61.901923670305955,1.6749938797341504,335.7122187949704
2026-01-01 17:44:00,23.066898639360932,0.7474101083684938,72.18475284505242,48.254654027159546,57.29216084492766,0.7282585114493366,274.9586604294772
2026-01-01 17:45:00,24.81924446079614,0.489882519713314,79.37690341981356,46.56758632517516,66.80068624828768,1.01671138880674,310.00008540743613
2026-01-01 17:46:00,21.784112343129344,0.7615831247559677,54.16598018652978,47.13572808151086,51.923584436178295,1.2282110285543726,317.36863291738206
2026-01-01 17:47:00,26.36507116104256,0.10599699360568482,49.538562097327954,43.75877356143366,65.6203879308947,1.431320387464513,304.854569694456
2026-01-01 17:48:00,29.335377870779602,0.48890932503841705,66.80567150600075,40.790468954670054,58.84149744329216,0.9998355397976147,308.89712339921914
2026-01-01 17:49:00,24.767931460537437,0.4919810175791128,58.97148685118313,42.98957328022482,61.701936665133594,1.4014745105671071,311.4314426219849
2026-01-01 17:50:00,24.409342903888273,0.3546011255185306,68.10715580441337,34.90113013231066,53.399811227291444,2.206918095262142,304.1429305993618
2026-01-01 17:51:00,21.65614911079622,0.9767722075963747,71.6452531247592,50.05168999519575,59.22237351481881,1.6603343507434691,277.1952145705193
2026-01-01 17:52:00,24.312122039343077,0.48676147346224774,77.36331598672488,37.58901616694712,62.134870818321815,1.5875306515844145,274.51988513545234
2026-01-01 17:53:00,20.221617220835416,0.41845384567911337,60.89388812579829,43.694117668585804,49.563206781380636,1.0929778323926047,296.8505536747222
2026-01-01 17:54:00,22.26136603984352,0.5051924226867011,73.19704548928057,48.8882702488862,54.1833685909229,0.8444060853149971,296.2150785585295
2026-01-01 17:55:00,25.680358138327406,0.09943725229483408,70.11511754521786,50.03638030259947,44.29373655884406,1.0087214297827847,312.87959197279724
2026-01-01 17:56:00,28.957039593224188,0.34802641493101694,72.78007447946467,34.35208837897657,54.108335115754215,0.8282443407835959,333.0495020149548
2026-01-01 17:57:00,33.427632583688506,0.6966479938890808,65.8418243939712,44.448911548649534,50.919959032699566,1.5300141048966036,310.3171608170847
2026-01-01 17:58:00,23.240244744787297,0.37421092901344505,81.06508111889696,47.75846819669293,53.91116156016633,1.6535543217629436,275.67348842648516
2026-01-01 17:59:00,29.30590046993632,0.3342249674399457,69.1719308125622,45.31209665557396,69.61821678802329,1.1138840188722614,234.5653255580815
2026-01-01 18:00:00,25.731257441204942,0.7619051273028801,84.19345778803014,53.06444974604127,63.589017533985995,1.5591677359636589,276.9318838236203
2026-01-01 18:01:00,24.546257059760872,0.7680508801903658,63.67689077054221,40.06915860051239,47.80276231649684,2.0875975264929134,259.66528915420423
2026-01-01 18:02:00,26.297783355178456,0.6033980944322284,75.94261871964443,32.70575321885882,57.778691507997024,2.283078936938895,278.088833929176
2026-01-01 18:03:00,25.18574945103988,0.40897653319226657,69.52265215551577,49.861956100611124,58.994655435296195,1.8081641402996873,307.26830966595634
2026-01-01 18:04:00,25.331187176836657,0.4521057869767353,67.37806066666589,41.777483282289076,53.31051456647705,1.4300637984166626,302.5317152351603
2026-01-01 18:05:00,23.77500051151999,0.33917000768500816,75.05852272374037,34.44875641448401,55.89153801579275,1.7952416975505021,355.7453285081463
2026-01-01 18:06:00,20.805671020603448,0.301045376194271,67.60661216648329,44.048925656601156,56.37991103707499,2.0407239934711847,314.4924465624656
2026-01-01 18:07:00,20.369124392433754,0.29111670233831355,48.704277302741374,52.38334785559021,48.266943135690695,0.6971087448837764,357.27501849944105
2026-01-01 18:08:00,26.959734649843682,0.3763891186429585,45.497055014605536,37.42048429312381,49.84335322956926,2.0928276151185665,321.4541821196978
2026-01-01 18:09:00,24.16989972974286,0.293055801863051,80.1793772822724,59.0159757236836,55.861483592204955,1.282165271762775,332.571202299151
2026-01-01 18:10:00,23.2117333010315,0.18725897629137017,79.84206766303757,39.972710432780026,55.49701263990883,1.286014818025004,289.23293185137123
2026-01-01 18:11:00,25.025516880169462,0.5438805339507812,85.09872757004757,45.5220651247545,51.45718642291366,1.3580288109656329,267.76472150012125
2026-01-01 18:12:00,27.384796758746884,0.5469191161786874,69.85977401374258,37.68520549291435,51.02811930073078,1.628033655510302,286.5312032759736
2026-01-01 18:13:00,25.541091829079196,0.8401585516856633,59.658921584016866,45.24966209217609,54.55110375164397,1.0554982985204935,299.64391407966
2026-01-01 18:14:00,23.031835190077096,0.36633232632905943,66.643329258792,44.197513069447936,59.430754764916365,1.3860743861236193,281.15523347984936
2026-01-01 18:15:00,28.67887886694685,0.5592201179246541,70.0913961228905,36.06303658601348,54.61757114526565,1.7101108825991562,269.9657272658745
2026-01-01 18:16:00,29.737556508944895,0.5625425158549603,61.943694205719126,61.95496181370546,63.113654153178246,1.587428499709597,312.5051307726228
2026-01-01 18:17:00,26.48366996596856,0.4492324877748934,83.18859778379094,42.02797698588783,51.520897261687196,1.6523258057445878,269.8380850140824
2026-01-01 18:18:00,27.92099053403227,0.6488667177499352,87.9160230371499,42.03322465616383,55.96554900727413,1.3704125150475082,253.99524155644409
2026-01-01 18:19:00,28.725879990441435,0.6550458373701429,73.82624560584142,50.81421527612193,53.22852285447997,1.777483980985063,266.3374165830721
2026-01-01 18:20:00,28.39029794921354,0.565482219039508,69.91309002641444,55.88552930009081,57.939804732065554,1.9225664488011422,292.9693353521026
2026-01-01 18:21:00,26.84229753133787,0.4488720589904409,59.64026417220454,51.758621208025815,51.09206058887402,1.8985757248650845,270.2724267670643
2026-01-01 18:22:00,26.795041141224647,0.42849397828909297,82.37147116924841,37.79291926184048,64.63698876996878,1.6710440931372543,293.1573029004447
2026-01-01 18:23:00,26.558981720039508,0.22644922024058817,70.61045448679238,46.283454056967976,46.54693798461997,1.8755570434894717,318.0133291583763
2026-01-01 18:24:00,21.707986976358868,0.3388164442764616,67.6866848127151,33.711765105690034,63.57740119840123,1.8484242336458923,317.2332914059005
2026-01-01 18:25:00,27.102169470578758,0.37559849521966243,73.8493927093963,50.410230487934136,55.449942345544166,2.5706031626736587,280.17522272732066
2026-01-01 18:26:00,20.93255808662034,0.27520564751411314,65.31430776808652,35.18887116881723,57.76212290873457,1.9872268280194834,260.8817523888315
2026-01-01 18:27:00,22.616201634624836,0.5879847933375328,71.17500138497455,40.18079205834458,61.67262451545979,1.4645023453458874,282.7312960455238
2026-01-01 18:28:00,28.91069520342426,0.739325573797402,58.46026519323472,44.980790975812134,59.28830747583035,1.1353282850612523,319.6693442935065
2026-01-01 18:29:00,27.52066048808259,0.31838751353416994,78.69669751401948,47.670039366846076,51.34986556103469,1.3955438980963557,326.67588687133707
2026-01-01 18:30:00,29.462194869057587,0.5566882871489274,69.16471167091461,43.43439225962808,58.00044777631301,1.3672860577600083,310.5866976310006
2026-01-01 18:31:00,24.184976848938124,0.29317777209405793,79.27040688507209,54.11450206039729,64.33736986317308,1.704569027090347,336.0430815298626
2026-01-01 18:32:00,21.543253476169696,0.43901556581216755,68.39091057726705,49.339437493153675,50.56354143919589,1.2198975019242804,351.8760635885812
2026-01-01 18:33:00,24.278688408788973,0.36193408416444484,68.91040232972817,48.868348524385254,65.59214255596989,1.9768708686081615,285.5031621561142
2026-01-01 18:34:00,25.306093891721723,0.6203791297212883,60.30146057366434,37.62359458809202,56.92851242984282,0.9441747976418817,344.5968976195947
2026-01-01 18:35:00,25.23696614902003,0.36424236523156434,76.07805578414515,55.196207385272416,52.83386114039871,0.8469899454734335,292.1835143762477
2026-01-01 18:36:00,28.401041436270106,0.7023320827413293,62.99328036781527,40.18160913432893,50.533553076958725,1.4459535968298605,330.5954609178019
2026-01-01 18:37:00,23.916188724989663,0.4508558452675602,66.10862101440617,55.42525459792256,53.88356462795863,1.1629763803217954,321.2571740601829
2026-01-01 18:38:00,26.056103415408774,0.3700792580810338,70.0083774886603,57.133170341553424,45.22360834464752,0.9967064584062814,240.68824742242128
2026-01-01 18:39:00,22.03411855169618,0.24933894753096736,70.96979346951485,48.07593919418265,52.923777654706065,1.245172017998063,271.0131859521963
2026-01-01 18:40:00,26.35095183413144,0.5506409020590699,56.351224478257926,51.192078586076526,53.68536378072194,1.1954056683684309,263.3613625106893
2026-01-01 18:41:00,25.00932565055691,0.679043680445236,68.15355307609587,26.502481421658786,49.6279317544379,1.5040537324936876,246.53858905122337
2026-01-01 18:42:00,22.75055998514645,0.5546642513073748,76.3618417491497,43.829985507057735,58.7392259745218,1.2518116846742955,326.37944950186966
2026-01-01 18:43:00,24.29251191347544,0.9477663332828847,66.97329572380877,51.61299383951724,53.906168561053065,1.284346256699971,362.063155653602
2026-01-01 18:44:00,24.447472760454335,0.7859574904940836,68.20214596629343,50.54706160988451,51.821027276927865,1.4980537127114828,292.2698248590284
2026-01-01 18:45:00,24.189534611988712,0.4384944470565969,71.29924840674181,37.681659971400734,53.37333032465728,1.9056966282941699,325.6246999609914
2026-01-01 18:46:00,30.31402372680305,0.43639451323858613,68.99231653962401,43.23766776079276,56.775537366579236,2.0882981861955163,344.53875953072236
2026-01-01 18:47:00,24.70466199307636,0.5939393438970706,61.75587598089916,29.78180696879312,55.36610605233497,1.5591070249936259,306.2499510054828
2026-01-01 18:48:00,24.268311669467987,0.33239616391486293,69.70923101066477,47.47795704103652,51.495124559562115,1.5902172475082081,299.2406080525488
2026-01-01 18:49:00,18.707647127169576,0.7332576613064974,77.95258536004717,33.700029592639055,55.628267370202224,1.4267251930816636,292.6293621677372
2026-01-01 18:50:00,22.31737794406157,0.5723201043687167,61.59059242186328,51.78286705672543,54.746620212168715,1.6924994480236313,316.1267664661492
2026-01-01 18:51:00,24.210779726630943,0.5512917821717066,67.00414488411346,52.096349164304456,49.30267888425594,1.6560877442336555,326.2408215009774
2026-01-01 18:52:00,22.94244197147007,0.6373907335541633,58.94694940851938,42.15379911356101,53.557476532463696,2.030339073235365,313.8541471811754
2026-01-01 18:53:00,29.14512278013339,0.8445659766738118,77.53105560392277,48.12765558272453,57.89669135210444,0.7445181483378284,312.823892274506
2026-01-01 18:54:00,24.505186673811345,0.534191070437501,69.26113434529697,43.69740765563695,57.86069129948254,1.406200902515117,298.46391296376135
2026-01-01 18:55:00,28.865332747954756,0.47739192582572315,63.1984029311531,46.4514503700892,53.85017833798303,1.6356759476510576,252.2113642478167
2026-01-01 18:56:00,25.185113902151105,0.8017439246645157,70.73812480114542,38.1164434605411,58.383863973929884,1.4894864169831554,326.9314916626979
2026-01-01 18:57:00,25.11168350926473,0.693510083198227,60.37119828083638,48.73495573943946,50.100222515076894,1.124330787161555,261.46124641155455
2026-01-01 18:58:00,24.733610656862496,0.43580403192325556,61.73203574831675,35.152888618653506,50.25506080903337,0.980253328303809,318.58156926257465
2026-01-01 18:59:00,25.011388754864377,0.5010372897318041,58.31893176118575,34.02041902602371,53.743725183531595,1.8225289704115448,322.67209949978866
2026-01-01 19:00:00,30.156385009149577,0.5390761831877597,61.4657660995408,44.26843009999805,62.48783068043568,1.197229659841434,265.7870368652782
2026-01-01 19:01:00,18.041167819746345,0.5723625889209966,80.85870067199845,43.732540322332326,55.816258132691026,0.7980398033977592,281.7659762818454
2026-01-01 19:02:00,18.995362766683964,0.22868002981217722,64.13505334973924,46.633810383310504,53.62317095167114,1.8426291440039593,363.64423654169235
2026-01-01 19:03:00,23.370487506831658,0.19150307843968795,73.72980098121182,41.102955058582026,62.72069000603324,1.6835931601784262,297.61553286391853
2026-01-01 19:04:00,25.043583645812706,0.3225219955995092,63.30958864035263,56.31414999471353,53.56530782398231,1.4536503610167057,263.39358973696443
2026-01-01 19:05:00,27.070313274292037,0.30705231139773154,76.07626996610576,45.963629936276654,66.17366618642997,1.1341793628955885,324.02637719139125
2026-01-01 19:06:00,26.419261594082425,0.37123519720549947,61.79134399254947,46.39729067109735,52.44358438189627,1.4546234226518024,276.8197438328046
2026-01-01 19:07:00,23.84726226135829,0.6269421284180009,70.31382342209405,46.183403264442276,49.941356353743494,1.986235040207682,242.38427932637714
2026-01-01 19:08:00,28.057131079725288,0.46621416873505234,70.42281047895159,51.01745921368847,54.16819012574062,0.8541202855884801,315.593086441394
2026-01-01 19:09:00,28.090586209458195,0.5392789210020377,88.62244269141273,48.45610448690679,53.754578695814914,0.8744089533041624,272.50146552650614
2026-01-01 19:10:00,25.552173493814696,0.25513931799154765,75.04340230384132,47.652107398249676,50.961400118253586,1.248893870835036,309.63565026667317
2026-01-01 19:11:00,27.887972717460524,0.40767155941581096,65.25676788536582,49.41590462919355,68.00987039079219,1.489342525282718,275.61929885692905
2026-01-01 19:12:00,25.817935790296385,0.6174515323489681,75.48039170920411,34.05231217771685,56.59313283902625,1.3014832408464878,321.2161258280905
2026-01-01 19:13:00,23.31555091965135,0.6189904916353604,87.10539576388166,34.27891409648534,57.321247868357915,1.7571266300668078,305.5049497381781
2026-01-01 19:14:00,27.093450517000015,0.3550852343624184,56.96291127612564,44.543647528191336,52.6906036643154,1.935533577779339,222.32374233123056
2026-01-01 19:15:00,25.331839367736034,0.5323324772759107,63.260143659450186,43.81395670390859,52.11165307627435,1.6115075098429872,311.46037622113766
2026-01-01 19:16:00,25.00401954026346,0.9397695706964664,68.10481952709365,48.478859064289246,60.1277917785885,1.7241729375024417,291.30806014708827
2026-01-01 19:17:00,29.418860716568723,0.4964804141488724,66.66329418286439,45.12010141310103,46.6207911370512,1.608839820809469,342.5015292657242
2026-01-01 19:18:00,17.64738361437974,0.3613626107715109,67.337946413361,48.491189606725264,49.285677636048156,1.5038032363661273,311.85623547047555
2026-01-01 19:19:00,20.74694748952129,0.4652475221275679,59.566141875254054,37.52642838263229,53.76345747196223,0.982576520074122,322.6847353125905
2026-01-01 19:20:00,21.43878872087689,0.5184354215053666,81.23164842840009,44.93553257754783,61.75523652817156,1.0888033169589488,278.6837759693723
2026-01-01 19:21:00,23.910218057293584,0.4697663238618901,58.61913121218704,36.953659572253294,53.12741513515263,0.9596326092112292,276.2979674754611
2026-01-01 19:22:00,24.23617549070191,0.4937290598646996,68.39829752302,47.32114760622841,57.08075778637098,1.4405980820155664,299.23052006818307
2026-01-01 19:23:00,20.478023056680858,0.21131064061263205,78.36664473408558,33.73028974582007,55.13864339694046,1.5929112125017488,289.18151619618453
2026-01-01 19:24:00,22.04452590306752,0.30747390498280974,69.75852114283317,47.08986059124528,61.48129206468404,0.9202950460874494,340.14027156630243
2026-01-01 19:25:00,22.41747496442929,0.4701329525857005,62.16484666477785,36.18600371461733,47.076384908935395,1.529038018840803,295.40042823830015
2026-01-01 19:26:00,32.372272276227676,0.4669464059955127,59.21059474900834,42.69883324066923,58.679816018613884,1.1499134686959165,263.25534750048814
2026-01-01 19:27:00,30.40522584324144,0.3867621450279999,68.16000643177775,50.3695661486955,54.00550535128701,1.0723202625852564,275.1725725893402
2026-01-01 19:28:00,23.764751746946054,0.46459728278471263,63.94376347319627,46.3642799315905,59.62442096959704,1.2498602333757165,328.9515325384201
2026-01-01 19:29:00,23.909250129079602,0.5122029710828411,71.64184873362382,35.12603865765419,50.90358946949842,1.0518094006619814,294.9822796721122
2026-01-01 19:30:00,21.552388008435116,0.6778826913049051,58.788390818206565,40.96563693183585,55.121965349314195,1.7426636471837145,293.3786469615072
2026-01-01 19:31:00,19.2756087603242,0.48015765295478985,76.50428589510098,35.991728847139186,54.48746644543658,1.432798232780429,331.8056270765339
2026-01-01 19:32:00,24.64935944077443,0.5798206410596507,70.92439618531571,34.83144900236884,49.987822643397934,1.8260856227950353,272.55710433403374
2026-01-01 19:33:00,22.006444050267923,0.3916799397132158,71.51869115481982,45.70597905680385,48.59793493526518,1.3226014591574922,232.94471104718008
2026-01-01 19:34:00,24.74544840501397,0.6144191447196964,81.52861422592014,48.36179006136062,52.09794319068429,1.3377255752465258,274.41400060930073
2026-01-01 19:35:00,20.199382452869568,0.5751460595224713,66.49763601302507,47.64363552429414,55.649655644975,2.2493530563253823,307.26267265639024
2026-01-01 19:36:00,22.714076625069225,0.6731634006359639,64.19346644213421,48.615760889278505,51.215438878477535,0.8507758113278643,292.5146543898573
2026-01-01 19:37:00,25.44588128590849,0.6426920924888976,65.61789097322502,44.928534894685086,53.34963218486091,2.01379249736788,253.18711139746702
2026-01-01 19:38:00,26.09862879335181,0.6177471245762293,68.45978744381394,43.35965868750019,45.57101322758214,2.161809615058331,330.4817859405465
2026-01-01 19:39:00,26.252415876226042,0.48031651826844396,69.27228084166937,38.56158403762611,53.14675039758135,1.8063269985045998,304.90490838253345
2026-01-01 19:40:00,21.038533047528887,0.5489878454088937,63.354418107185815,42.35952196949701,60.11793323312504,1.3678118122515903,311.67044084140474
2026-01-01 19:41:00,27.564057190406686,0.7127017856903053,53.815317975735525,37.07190968804298,58.525901629850416,2.0707608286958967,312.5883077935011
2026-01-01 19:42:00,22.59936491019445,0.3695850861194411,65.51256799296769,39.92900683723848,54.56539031486428,1.3712954560440005,261.04427262450315
2026-01-01 19:43:00,26.89857374382192,0.3743184442606269,72.87860533029512,45.53356122262825,56.21826362507082,1.2176857657157114,309.08636749288473
2026-01-01 19:44:00,24.968083970145422,0.5362862795900724,71.09006645002793,44.293163474754465,50.858698022029216,1.3446926623233344,327.2236134960602
2026-01-01 19:45:00,20.870837502766157,0.5830559380530906,79.59643575860662,63.38836822736866,63.122193416457,1.2719225043525848,334.2093069111196
2026-01-01 19:46:00,24.051406886256437,0.3351787001471991,85.6438923517103,36.925226414969956,65.33881253256952,1.121350750032167,321.63789975038856
2026-01-01 19:47:00,26.0960912261913,0.4850474873173383,76.07467017166775,44.24940767500931,55.82411815352987,1.944003133643586,315.39388975776075
2026-01-01 19:48:00,26.838896141423795,0.48120024515424303,81.0601651392658,36.457607332777656,67.95342918030747,1.1906206589512864,247.8773620568876
2026-01-01 19:49:00,24.577036307666745,0.05694397687930586,76.13419433810496,42.67328474418029,51.59908814232329,1.4881412044314508,299.5519604166759
2026-01-01 19:50:00,29.59533667180316,0.45608120214824804,83.67919404741907,42.917440907308894,48.74460379965524,0.9224912442404783,271.3027695169066
2026-01-01 19:51:00,28.022532312959676,0.46853643343030676,84.80682907433014,50.06928015739883,51.45188122952941,1.5123242726996766,338.4650364583907
2026-01-01 19:52:00,24.230037650800742,0.4679414114353962,77.60932136623141,42.30200076469247,53.902548674625045,1.0376295823109043,333.91138477131153
2026-01-01 19:53:00,27.250365436410835,0.7831828549154536,75.65104117139668,43.85208239966305,66.56033275601482,1.0278056708299068,271.4841356783942
2026-01-01 19:54:00,30.801380455564562,0.2568403402982249,68.35814262450106,42.41809222516668,53.5942043629702,1.4562848359615668,298.6206544888195
2026-01-01 19:55:00,30.881453802349082,0.3350754857590774,69.66930175228872,36.59368953565675,50.70172093597989,1.9227889060723742,307.4552833052132
2026-01-01 19:56:00,21.31600035753251,0.0,67.29730134919791,41.08738576924136,50.507705702112816,1.6761654750959185,327.02373772467104
2026-01-01 19:57:00,22.220400666528548,0.40381666676517186,74.97001288716045,42.708379709497095,60.7001105602164,1.7036481544531037,249.7314525039764
2026-01-01 19:58:00,29.454756360201554,0.4208712891747998,64.23721570112521,45.44295530043831,59.98650874154518,1.448033128008397,233.71133058487104
2026-01-01 19:59:00,21.825156847487087,0.39800456473314877,68.47115032176072,48.35368372334895,52.57260906823195,1.365743893939793,301.14445532522467
2026-01-01 20:00:00,21.032376600124962,0.721535467896752,51.158640918573596,43.59242094173383,45.62107941961422,1.8164562553976942,224.0574953287371
2026-01-01 20:01:00,23.541417607902858,0.6721235044673927,83.78471915818008,43.486942416111916,49.35703227645358,1.274729135071679,304.7571722943619
2026-01-01 20:02:00,26.260680128423758,0.5155713448534608,68.23620333930945,34.67512104907768,63.606219187497715,1.8337736617790783,317.7662332074823
2026-01-01 20:03:00,24.69280988016671,0.42587738929202756,73.64464349869262,48.23840710353811,58.44403942274735,1.9943787755736238,337.0823972498332
2026-01-01 20:04:00,23.048309138783225,0.7052379336213728,81.66229355769121,40.82461267709976,55.32730687779153,1.1634452868096892,281.32295246232025
2026-01-01 20:05:00,22.977362614826472,0.49604842803282967,72.40234749952944,49.482739429378654,64.34416586575529,1.2222218017467168,304.8354493840547
2026-01-01 20:06:00,22.862988806761873,0.33634599221630845,81.55474961674744,52.898639687125176,64.79163136405758,1.2817217974341584,319.54529518980974
2026-01-01 20:07:00,22.36147111402317,0.15675026450308965,60.06609750278906,43.87250983984197,54.82030199019351,0.9132149496986347,264.72839974756926
2026-01-01 20:08:00,31.844898631828187,0.4117371012208635,89.17901271678161,38.86013231540465,54.91214119734167,1.3122389073464569,327.46043393254797
2026-01-01 20:09:00,25.892533213556664,0.6509287234345218,78.69688158791013,44.89980832148221,52.08976658943962,2.020579894887802,308.2302697568295
2026-01-01 20:10:00,27.660277163214214,0.9553077379086179,71.67361993989313,47.09221198811183,53.57698356257433,1.081769783065861,281.8366100788257
2026-01-01 20:11:00,23.53276759564323,0.5123220692378951,81.40063466100356,43.10687999251967,47.56837512099939,2.0300784434615795,304.24141716676786
2026-01-01 20:12:00,24.442129968441854,0.3469288969759391,60.65092091208503,41.615769543724056,47.5480681190797,1.3266222168187691,295.8199654446078
2026-01-01 20:13:00,22.859338055888934,0.26300695834315724,67.69108096984405,48.38119326418448,46.38670565547049,2.3456142548411014,323.4022185074359
2026-01-01 20:14:00,17.044874995242395,0.6103909792611197,81.55400317121904,47.98546964816517,60.421685034597225,1.227274773873829,289.186197295592
2026-01-01 20:15:00,20.865972169456402,0.1470767895231463,55.06351855284028,42.92226215803706,47.19298888543718,1.4424072200711362,306.81271480136576
2026-01-01 20:16:00,19.568143960058816,0.6100690202809776,74.48366219967043,35.07560300843586,64.74981149353077,1.13592677392304,281.3720514554006
2026-01-01 20:17:00,18.250648666145178,0.6635423212525825,74.25740927876123,47.73826911227671,51.34811054400297,1.2249196905656694,271.864714839248
2026-01-01 20:18:00,21.413923077105693,0.5872558906465728,85.75380653457731,40.39603683935174,63.68674953391268,2.0352716667433564,305.1459837572955
2026-01-01 20:19:00,28.974867038144893,0.4560676656122885,57.33635664222211,46.28604645222185,53.17472828567263,1.689814674055592,273.0969699894429
2026-01-01 20:20:00,24.866691496886936,0.612988130709363,82.87704845625306,45.90694339007422,47.169066145397615,1.9115271116709798,324.01740874346467
2026-01-01 20:21:00,28.87169128696352,0.5341876742256599,65.52423405480877,33.66631543774401,61.41889449032735,0.9737642796039869,317.7669759653137
2026-01-01 20:22:00,26.232947730702627,0.34437523162788164,66.42392432070517,45.48649010646944,62.009328138166126,1.761931381263166,277.0465663096834
2026-01-01 20:23:00,27.347676477145477,0.8700824644750051,60.223964904321655,48.087195152246736,50.46974499866494,1.1114226733118115,306.4134129561955
2026-01-01 20:24:00,22.297309014086274,0.4296641240778967,61.2971837002646,48.82291449186292,53.34173866701275,0.9650725947868589,276.9090029899795
2026-01-01 20:25:00,26.571852862578012,0.6551504600899819,73.22817877963138,45.70419450657788,50.471020317195105,1.5955064555414225,251.87061582594973
2026-01-01 20:26:00,27.186142702223037,0.01627714346085707,61.101344681749154,33.13688373630246,54.397366527711405,1.5914153333645653,282.0832449765889
2026-01-01 20:27:00,23.27005812329892,0.7552941765561858,75.92227466922333,52.662486373119826,55.53914573720427,1.5213383145196602,298.4904951218187
2026-01-01 20:28:00,26.6786211118485,0.7937527489309164,64.69627162424197,47.466136005255485,53.243084704422856,1.7870233650510663,315.642261747406
2026-01-01 20:29:00,26.6985632757245,0.5059667574253276,60.29572955321082,37.780084023777135,45.90554302304574,1.8494265270534709,304.48439791411016
2026-01-01 20:30:00,23.35134213660975,0.6117542069475517,65.77752682912084,40.27342175905036,52.09560342454989,2.0878917356774807,327.23023845084685
2026-01-01 20:31:00,21.631694703187016,0.6117030363215126,72.69365753405044,46.38734525576712,58.51759381777021,1.0238628006776658,270.5650148575028
2026-01-01 20:32:00,21.447615004305185,0.37144328607185517,67.78117390455185,49.078705159789536,53.95550228702042,2.10080649818009,288.6990483626352
2026-01-01 20:33:00,25.259516625764384,0.6094244610878681,70.27368094666238,42.07222286191379,53.36279686219147,2.2529245958782305,349.33100105298973
2026-01-01 20:34:00,25.981029606367944,0.3382739060254889,75.56965969468867,49.95315244427445,50.34611727484618,1.3535079934191863,242.06759841147527
2026-01-01 20:35:00,22.622422508626258,0.3782486152709348,78.65937161293559,34.24339902539893,51.94974315401192,0.8326033267707293,286.44137082222016
2026-01-01 20:36:00,25.079756023978295,0.7253886286424598,67.51923753128455,38.745245933437275,62.0447405329098,0.9466004347723528,267.85518156712055
2026-01-01 20:37:00,26.711611108415457,0.6949315381400405,61.64622387539073,32.613815940947504,49.30111371598946,1.3152594476265154,294.1380478723776
2026-01-01 20:38:00,26.854572143995902,0.3587248995768415,70.60875583138014,39.61556914278184,58.60411548342615,2.305656636122969,286.9665753769165
2026-01-01 20:39:00,29.655640360367464,0.3532847312997919,73.76519668883257,54.04846310726457,55.235276104517624,1.5068320000812716,318.0646631427025
2026-01-01 20:40:00,28.83094249659413,0.3708806795084656,58.3141975522244,57.346813407512414,56.22405331560701,1.2531263532992747,307.66561978228515
2026-01-01 20:41:00,21.996125701730367,0.6465279132930981,62.87513362393932,46.407542809382655,51.338218594926914,1.2258390966570811,260.8314728426916
2026-01-01 20:42:00,30.05075862861407,0.30000304383792054,64.24650483229647,41.16942475638867,53.24111316976042,0.9709110699976834,282.35513780462736
2026-01-01 20:43:00,23.407070486332856,0.5713425278071905,68.33742249023699,43.67016059489434,54.971399099140214,1.849830411872156,299.9964885262294
2026-01-01 20:44:00,28.134618437363283,0.6493693621268589,63.91172877098571,47.84003934499813,52.396665176954016,1.4631725021123663,322.1814265211704
2026-01-01 20:45:00,25.203959878153267,0.48235090994137997,75.65632580077519,35.622114890165506,56.65716052018275,2.339931803904973,372.9886885403978
2026-01-01 20:46:00,23.763551864629097,0.7020127393729856,57.15893438833266,41.56500494411277,57.287195080615355,1.7512837585705803,321.08387366866253
2026-01-01 20:47:00,19.5769094206752,0.4391379661020415,57.3622504224446,53.60935844670149,65.86353311809961,1.8319745264229081,269.62500238351544
2026-01-01 20:48:00,24.485306469350956,0.4572288798012171,67.3288895079083,38.725739584029824,56.39095014681185,1.4031580677029287,297.1846423380241
2026-01-01 20:49:00,20.321850294083173,0.3045507537736287,68.59477756688115,40.50585060443074,45.43878672240581,1.0635878647306047,305.4292858510143
2026-01-01 20:50:00,27.901897707528317,0.703435469524041,58.36284901713517,45.07916193588864,60.8150954041934,1.1505676078683278,284.4182738896944
2026-01-01 20:51:00,29.550377971417745,0.3466959106042259,65.14600925881948,46.69885355702826,53.98064679181904,0.9523012224443673,314.1077341780363
2026-01-01 20:52:00,22.60926703210993,0.5699543635430119,66.79164946064729,41.249975722803164,65.05962681468426,1.8641578879272365,231.85868734798538
2026-01-01 20:53:00,25.905912227557813,0.48573678657481306,66.85361642382284,45.46178629951173,62.35462226252654,1.3460339251016453,316.59448863984
2026-01-01 20:54:00,22.823825433976076,0.2894433873776675,71.21505186631433,48.647637202436634,52.47366308144217,1.8810002158368264,285.7083773270858
2026-01-01 20:55:00,23.114545809589632,0.37817937123533585,64.7073689246115,56.76871094258188,58.60951391935588,1.5543657609230255,296.70884304913426
2026-01-01 20:56:00,27.323484111596116,0.7765744478081469,81.8226904000662,44.24253372339131,52.030224261260564,1.3828726576918215,343.971688170795
2026-01-01 20:57:00,24.884385214469763,0.5403315085268962,73.90563711786858,44.75221610795662,55.01345413207347,1.03215886601258,262.15448473173234
2026-01-01 20:58:00,30.218944125793037,0.29816993172663164,63.54309183486942,54.164714075877065,58.37992407176977,1.6206530931850711,308.1815783581149
2026-01-01 20:59:00,23.553302563891236,0.5610656574697384,70.75609194694059,41.70500485021143,60.56500103023255,1.412546793421282,323.8176473701934
2026-01-01 21:00:00,27.99800899742347,0.470777193681091,70.99212254884485,37.05388180342692,59.4760291444312,1.8608735711821685,305.110093748589
2026-01-01 21:01:00,25.292240238873347,1.1908092804488364,79.71777179598224,46.501493853953775,55.37494815956414,1.2138357296497606,251.5742308343947
2026-01-01 21:02:00,27.3873340292327,0.5570247682684545,65.19694056866919,51.45705015052749,67.41711950040609,1.7464431093988144,340.5118988190398
2026-01-01 21:03:00,23.65852702801016,0.4238750305867271,76.13870958176459,47.166282811198116,53.17489796736455,2.156339366489015,293.6593784878093
2026-01-01 21:04:00,24.85132348734525,0.7840055835574209,70.33483580625982,44.417906054716525,46.963996841503516,1.6090223658638878,284.17377449765917
2026-01-01 21:05:00,24.653503362103194,0.1317927665414309,81.93253213159014,36.309639761190965,47.92650352395338,1.8141165810967526,290.6855135342124
2026-01-01 21:06:00,22.49182865546264,0.5188640312762195,80.32713162111526,44.64978452838976,62.37003865061172,1.7287560984710317,288.5356082698325
2026-01-01 21:07:00,26.98624460374526,0.8988856989362146,71.5758344367408,52.39892955789802,54.616735400765975,2.2592365938070085,264.29460981750674
2026-01-01 21:08:00,26.950747016735093,0.4767601431280492,67.90173903187151,37.595297510764674,55.79528749027046,1.6486241686775316,304.94851758231954
2026-01-01 21:09:00,26.7806640847167,0.1533397910703842,74.05284727743565,43.53151695718037,52.28738060037831,1.779983540694204,282.08300976258
2026-01-01 21:10:00,29.610896961752935,0.42081640711788043,68.55639978298267,42.675091607049836,52.73648760350405,1.4854895885936172,320.1266481644949
2026-01-01 21:11:00,29.34803440370891,0.7909036081918074,83.44245684782668,40.81377257617353,51.06452069525353,1.1902445857268964,315.52786480845543
2026-01-01 21:12:00,23.875165930452592,0.5752139192641542,70.6277606254161,46.487538027114034,57.35575406665044,1.0167297257275325,348.7700823529143
2026-01-01 21:13:00,26.119156955302536,0.3322287780974964,66.7548589398973,47.65983144753604,54.5131004123145,2.00676962625467,293.6510056988196
2026-01-01 21:14:00,23.129197932225363,0.3629514385641952,66.32307931140859,47.59696142876062,57.175026889017005,1.096656251462984,275.90250746865553
2026-01-01 21:15:00,25.070065948343668,0.38805994577003733,60.295715318410345,39.13914141830925,56.697191926587415,1.798345799913373,255.90772994541857
2026-01-01 21:16:00,23.200751652643405,0.5722395768107993,74.45247302474658,35.12409783399791,52.87060633183552,1.6664066521535046,365.8003015822444
2026-01-01 21:17:00,29.860210927408154,0.7676392265877306,63.43991037888398,46.57433061918437,47.70634687348606,1.8671141379582927,319.863239895484
2026-01-01 21:18:00,26.091094451028887,0.7104846025598341,78.78518601750197,41.96448575110409,47.27100202000321,1.2941151909667126,279.2274023646063
2026-01-01 21:19:00,24.345912615686732,0.5912024364218257,59.65651956798742,56.029874278120715,70.13325795847533,1.1837080342067157,350.7946526780141
2026-01-01 21:20:00,28.58085571556913,0.23367104798850336,71.01793159178601,56.307058176089676,62.39086722211655,1.651348735239903,340.684871516581
2026-01-01 21:21:00,18.488153770613764,0.23441349720131172,79.20179006797963,56.94413876637624,61.70091283445607,1.3830633307169946,259.4616749263459
2026-01-01 21:22:00,18.95769221540413,0.6066504042427527,52.78202348301091,39.35933459379172,51.62696596506552,1.0075886653574888,277.39575374748085
2026-01-01 21:23:00,27.387515965659322,0.23090578041342114,86.14612435033749,48.41621452045256,55.0475486688156,2.2754102169361383,296.0302546451889
2026-01-01 21:24:00,25.181405344352104,0.45488659578627916,66.59771842241513,50.225715103508904,50.92318603808415,1.1834367336149818,267.89744711994115
2026-01-01 21:25:00,25.751338900782283,0.5608300892372354,71.12876305729712,49.55012540126641,48.43958952417054,1.1025469152059941,297.10261611267435
2026-01-01 21:26:00,21.020811690044354,0.2724812009274622,74.57159380413076,42.87361233483685,52.0561323981215,1.4031456927282489,321.35885839319366
2026-01-01 21:27:00,24.9302988674489,0.2951475331282273,75.80903244892443,52.674989417791956,61.63092481714789,2.0011434276631657,258.8021742503312
2026-01-01 21:28:00,31.010528231204027,0.48117578708643627,72.19107150607746,45.00284991819914,59.20372683461985,0.6333059827505534,308.7900164392181
2026-01-01 21:29:00,27.47259885938759,0.6007300575048108,77.97907666965094,45.76863674961264,50.149759991889894,1.9679534458301797,335.0549392629812
2026-01-01 21:30:00,25.509119635428437,0.7123037540827514,74.1525657033745,35.772999289337136,53.425919749212625,1.1354105994174788,312.00660717811564
2026-01-01 21:31:00,23.68283826968519,0.6214106869541104,84.08704912025843,48.86858981743793,58.74561585968291,1.6058100960433017,297.73150935659726
2026-01-01 21:32:00,23.81628144439182,0.5147313189984389,74.17862034283678,43.437529718565536,52.145143024063316,1.2295972153104797,279.9569472127123
2026-01-01 21:33:00,18.61240633239995,0.3507610492885901,85.7170841590647,47.788673172603154,55.39793122416365,2.2967667416008024,324.92525616298053
2026-01-01 21:34:00,25.772921262763482,0.2858186008310961,77.20863072190124,46.41068219882771,57.00923723532406,1.5498480346569405,264.69239663855893
2026-01-01 21:35:00,27.536449325445563,0.3978245823341705,55.553998993853895,46.085619459982624,56.95465275922066,1.2167633798635056,307.2837543328537
2026-01-01 21:36:00,20.273142018488155,0.5819871169961135,90.88882142710273,44.7257185651999,56.27072713845143,1.3795634712649238,300.76547199159944
2026-01-01 21:37:00,23.015749323079554,0.5673247413254686,65.40524713218225,49.71959840796272,51.73151413108745,1.535854829960675,333.76833078629124
2026-01-01 21:38:00,21.527606103299732,0.0800196028549755,81.96435212161389,43.8066447786896,52.24512706240592,1.5710706431048802,282.5175371679333
2026-01-01 21:39:00,22.10394641557371,0.3428645943464994,70.2143475449555,36.2688154832821,49.33175074239688,1.6755049934085284,285.0679256432065
2026-01-01 21:40:00,25.1604448804657,0.7409015103212312,78.48872206082063,48.413733638243606,47.193317032488636,1.499438156927074,262.7440538810573
2026-01-01 21:41:00,18.746793535034577,0.5158430095608278,64.49216871307365,40.14596685053017,54.42625629154885,0.9491350333565136,313.1185282380123
2026-01-01 21:42:00,26.84281131507119,0.21659821737940282,75.00595634471671,37.05442894390716,59.08129807293596,1.3638929316393356,287.28552470903253
2026-01-01 21:43:00,27.26156520980105,0.9711642363196302,67.97447563684476,38.86653999514441,48.098588029230264,1.7426633499363433,274.1377806819045
2026-01-01 21:44:00,24.246692235889263,0.49421165353704705,82.6320248927191,46.699994276141524,56.36486622062129,1.2320468774483997,276.9955119996815
2026-01-01 21:45:00,17.557874470046375,0.5768667918626816,73.50934533933608,44.4208871814309,58.923156066916974,1.7691125118793511,316.11316489388724
2026-01-01 21:46:00,22.010744121992833,0.5799049512090269,77.48754113041252,32.203901821962916,45.81633115589327,1.5126872531831241,266.9111850083081
2026-01-01 21:47:00,28.69870580230809,0.4264809067679628,52.68738502821544,42.69806434168398,53.647094499318904,1.412903937293404,269.5750210506095
2026-01-01 21:48:00,16.66601715781428,0.35448526363572114,69.315418561691,52.01538734984859,63.23105100229186,1.977657557015837,326.8908427655215
2026-01-01 21:49:00,23.95742976341944,0.9243349970131881,73.28441308046636,42.29222597439973,57.759705088786866,0.8047474222462874,295.0163827251158
2026-01-01 21:50:00,21.459997664598223,0.7006411739235501,71.78891925151765,44.00714067943444,45.64771425468856,1.2298716406941401,328.6633525795292
2026-01-01 21:51:00,27.41371090475451,0.6643874402217353,77.6892577097428,51.25794862396292,58.291697312058055,1.9929714838715102,289.21932554072504
2026-01-01 21:52:00,22.974658143569616,0.6152578383436421,67.07276603890037,49.77293554922721,51.26131602885835,2.2320196652614137,299.96622301810106
2026-01-01 21:53:00,26.211862062206833,0.2993365219276631,70.39029684027705,51.13050652591026,58.456534650463794,2.4143969938686802,304.6889781580865
2026-01-01 21:54:00,26.69638125750728,0.7555060383480547,79.44981411531994,28.36467833967778,51.54959116699613,1.5201422121353216,341.61858801440474
2026-01-01 21:55:00,30.50867751919006,0.33137346839765014,51.770487972437145,55.40113823065266,54.73483777794017,1.683158951846217,339.1761847863081
2026-01-01 21:56:00,24.39117416897389,0.5566573596301292,74.71480401310673,48.818402612567574,52.312286157185255,1.8269711308942669,334.59711114577004
2026-01-01 21:57:00,26.128133108867836,0.17212201890708623,67.32892139205157,59.7688584841449,55.01578861369253,2.0100301088633135,281.13543390193826
2026-01-01 21:58:00,20.54483356261769,0.09182822987049605,62.70145500357103,40.3060438153543,52.16359913044494,1.6252367738699045,270.39511291850346
2026-01-01 21:59:00,28.571240689881233,0.563658240530623,72.69235379420785,34.419296366106536,53.88230879222761,1.8704595693784267,322.82374389182723
2026-01-01 22:00:00,22.718473455785904,0.33818014656101836,79.81961037446925,45.04331074035106,49.121974958446614,1.6839095201778087,341.3027910690245
2026-01-01 22:01:00,23.317737507736762,0.10216648574054532,78.31315065187344,43.34776602145703,57.45329797706996,1.7088895767633505,334.8845619635621
2026-01-01 22:02:00,24.93325661545237,0.6081219005894152,68.91909575274697,48.921983901688925,55.876426043219624,1.132652305239968,300.3914777200026
2026-01-01 22:03:00,20.31134696398045,0.9240161542101579,77.00592771008759,51.44957006751814,46.917339129479245,1.3683145122495104,321.8342563462245
2026-01-01 22:04:00,25.686310086786815,0.7779120517160123,76.94454318756675,44.47623513072302,59.96458330100964,1.2908923207688723,322.36162959255387
2026-01-01 22:05:00,27.902398818775033,0.44853642294686547,69.30102983605467,43.55575172512364,54.11856020172752,1.0244418185685913,304.46828374138215
2026-01-01 22:06:00,25.878801470491876,0.5017690613393891,64.45535558409433,48.136318917096766,55.80881198117955,0.8393579103156338,305.77120874211
2026-01-01 22:07:00,20.233307307463825,0.6775412513567827,64.91812775102136,43.46202800584501,58.82280836014593,1.3305490005631406,302.94586010408415
2026-01-01 22:08:00,24.62857211701102,0.7244256039669814,76.7028267909451,42.96010739461927,56.64121121179992,1.3944470694254962,276.35710400163293
2026-01-01 22:09:00,27.22608670893847,0.43129285623486024,69.66282549029847,51.222809632051714,60.826015792304496,1.5420148304111367,279.41842687332144
2026-01-01 22:10:00,19.36603370210228,0.5068355431449149,61.63054224215529,52.55866714142144,53.53352238897295,1.7222951363360561,278.95528915471084
2026-01-01 22:11:00,21.775701958546858,0.5601229613529073,56.521097315927,51.503797463178564,60.172146931135195,1.5752488974423289,252.02289669652487
2026-01-01 22:12:00,27.62963081224456,0.6107752640557664,76.65465161677103,43.990621723646846,55.614623089036606,1.3972355289877694,304.2857978204523
2026-01-01 22:13:00,25.81028630259186,0.47338471159774664,65.62577262188621,32.1612660734809,57.53816712253346,1.13394947368925,298.7827988148732
2026-01-01 22:14:00,26.23591474638026,0.47598295098625115,72.64310204524786,44.11076348164291,57.018145863989524,1.8508276390004872,322.8589240705111
2026-01-01 22:15:00,30.578484422869934,0.7759664659508776,79.91765525655299,40.45211992393771,61.20365162654763,1.4592711130842395,337.8215184893734
2026-01-01 22:16:00,26.40565833551861,0.7419041404885772,59.52860418517212,44.22164988593647,58.60706186779647,1.326484081997236,339.7288309453959
2026-01-01 22:17:00,26.97366403129954,0.5954821146872177,69.63890095589724,40.973454643694346,52.78527259845077,1.4254182870346923,342.55396374929256
2026-01-01 22:18:00,33.13223658165498,0.8438218140045857,68.63444683024905,44.87556086720639,51.79366478000076,1.2069022610581168,277.2875691813298
2026-01-01 22:19:00,24.358586325728528,0.4227108475547166,73.03794300502369,38.76434622461061,54.75122926202584,1.2877304306355573,257.0412216603851
2026-01-01 22:20:00,22.606351709144516,0.8245946897258761,79.91327998736348,37.31569537968973,51.19949279460376,1.2750166746839247,327.922307341963
2026-01-01 22:21:00,26.2833891947414,0.6085030887071101,59.36438548270074,52.33614889542535,49.73903899336826,1.3850650327998126,341.46400314602704
2026-01-01 22:22:00,26.316973088166684,1.154205224442918,74.55838358964614,39.18205431979408,44.3597376535098,1.762301982727236,346.67977341631274
2026-01-01 22:23:00,23.419853824161375,0.26150361464350447,78.25219019994961,45.00198975153812,47.25368621085645,1.6628448274162433,314.54988629077127
2026-01-01 22:24:00,21.902808941335458,0.3621309495565317,68.50898348834573,50.727089079617016,64.92703180555762,2.1186949629123135,240.09888157189118
2026-01-01 22:25:00,31.929533266270234,0.5837595656401096,68.90042405685502,50.485824757377436,51.71749875185112,1.9846916368448035,310.9682839030078
2026-01-01 22:26:00,25.980530411164068,0.5794468105957984,73.34759495187937,49.76908922949211,64.51730149910573,2.2825687092938303,316.6632260372823
2026-01-01 22:27:00,22.803143855793774,0.8900277968350037,72.7585366231183,46.817199087009215,57.0157730057779,1.7236633918683317,337.5622506377577
2026-01-01 22:28:00,27.747790906838794,0.3663250633400932,74.65882085893698,49.3440198512211,54.75120989181948,1.7172420889494122,342.88886081949704
2026-01-01 22:29:00,24.672564545315996,0.6809837037387769,74.49024421120973,53.238528795636924,47.49697441589383,1.3050336889451457,327.28900210156
2026-01-01 22:30:00,24.241355661046505,0.7324926009363991,62.14422155507479,47.55013556397224,55.023344477880244,1.8304059589981994,282.38163305112437
2026-01-01 22:31:00,26.68681861574348,0.6409295664441295,77.92213198163955,33.9767859191149,64.46091883484115,1.2375532279827643,269.1264805634203
2026-01-01 22:32:00,21.12435319530493,0.307800731615136,79.33426529752191,41.82880076309942,62.788183720083694,0.9118177902473686,316.0188345544892
2026-01-01 22:33:00,26.05788161175152,0.7815517610508396,71.48866314952238,49.17822043033253,56.371193263487896,2.110529356899102,276.22754668723303
2026-01-01 22:34:00,30.738864423195256,0.7458649862630827,58.04675754760267,41.237424397743574,49.25665817047492,1.0003273621469315,344.2541132052711
2026-01-01 22:35:00,26.39853298659193,0.6199169039580755,69.08203435199927,54.720636836751865,50.21417327375424,1.6755407158382394,248.86323187944237
2026-01-01 22:36:00,23.871363688649605,0.5408695374417908,71.55524701552454,44.62092103100141,50.7370407830377,1.147867450866655,317.00659837184
2026-01-01 22:37:00,23.478684158715275,0.5452216020088743,60.84319809770546,45.51149262815662,61.390774636813504,1.9506670491167335,309.58604924227467
2026-01-01 22:38:00,23.76898007996467,0.48425284155212445,67.1188954913839,51.74846519341041,63.158602180543795,2.0051799943082784,293.7969999740651
2026-01-01 22:39:00,24.238111965856657,0.6281570268505283,58.72504489953167,43.902900616144244,55.97946417483793,1.7116711229692745,272.24651177085775
2026-01-01 22:40:00,23.866580401725184,0.5062269705889955,74.85833779989156,46.05766221436912,53.48459782238423,1.9985458837904797,238.14671092670812
2026-01-01 22:41:00,27.7489343232237,0.3302950049294717,71.32764251921641,50.39474090399467,62.74355248330492,1.5029348303324492,284.0571394178195
2026-01-01 22:42:00,19.800372690373052,0.29028167103448155,56.83373468148604,36.16637630499788,50.10713229567523,2.39366987233042,284.5835045629804
2026-01-01 22:43:00,27.5860001512364,0.34959274926954154,72.81171889265585,43.288211025674705,55.25911663800183,1.798466093397163,333.35209976545366
2026-01-01 22:44:00,23.860940424572316,0.5444264485098904,69.54792842087767,49.97491977227472,57.314829997730655,1.1397793761505226,276.51433085159624
2026-01-01 22:45:00,26.130843357086118,0.4946088327129585,74.13131426203523,45.393600890055566,50.685996964118004,1.5278426834976555,313.58311840691374
2026-01-01 22:46:00,21.61903626939741,0.5430687586577498,66.86774052995658,53.80400287246488,51.82042889304346,1.4389991895139729,261.23280589674613
2026-01-01 22:47:00,28.985893200548308,0.6001626267092222,63.58816479405581,35.54445985087849,51.43131210406199,1.3998303766249356,314.4074458225076
2026-01-01 22:48:00,28.73690488051562,0.37453581481662424,63.833242988337545,34.8599893923232,62.083634279940426,0.8371443088403172,232.86898943445996
2026-01-01 22:49:00,27.87877157725022,0.7931320336690696,65.69463826761276,49.618119099736305,64.57183638528544,1.6547458177773842,362.85888533792087
2026-01-01 22:50:00,20.455735672619383,0.44645783459050514,70.15060077264837,50.19484328959665,55.5739626511828,0.945698808423779,295.7679741960644
2026-01-01 22:51:00,27.487363213198158,0.4133146030436982,71.18366772339833,43.840499959009,53.658907064786064,0.4898370877910465,216.16497826802976
2026-01-01 22:52:00,26.214565262907126,0.5964772474664904,68.47424097753517,47.402366400274346,52.00079462503352,1.3623945435506783,278.4675157332037
2026-01-01 22:53:00,20.184186258602296,0.13269795952498542,66.61344360802785,49.47124186578844,55.008731567251644,1.1976425386431049,273.730133007424
2026-01-01 22:54:00,24.927107848687555,0.3418931100554161,67.18877385595614,40.116820764889525,52.24889124281605,1.1553851949457787,280.32545604401093
2026-01-01 22:55:00,26.093603467099786,0.6962145597383667,90.06179828405547,40.7589097497042,54.514848788223894,0.2587616198537914,289.0607581260347
2026-01-01 22:56:00,26.668225821469452,0.15251561418757786,63.834198788014334,46.13835707519182,57.06616411501962,1.1596628496187806,280.12148540023225
2026-01-01 22:57:00,25.53178410084657,0.7235148393866312,65.53622393163046,50.42453375936232,52.97343528604816,1.430543253930919,275.5076376879536
2026-01-01 22:58:00,25.87369425054214,0.802227313271827,96.35083286694518,38.00425844185209,54.05205968692951,1.2463384239615625,265.2395114400347
2026-01-01 22:59:00,29.420834176759286,0.42610893243525033,73.36810641968442,43.812314208389886,54.07272757463848,1.6549374705013327,324.65368271799264
2026-01-01 23:00:00,28.678101729732038,0.558362553485262,58.960154672770436,43.53458020977337,53.4121828263693,2.0570642593902253,336.0340684570874
2026-01-01 23:01:00,16.39883513865177,0.7238174169702053,76.7414976318181,47.507754630256585,52.79276061491895,1.7065469761020702,292.3627853029114
2026-01-01 23:02:00,24.047684335486952,0.406642162391296,62.71968888639082,44.947809779946994,58.81098301468403,1.9105577176407942,299.47090049903176
2026-01-01 23:03:00,24.506046917368145,0.6735551041052363,77.27249206244078,41.72469849718284,46.14631985511779,1.9436506758593795,266.21007419422267
2026-01-01 23:04:00,19.743704281819085,0.3657702409738657,68.31230176503455,52.49139468454443,62.87139929500632,1.092455693173315,302.13062095009275
2026-01-01 23:05:00,25.282549174696936,0.4044795413333641,66.48163320408474,41.76445511027508,55.67764731601498,1.675645877074478,306.8989128646146
2026-01-01 23:06:00,28.74627331723152,0.3401327071350052,82.87331975062067,43.24742182187128,58.050087879932576,1.8980629413461865,293.4180417085853
2026-01-01 23:07:00,21.74029642122823,0.5685294398389606,74.53121082127396,35.45101418448226,58.62538891574438,1.3256158087806083,311.88224933308345
2026-01-01 23:08:00,26.009202816069617,0.7315938105131099,77.78391549959366,40.718244738924625,51.459704199847145,1.1837493399878836,309.26126346153075
2026-01-01 23:09:00,22.25252956811069,0.46317741357656717,73.47935743615957,48.0964564580343,50.42820721910379,1.7121625836865773,268.3758183272826
2026-01-01 23:10:00,22.98426392896097,0.24575016801751937,66.44444380965521,46.92361173812916,49.83865357673086,0.9073484512849284,335.7914254118687
2026-01-01 23:11:00,29.432180902510105,0.28345863554263684,74.89083536206566,48.59710194039457,53.76465985085706,1.0647981667734827,293.77061220511274
2026-01-01 23:12:00,23.372326539664524,0.5789198842741081,79.67372314147569,48.305893715674024,58.49602345775514,1.2332974609666267,350.26714805750953
2026-01-01 23:13:00,26.386637467031875,0.8688232826788539,71.07790434814042,57.52628421777092,52.08118987389588,1.6802056852522833,312.6126176825768
2026-01-01 23:14:00,19.386345651817038,0.5787449998628795,84.41314083477205,40.51284703531854,58.03965820089152,1.5875650086222657,359.127993911155
2026-01-01 23:15:00,30.58695268418464,0.42262068986974943,76.80389762561526,35.28345753939127,43.16039390569401,1.9129483518208528,335.2580750791934
2026-01-01 23:16:00,26.807957338919497,0.6532367933700568,71.6958603981729,38.69668202357086,53.072163990123755,1.1312519782546326,306.81568884422586
2026-01-01 23:17:00,24.452500472049216,0.45210027288265076,72.01189224814254,40.77808898501045,60.83568683805781,1.1098108114929968,278.3067940014113
2026-01-01 23:18:00,26.726639529999684,0.4243429565271587,71.097897031741,39.15403838029853,54.14514355483532,1.7095647874998656,278.9529757569151
2026-01-01 23:19:00,20.770541713156568,0.3083081788609473,59.99008971524007,45.561965085869126,50.85428181916917,1.1805332383571856,315.99102854947563
2026-01-01 23:20:00,28.547592225257972,0.7816897688492712,69.27942243353115,52.51592943334213,51.715783889312014,1.2585984338022316,304.29378251372754
2026-01-01 23:21:00,24.02804567351071,0.0,71.76949188272934,54.23795443781949,39.85988718465893,0.7572940642993005,282.3292129202674
2026-01-01 23:22:00,24.387791454854696,0.6595718400558539,66.67131902986777,48.025851011079624,49.9409901479404,1.6163384005654349,324.99179842830125
2026-01-01 23:23:00,23.525033155103547,0.4072510124404926,72.70141614963755,57.84763329272409,60.28620686256291,2.116516188726467,301.16313991068097
2026-01-01 23:24:00,23.258045791763244,0.41793185370967745,70.17045992284089,42.86176166060149,52.086986165518844,1.088284433479848,325.17029445902176
2026-01-01 23:25:00,27.084011834885224,0.8384630312235626,76.18953512879014,35.20488574798544,52.67727818999387,1.9086814446880453,270.73589799895325
2026-01-01 23:26:00,25.767720550312667,0.3571737815599897,75.30489904852585,51.31906840732901,43.34093906481796,1.4762405676040196,329.984150040245
2026-01-01 23:27:00,26.95524442420912,0.3639861691943179,71.33722630067874,33.96843364950563,46.84581103443719,0.7938341446359876,315.0298670804184
2026-01-01 23:28:00,24.973615931543286,0.47392115221609393,59.06229686958402,40.46998186380117,60.950245892998765,1.1421092577487486,335.92708993385713
2026-01-01 23:29:00,26.539599433231544,0.5827694771624476,84.32578190944936,48.12067339453678,58.08647040330781,1.1174130668784912,329.32291502149013
2026-01-01 23:30:00,23.743453768224885,0.4116288435414261,68.86487201143085,44.38571111970732,48.51280484280284,1.3733888859437495,297.4513979787626
2026-01-01 23:31:00,31.689195524228644,0.1852282138928229,69.35290837043894,43.85428342277096,51.8471380421339,1.6678057153786816,295.03876378070055
2026-01-01 23:32:00,20.296208750708505,0.3268603638236469,67.25983321040489,37.91525980307996,54.85413828500609,2.2395691348965725,353.49092977772824
2026-01-01 23:33:00,28.782811970688954,0.7562667712929039,66.0927067514757,44.93518566339998,49.01936133921622,0.9275416820326055,291.28294591854126
2026-01-01 23:34:00,29.10372235216291,0.5149553578271023,82.3524643840042,51.02197493242675,44.979280582432,1.3060890412320048,322.4530109651353
2026-01-01 23:35:00,22.443523582103218,0.5902174567407644,81.08835456308864,45.119807499216115,54.20394806280282,1.1416076588357154,288.55839023430775
2026-01-01 23:36:00,31.68782083166792,0.4477157585653925,73.55514722862137,40.01864472215364,57.863042810866204,0.992808215404281,244.14350759587052
2026-01-01 23:37:00,27.986470848835953,0.3681004607653461,69.13999876455419,37.514769236416015,57.95928659864977,1.5381790746438262,263.1798270658214
2026-01-01 23:38:00,27.913417020468735,0.8355138899750822,74.95294388011003,40.14243250226653,59.376186927710734,1.500591996474739,312.1776265458595
2026-01-01 23:39:00,25.08406656107763,0.46236162858978386,70.59037585415498,47.35400251448615,47.23221369110088,0.7744790611668524,321.03395098815315
2026-01-01 23:40:00,24.34832152534397,0.41132602409457464,68.4782166534152,47.06161357415826,55.28950954913469,1.507260211178186,312.2764022766048
2026-01-01 23:41:00,24.371773518881177,0.7192284732710679,72.70484737205064,40.19695739642599,53.65774317885439,1.0178416028355444,334.3784850418051
2026-01-01 23:42:00,26.17159178895855,0.3555279282265229,66.47073802443644,31.73544346810765,54.56389657251404,1.5047310876539903,311.73780465702384
2026-01-01 23:43:00,29.203558825101688,0.38105453124520067,72.01811411202746,47.52007658203299,53.94109183182931,2.007798597282436,276.74295880997744
2026-01-01 23:44:00,25.54394265358426,0.5020493368033796,71.63376740497309,39.613755606148494,51.69775909696242,1.6852271844303757,317.8290654442129
2026-01-01 23:45:00,22.26566913058813,0.500054020817636,74.8234881700634,49.134374874091705,39.91104772892197,1.571006837762836,305.0882388278989
2026-01-01 23:46:00,27.47328118715494,0.5519222695806428,65.04690434019513,40.463342147233504,60.809145102853364,1.2884936970386451,282.7332598515138
2026-01-01 23:47:00,27.763452239184378,0.9183338178790976,75.68109082301233,39.072597277981146,56.64995082737544,1.5267470603379099,314.1755790440058
2026-01-01 23:48:00,26.96397858534336,0.567249649270474,62.74950805639596,45.91903144355751,47.57855106231746,1.725301688898993,302.3811049805234
2026-01-01 23:49:00,27.236496719574948,0.02438920744983991,65.41946678703009,59.14619538015821,57.36565826496378,1.685666537123364,281.84998347337955
2026-01-01 23:50:00,24.187215609526575,0.5652597886863122,65.76859952683405,49.49417994669944,52.76347596499265,1.4603124944745824,294.66402679311057
2026-01-01 23:51:00,22.21303249860826,0.5075759988979197,61.423585821010576,45.81731579523511,52.90513841791135,1.5869505295755664,342.40701406626425
2026-01-01 23:52:00,22.39541970807766,0.5086900048702915,78.1252982670853,47.153109218285806,51.157926992554835,0.973375271983168,341.4266344820894
2026-01-01 23:53:00,20.093610254626427,0.5491894618792341,62.24758019048162,34.49330483108642,57.68465236326132,1.2062652900889048,305.6443241781162
2026-01-01 23:54:00,25.710845834637848,0.49426434246504014,64.40866930074662,38.265957775484665,51.00088214241901,1.7830239010183944,301.71801473661856
2026-01-01 23:55:00,24.74965365032022,0.4894775813889222,80.04326168389314,29.934426809717166,49.515826569547,1.836813180549683,257.00862038208476
2026-01-01 23:56:00,23.680036886410875,0.6226088419541572,65.4353383851708,55.379243367459736,60.65872405302998,1.5374394363357449,351.5809534009885
2026-01-01 23:57:00,16.13314352696479,0.3915838405610998,68.49485851889523,54.16431617493449,54.10559295116637,2.0915862937460608,331.09025662103903
2026-01-01 23:58:00,21.258047590917492,0.31046273287216486,61.90376799266771,47.35691115728946,54.26256805003896,1.7032077665845469,322.5585471211298
2026-01-01 23:59:00,28.3625219542095,1.1047562905244783,76.66360966098148,45.81069061850523,58.462320601383325,1.406748992854774,231.75807848728084
2026-01-02 00:00:00,23.006121999810606,5.299669574470536,57.17479980894291,35.69045998501452,51.66206649576912,1.0120988987837771,301.22767951967387
2026-01-02 00:01:00,26.081775032970523,7.870870678023872,56.98044503571169,43.684200238495855,52.659234136765576,2.075493300011566,296.18613875042735
2026-01-02 00:02:00,20.82794371007423,4.065620424292382,53.59798618888533,55.754351270423356,56.52857634861418,1.808126982861831,320.484463149018
2026-01-02 00:03:00,29.316116447077693,6.721872227310263,62.64825202678239,45.78849598917429,47.29311198768117,2.2193245691722074,286.4690755936261
2026-01-02 00:04:00,24.56791701983597,5.788017327180979,44.40282715661691,41.61212120272862,56.105495233841076,2.366738982201566,293.04869350639444
2026-01-02 00:05:00,25.870121189450607,4.125206827572504,39.87805563124776,34.45157603997832,51.221442704093164,0.9852238772868956,318.5823881686411
2026-01-02 00:06:00,31.977339375645055,4.094110685773857,59.596688757015855,53.28183436638483,59.277362962275745,0.9862665023491258,276.79264898733965
2026-01-02 00:07:00,29.549320301768212,3.0424293034553678,54.39506207200584,44.579497193834065,57.73331663424955,0.35472003497237314,282.7787194977204
2026-01-02 00:08:00,24.080303136138827,6.342047449838123,44.67094806039412,34.459596879823025,57.07274178487515,1.8673448548119025,305.79979919282886
2026-01-02 00:09:00,23.220339445388923,5.050891812220069,60.3037635955566,39.454405907570745,46.965206757227214,1.7625930749950396,340.1545711004872
2026-01-02 00:10:00,24.023364965441406,4.62871288900064,39.28610545160307,37.33477189585122,54.4830230241309,1.5391116000503386,324.2540921167004
2026-01-02 00:11:00,26.52969474542961,2.4474660511575412,42.81345859136259,44.20953884572817,49.11366719792861,1.0095467075826396,332.26212206797493
2026-01-02 00:12:00,24.684327597247385,6.45477851563211,54.51006165062128,46.244033817676915,54.81568048511487,1.4643865243500913,301.8995041864587
2026-01-02 00:13:00,23.814267564989585,5.443717832795823,39.8861447938273,41.980697614328854,43.423601615551306,1.5738821980030822,344.85234071348924
2026-01-02 00:14:00,29.401543752127125,4.544926340580917,37.486204327328444,49.66227957892129,47.295838658123785,1.8130902667516677,247.76452726496072
2026-01-02 00:15:00,24.657370324666488,3.8829431568420816,36.801610286987014,45.47281344283465,60.94516804420094,1.6091947657861145,360.6671765520404
2026-01-02 00:16:00,31.898767279111958,5.172455223829006,33.64272338285666,51.373874311632775,56.845265880032805,1.7655205179964666,364.5527692554011
2026-01-02 00:17:00,25.272227691256518,6.110810446479917,52.80353265689529,42.856835531515685,53.23092076260166,1.4503476520343805,313.6984904861067
2026-01-02 00:18:00,30.355955182674183,5.010833437669033,49.723712106698414,63.271953552066876,50.456283386568884,1.9725927575701008,324.96787912306536
2026-01-02 00:19:00,26.07195826813188,3.6672360572381746,36.52367297141522,41.61306765915626,49.57873041206454,1.7526920309773768,298.86000407984164
2026-01-02 00:20:00,27.888881719748344,5.005090466132287,58.59162451690868,39.58002004946477,56.000778775442626,1.0252267717196704,293.7129491077999
2026-01-02 00:21:00,22.826166845446828,7.292678031075843,54.467294190705054,38.84219669942546,53.28183845203827,2.055688147062497,281.67388873906987
2026-01-02 00:22:00,22.438722332237766,5.544179955556444,54.22206272060575,43.73435564067417,62.73323591658638,1.9902286090860546,298.5296395120673
2026-01-02 00:23:00,26.37911786504496,5.505675233540985,48.02642862300937,34.682783454805296,54.07618139994825,1.6861898948211766,316.6780042681711
2026-01-02 00:24:00,27.965659727395945,4.899431118266785,40.465198419143064,46.767377062966865,55.29360246122267,1.612287081994986,312.5965154149027
2026-01-02 00:25:00,25.120769506001388,4.237196199426447,57.803702755307135,33.568177382611154,48.05748265972314,2.16344462755133,359.59809215073716
2026-01-02 00:26:00,21.14081999474891,3.9369026078105316,52.64548775585657,45.970025544343386,53.1965038741143,0.8466748534911703,303.00823637407655
2026-01-02 00:27:00,20.91922490113202,2.5561837881773184,49.709348527898825,36.89248953542188,55.88495702533993,1.9964898096238604,255.33514315964908
2026-01-02 00:28:00,20.718590793441276,7.353264715222383,47.91771621391868,42.71223955571944,53.136071443934064,1.3095173205702597,349.3293186367025
2026-01-02 00:29:00,19.69713366118186,6.297501863663138,60.39581201817354,48.62724239479416,52.571857332128836,1.9380709785641543,263.3713716522069
2026-01-02 00:30:00,25.32845607834126,5.583803893943819,58.208531439834466,58.82422610325812,56.63454812807662,1.5481503388676172,283.2182722348373
2026-01-02 00:31:00,28.375131765124074,5.713793575128083,53.385704720351555,38.531996875313055,62.57411640780495,1.0028295906367046,308.1522942405271
2026-01-02 00:32:00,24.959752639225574,6.027081202515194,39.267323370930825,44.098095303441646,55.724846851539134,1.3013920759857234,312.51525246789674
2026-01-02 00:33:00,18.21875572798644,4.105274090954899,43.026869673914696,40.65744795134675,60.72093141736569,1.9086916292663862,256.6368504320834
2026-01-02 00:34:00,24.427718618996355,4.8066603867225135,51.530204153840884,39.78077806463523,58.10801188759391,1.4159168474720507,277.6058329087914
2026-01-02 00:35:00,24.511603010102178,4.638547396625243,69.66478751757147,40.710160020182734,60.42176687333925,1.2514058341127579,255.57652616182395
2026-01-02 00:36:00,31.28799625067632,9.435923839490817,68.2587012085589,49.94439885382164,51.951400383266815,1.2487311768819918,318.6513918996768
2026-01-02 00:37:00,20.62858626124133,6.957780872096745,52.589564861677964,42.07166481461772,53.96536252507799,1.7568989688935162,335.5013965410866
2026-01-02 00:38:00,23.82796719220241,5.662250144882797,68.44567890197573,58.49587618962513,53.98613214617668,2.2002540120559853,263.3448586726046
2026-01-02 00:39:00,30.117558041633693,7.939914915776776,49.04024134962759,47.495875535368405,57.73138618281988,0.6436466517454873,329.86979859143594
2026-01-02 00:40:00,26.349935024039645,7.430024866200368,57.55914246550981,38.93993603295555,58.96206411105932,2.6202737789373147,327.9233623297399
2026-01-02 00:41:00,26.689939220549274,3.49701244074746,37.43036044304961,42.79976890712953,55.625280955559454,1.5814984915904526,280.2278763026549
2026-01-02 00:42:00,25.343753311071634,5.091779929345808,60.76262419010954,40.18891805976006,59.38353288687932,1.732089654119531,240.5226289239652
2026-01-02 00:43:00,25.989830615971794,5.356239071259766,31.31063260714082,49.80041191768028,52.18334261509314,1.3254953011410375,267.8623194241581
2026-01-02 00:44:00,27.332828590835607,5.980010635469669,37.469553512156125,35.167322060608484,59.426887764495625,1.4985939500572691,282.14227239273623
2026-01-02 00:45:00,22.5715410433217,5.357758988446062,58.353830234505224,36.95429171738514,60.07904721092934,1.577005204852443,346.2501254042758
2026-01-02 00:46:00,27.6341757367246,5.441865268519462,40.4646530512352,41.45072328750515,58.38748172962332,1.080361603065186,296.4509227495134
2026-01-02 00:47:00,20.88099094934338,4.772143560420307,51.082836308876736,49.09768075882995,55.67084891740606,1.1777274246969882,269.7951607202909
2026-01-02 00:48:00,25.985103918494616,7.045957403510411,57.19562066910133,52.398361648936636,58.566616662024835,1.9738270163565015,304.4354566485582
2026-01-02 00:49:00,25.53622288985898,3.4822181883601284,42.618449655423454,53.28325314463706,50.52997767380755,0.8790612618563114,261.13956987403253
2026-01-02 00:50:00,23.151120735423675,4.548025828033022,41.77488561935843,48.178809119685184,55.991811321801045,1.6764156413254163,315.4302015061905
2026-01-02 00:51:00,24.93194417402306,2.6165097420950856,47.76581977148331,44.50266278185188,56.502552384125615,1.3517932362523262,270.67007822184706
2026-01-02 00:52:00,23.132379542003342,3.7282802626991116,48.13705022084589,49.76775487388396,48.35242168424257,1.1157171402097699,275.0242877942827
2026-01-02 00:53:00,21.784896019414766,6.330068056055203,47.95444875380434,38.13299629540974,57.3729212646976,2.2887727407877603,311.26476145295675
2026-01-02 00:54:00,23.939155775159065,6.179362541311631,50.316861111642794,33.93205666790264,48.755906371590925,1.118198975495425,352.5070104840666
2026-01-02 00:55:00,21.688034093885015,4.5896739337119445,52.51607915425353,47.61982546611893,52.86040851045284,1.0479592001062115,365.9336268070769
2026-01-02 00:56:00,25.968392392279746,6.883225393878671,60.48459479726826,38.9659294971069,55.198804796381495,1.4252109185917856,268.8040348266137
2026-01-02 00:57:00,21.549743517542908,7.504595196277436,37.90515191080409,44.60815960700712,51.34631807683597,1.1925765463591596,282.1018101985404
2026-01-02 00:58:00,27.135931068973154,5.301670954665555,64.43193077386255,45.717762095236886,55.41277019310159,1.5025522627978194,315.4659685511208
2026-01-02 00:59:00,21.455562796213542,5.610772842975939,45.308246830892884,46.48871735506978,55.3327849521811,1.5621597186605563,335.06368044926114
2026-01-02 01:00:00,23.30111525325698,5.210135784194999,54.40296334413898,50.62674923115031,50.89909180320579,1.5938632262539707,235.0774893123683
2026-01-02 01:01:00,23.12618977535446,6.502839564973804,67.85815102932085,49.99245112975039,57.839872294121655,1.4504436611025746,302.620104567189
2026-01-02 01:02:00,28.975440186624517,3.803872544535648,49.02844878365107,46.17000040300614,51.17921748346884,1.21913531876311,285.38571070308313
2026-01-02 01:03:00,25.990869836849775,8.05534922422247,48.88236372097696,42.34790831718357,66.43987187367347,1.757361217071732,242.2793640290907
2026-01-02 01:04:00,24.364798592366817,7.354432723527939,58.732828647641945,45.646572532057924,54.452605883346976,1.4553228933983424,259.8849666002289
2026-01-02 01:05:00,26.49615832320917,3.625523916891943,59.003307904260524,41.42273749995047,49.143529275049836,1.3017530751780086,282.9667662107716
2026-01-02 01:06:00,18.678422958010934,4.259803652007477,47.62032390322799,43.82142646796297,50.07829116893114,2.091997479639009,301.76445059947366
2026-01-02 01:07:00,24.87059923107728,6.254073538032291,58.403646330501175,60.70904054148248,60.737902323491504,1.4514752158434197,330.24308580792433
2026-01-02 01:08:00,30.992542533414287,4.666823831462508,57.70957144261621,46.093138205301244,52.95424175140773,1.9367946405986363,310.6304434524619
2026-01-02 01:09:00,25.39703951920802,6.63630489505267,60.01729440082008,47.701470102225294,48.181180960850156,1.9907353788437563,328.4261831150296
2026-01-02 01:10:00,25.203739507508008,4.997383322420616,62.223522189007056,40.76711610581783,59.268563735638836,2.015069134170317,300.8017300754179
2026-01-02 01:11:00,26.644385138926587,8.043406478936172,52.618319414168596,51.12044049857921,52.92213056110958,1.7764631232444403,278.8516215918901
2026-01-02 01:12:00,27.686815729943035,5.297376537728192,38.848219622705415,49.561634535980545,58.267097555596756,1.499746601249694,294.4875013838828
2026-01-02 01:13:00,19.00759992133042,8.94619967170748,54.796521567045886,49.60411532793051,59.67783012828063,1.4743833237395898,320.86552042407635
2026-01-02 01:14:00,19.953020554626917,6.171632901349282,39.06774216976946,46.28934748052078,56.37231769404272,1.4023519526066845,330.9768650798035
2026-01-02 01:15:00,25.63087387325844,3.5259530271607673,44.59734628794493,51.20514057460063,66.97953697842667,0.6332417319947496,295.5637594666846
2026-01-02 01:16:00,22.85537031430747,8.64294153559352,67.52962218380945,52.6301111798084,46.37628753533388,1.787522722299145,272.12654212850885
2026-01-02 01:17:00,28.936075786659742,7.055136068459538,55.00213763234771,46.69859351609577,50.91024962364096,1.5977862265540317,310.0697447846171
2026-01-02 01:18:00,24.054476830344328,5.867407599044414,52.41908291400532,44.31232584599806,53.72024997698021,1.830209706483451,314.33942891526664
2026-01-02 01:19:00,19.196407792860647,6.2166309303514735,62.72280253766387,50.36742594068856,66.30586764304061,1.4531993794112144,336.9815725815935
2026-01-02 01:20:00,21.19595824946801,3.7067330729800867,47.84040868175563,39.575248160641536,63.99001235051106,1.7659300647814102,279.63711381121186
2026-01-02 01:21:00,16.750971941108276,2.7003184785778838,45.07461785386665,40.69223831630804,61.44345433696958,0.9489971748554222,279.9660823720294
2026-01-02 01:22:00,24.297623388151262,5.300254040276314,68.98599189743814,44.68019794269059,51.029380296270446,1.032293756295372,322.68480592618727
2026-01-02 01:23:00,24.43484761820685,7.8775734059500735,52.57794098713985,34.551857589371124,51.61242630114785,0.5095153601114473,287.7769928697267
2026-01-02 01:24:00,23.726611870654306,6.077098129264362,38.37259793064665,49.96557164138055,50.85719982429773,1.4462603216673495,286.50947451962685
2026-01-02 01:25:00,28.236637117089217,8.317765832899102,54.55019331223905,39.22251667520506,51.08286555979619,1.19098976488856,337.62419610420733
2026-01-02 01:26:00,28.595559509550082,7.375180738251745,44.83345163008022,42.17105387098946,62.46352303637987,1.138647249931832,258.86983181156484
2026-01-02 01:27:00,24.488834729931668,5.57986831693791,63.951512859696756,43.720322425921374,53.78116438302078,1.633860951186123,361.6860941932653
2026-01-02 01:28:00,18.595918997569434,7.264540178739571,48.48796443872912,45.2357209294233,54.44250917678029,1.3297971223209486,281.6209376067652
2026-01-02 01:29:00,26.851844741476775,7.44436861687847,52.18740703755846,42.93808034146175,58.87193393461716,0.926763597278535,326.0018520840214
2026-01-02 01:30:00,26.666080685525728,0.7856676612527826,84.20558425892571,44.595773716617906,46.68236012983013,2.5179067091008394,296.73601014223874
2026-01-02 01:31:00,25.928174710470834,0.47296927859351684,63.19245420950743,44.642234205657516,55.2632291063457,1.4851957518047696,308.1408685461641
2026-01-02 01:32:00,27.944439247924347,0.6492836439265921,68.45429583393445,42.31781425423724,49.5156413566354,1.0667347788257215,292.11640500714714
2026-01-02 01:33:00,21.50551571061688,0.3495942555076881,73.1090021931556,40.36083325416741,53.527925397208406,1.23206581562678,325.6972995609892
2026-01-02 01:34:00,31.026266158555416,0.4670311236840471,63.14123397956661,51.48884354613361,52.06789653020394,1.4307428123963184,289.580283779413
2026-01-02 01:35:00,22.121716740574396,0.3266295280153291,72.16235957366264,32.37356578639978,51.81009626984371,1.4299016150971198,282.811605844647
2026-01-02 01:36:00,27.247668781602563,0.7471996965526787,68.20063769995207,43.765709045943105,56.12790903353182,2.0208657092183504,354.40025477609976
2026-01-02 01:37:00,19.937956916759944,0.5622818694901351,68.03945942725308,42.18660316869471,56.10606701196256,1.468228016947117,300.88148091041074
2026-01-02 01:38:00,22.209205938189847,0.5734107053361777,70.39150714166489,47.512748920358916,53.90089705383007,2.242083268747301,279.7291331694138
2026-01-02 01:39:00,29.54910594017601,0.7716368294209959,70.57011772462852,36.27424322088595,56.85342171495578,1.3270308223951577,255.29140230264304
2026-01-02 01:40:00,24.21730053099745,0.7312682593798046,71.31104615260833,42.00128795253838,50.65692729573225,1.6705744161039568,355.96734093107943
2026-01-02 01:41:00,27.519767815398396,0.6530685072272571,65.20938923634573,44.38584159606147,58.40792934519714,1.9087920777311322,283.44223870634244
2026-01-02 01:42:00,25.71086616615774,0.21565453059250744,65.55862620520197,51.42044166222276,53.96900488921197,1.9780609218846714,361.85514715503444
2026-01-02 01:43:00,24.685125531999482,0.36086417609666327,69.05129928940136,46.993109800772544,52.58168218931051,2.0247488869715253,311.96563054238646
2026-01-02 01:44:00,29.091550974798068,0.29922237279772945,69.64193887011363,37.89907073478683,51.026205941485095,1.391195303647946,304.28655600907354
2026-01-02 01:45:00,24.290023526044298,0.6455067387251598,66.48920528042707,42.07513968767604,53.79301269766659,1.4978042958900324,305.0953143698399
2026-01-02 01:46:00,19.65778567730959,0.5341303883500103,72.59151713668814,50.31630811596415,64.35319628422961,0.5082309733745297,366.47852817830085
2026-01-02 01:47:00,22.590279724144885,0.22189751327388102,55.48190601059842,37.79535080446159,54.68343114948705,1.4215959845597756,234.23344291737413
2026-01-02 01:48:00,26.653575186105083,0.46225115739775446,64.15626992872839,44.528134389765775,49.277982319282806,1.9365016711719927,306.4302455852252
2026-01-02 01:49:00,26.186527319087524,0.2011775328562443,67.76057739037716,44.94527728484235,59.59409533392523,1.858734591942353,292.04389177409826
2026-01-02 01:50:00,20.298825249293685,0.489368702386048,63.15107850375516,42.685301640475416,52.64035782104123,1.4654051515959674,293.6071984475081
2026-01-02 01:51:00,22.826972441775396,0.16892549920256306,83.03358411847113,61.17451069679349,56.41879502176235,2.179655777171983,304.4793555642571
2026-01-02 01:52:00,23.25483595239326,0.6057654986769225,70.1508947737996,42.523611243314704,51.97169724786711,1.3463978862620771,292.0123755151162
2026-01-02 01:53:00,23.903591217657326,0.5755925252068147,71.41415742580723,47.698590956206786,61.40386658071585,1.2135440703920402,305.64392001564914
2026-01-02 01:54:00,20.872259234195347,0.8815896986693763,66.13415433627631,40.402193278684294,52.04620121677018,1.3127353059094524,299.29267613534836
2026-01-02 01:55:00,23.114886675641564,0.6695746578994685,69.87376863701631,48.16648795199642,61.98928989288768,1.0510139900655537,260.5932546544605
2026-01-02 01:56:00,22.814168544221417,0.41541714883549946,60.27797228557813,50.22472558111161,49.753697077356065,1.7489580126814146,311.44098113432636
2026-01-02 01:57:00,27.314599779285757,0.6636140186548972,68.64146371123941,41.47221577952341,53.5354680714226,1.6153927246434436,321.48163355098745
2026-01-02 01:58:00,27.42736393297073,0.22046722381096429,62.50393257123395,44.671789108688806,61.99997892953391,1.7439917785492207,283.73803147475746
2026-01-02 01:59:00,24.56256862573355,0.3075054792637829,67.7807713219507,39.62832138065476,55.840871123906695,1.3342515392275154,356.0368823467221
2026-01-02 02:00:00,23.823880612387807,0.566628506415022,49.52066746958002,38.13357712770065,66.35732970902816,1.4767708082642985,340.06715236992284
2026-01-02 02:01:00,25.41977293611734,0.0683500674504145,60.9759743324518,51.220772595001236,53.654297753809914,0.6286325106364369,325.3185689751351
2026-01-02 02:02:00,22.550274677633276,0.49256784301322337,81.71141123611467,41.67599432469811,56.28521426480337,1.6504902205244187,324.95462232084043
2026-01-02 02:03:00,21.559503753497676,0.29594734157631586,76.64318199286033,30.518326028951577,64.52574636024409,1.5395365820238598,300.9029085782966
2026-01-02 02:04:00,22.17933637322285,0.5202614110306527,80.55231468732185,55.59213693896174,47.43038391628866,1.0597889354026142,334.24116314203263
2026-01-02 02:05:00,23.09556050808563,0.2844527283905473,81.10177015736738,40.18742806162436,46.81124983409231,1.458136987165361,347.12263836186304
2026-01-02 02:06:00,21.509578600623186,0.5848496274910377,75.38389939331582,43.52176173751182,51.02245911395296,1.3968602791719331,324.24072038435844
2026-01-02 02:07:00,25.486178677188626,0.5038654847334779,66.37705051696692,54.845439032965885,59.06686344736663,2.205724774002997,282.89149974562906
2026-01-02 02:08:00,27.189147021351125,0.7800731833762662,61.70199242987502,44.14954743487416,46.950744083340304,1.0755492127488782,298.80955685140196
2026-01-02 02:09:00,20.238705097605276,0.5013469068203245,79.17395684359758,44.019980386788816,57.9852452828101,1.632570471546681,317.2101009892827
2026-01-02 02:10:00,25.0753861336481,0.34627143900770674,70.51654379509912,37.630961732696804,57.63353347244447,1.0636926589286557,325.1323471213843
2026-01-02 02:11:00,24.340192614200994,0.4506228288345434,89.95218253105526,35.190997802234605,65.07195116600978,1.2768506223718918,297.6756835636935
2026-01-02 02:12:00,26.02452605661041,0.2311527205966537,67.07921619191397,44.00168241242323,60.22742462756186,1.6107275814768922,282.99574358678785
2026-01-02 02:13:00,24.961183695689236,0.581227450941088,85.78316683824384,47.17685864444937,56.82025118748888,1.4154548036547554,347.52620962133494
2026-01-02 02:14:00,20.63920216020511,0.6179700492630544,68.74566567443395,46.83315244926464,61.7956646757648,1.4976036575145775,267.83040856443125
2026-01-02 02:15:00,21.212832103428504,0.9938392073385636,80.68838877806961,42.112433517184705,57.694519705574336,1.633088843292788,271.76004733101246
2026-01-02 02:16:00,25.088270726754917,0.37563280187911907,83.57353389785963,45.12154679608165,52.69964972686399,1.3025241715205769,260.1861657149576
2026-01-02 02:17:00,28.08634275923653,0.44644108526496346,61.8164005745543,33.9767400280322,49.276971114755696,1.853658613926176,271.6934754112703
2026-01-02 02:18:00,18.35743788687099,0.38484829511235685,66.12001537367306,47.76100212417287,52.1531719815346,1.377808102704958,337.4203463135701
2026-01-02 02:19:00,26.03717973940474,0.5424227402262448,61.73616619441175,45.96843506862027,54.79963062726441,1.4609778153789714,338.4249826953961
2026-01-02 02:20:00,28.56886601586293,0.5763381068959228,60.16044409393421,56.841965365097145,55.87509202674802,1.6445245098351422,297.7786339660449
2026-01-02 02:21:00,24.54092237138136,0.48932503111429787,75.3365348041996,45.04487787857428,44.32402200956621,1.590800080465934,314.88943186670343
2026-01-02 02:22:00,26.650607488079324,0.7172651833746064,68.42697303800783,39.34398388712353,53.90219832538003,1.7576911698171411,299.68486267128253
2026-01-02 02:23:00,22.890792757306592,0.3766040992490445,70.4189305855211,44.69566119546708,55.14290884774722,1.626785760593882,264.24069522141133
2026-01-02 02:24:00,24.64190140216937,0.6972348095781424,74.44991307978624,43.03320119990498,57.7376872243992,1.6876122646224698,366.543210230233
2026-01-02 02:25:00,20.137259445075546,0.6076995707282165,55.14090533028068,47.60824721262239,63.13400441253175,1.3698509943339432,341.24219895209933
2026-01-02 02:26:00,17.96697007474338,0.4975940160202107,80.29412803165644,45.16135237035112,55.92826767722635,1.0724915607657919,310.63258215989123
2026-01-02 02:27:00,27.828297403675826,0.4370126718485709,67.20724669328067,37.44031979368414,50.45218561876141,0.9289444388988559,274.32330232823193
2026-01-02 02:28:00,22.045015216826673,0.9853335517462739,74.25921044990287,35.18554027083589,45.90960308199264,0.8317159409430801,293.2519686849066
2026-01-02 02:29:00,23.633416464989708,0.33659826985158414,74.96570271382838,46.5774492157981,58.43505479056191,2.2050906870917104,279.2272334574009
2026-01-02 02:30:00,20.84067324018942,0.5595866353936829,80.96637248611073,53.29868724641543,50.654563202612934,0.6148906356423497,302.9274672278541
2026-01-02 02:31:00,20.77009089074837,0.3499561859515735,69.16114089773573,45.47608730431032,59.334184885806735,1.977489399590841,309.29769523798046
2026-01-02 02:32:00,24.478486899716152,0.8571241497242612,53.01090032765656,49.87978412352124,61.987100760812844,1.1716523954810107,289.76623518568914
2026-01-02 02:33:00,22.811268417593062,0.6773652657598408,70.45702090762849,51.0768549252216,47.27962617010413,1.9745763888479217,256.36761741278997
2026-01-02 02:34:00,26.133912993984097,0.3643300242317712,71.6056548652928,46.60075107476801,57.769462793794816,0.61898398883382,363.9617695714765
2026-01-02 02:35:00,26.357615256938775,0.6025189986862457,61.725913126879064,40.11305107283155,61.46311205169672,1.405962439246687,307.12580240494054
2026-01-02 02:36:00,25.96254893897382,0.551539144255311,71.17992523546351,46.171848510273385,60.09519662640141,2.081609761210107,313.69776000583283
2026-01-02 02:37:00,25.71580237278533,0.39667504760505223,67.11185252218966,52.242437325602886,44.51810281544772,1.7852838253902328,287.3277184177504
2026-01-02 02:38:00,29.733304614795657,0.6516328434456347,59.257968405739916,48.17934329759949,50.731739776031475,1.3650938157236834,253.13966654012359
2026-01-02 02:39:00,21.797218692865343,0.5778610782208821,75.37187916007427,49.489472056971934,48.59909747124789,0.7228090793886073,297.5009840730649
2026-01-02 02:40:00,24.835195401391246,0.5431397427771905,65.49019879281764,42.22472254984905,57.61736377573526,0.9710045911396272,290.30333973039296
2026-01-02 02:41:00,28.398069461558766,0.4916160577515343,66.74896628210345,43.785877441527106,57.066633117427486,2.0556588386237515,321.2860314215873
2026-01-02 02:42:00,28.79361942801411,0.5862108985199302,66.29936922170333,44.2876361345978,41.51054061029687,1.3607035194985098,327.1823272012851
2026-01-02 02:43:00,20.73470905196628,0.5458775322984919,79.88382877971317,44.69197198477922,53.49584189336079,1.4712703586346243,322.95088439128114
2026-01-02 02:44:00,24.06293367503239,0.5118186666050035,69.67267070581286,52.00774989607415,59.00359915170554,1.6134140418810523,329.64817007751446
2026-01-02 02:45:00,29.07436328760178,0.37179681680248733,70.63279856436657,30.916957629970995,55.73987995612061,0.9788644347649775,354.10997422429796
2026-01-02 02:46:00,26.524237315597198,0.8387532481524985,66.47491076490883,45.183229827491026,55.731334597499306,1.6629160719360716,311.69555218606666
2026-01-02 02:47:00,25.585789094439317,0.28991601133029055,73.70293457803925,44.523021745830874,53.175031566406446,1.3321538077323976,332.976474624295
2026-01-02 02:48:00,24.34694591969603,0.585527243775949,80.79454438760537,36.770993151335105,49.70529529462661,1.6174811142302163,314.81581721507183
2026-01-02 02:49:00,23.848597222876762,0.4359518515397134,75.18288653989205,49.03060329952479,54.91472088054758,1.2687796317851863,242.99893800066246
2026-01-02 02:50:00,25.86465718927097,0.85190945388986,75.49493569067884,40.652998848330455,55.26046725617562,0.8707535759755372,295.3643915193687
2026-01-02 02:51:00,24.24287762504655,0.3193034925552318,74.84984164707477,42.857804103881044,58.076272601664776,1.3290509872751932,273.96865479288647
2026-01-02 02:52:00,24.87226413686667,0.35294734764793356,58.95805885351069,56.092691446524256,58.48249962147731,1.7563110468432008,306.9429999211308
2026-01-02 02:53:00,25.235796118345114,0.30603638734763494,62.991049346406896,51.059841897234335,55.429307095816206,1.6576240356308143,276.2696952205909
2026-01-02 02:54:00,22.9657854145195,0.5646930101901221,68.360100851207,48.4469216348707,60.47454182292416,1.5123723469338908,318.17042670091007
2026-01-02 02:55:00,26.596388121644313,0.22538986808627165,64.19308766005419,47.284661607866425,53.12537665932115,1.859252741204137,329.4308429441879
2026-01-02 02:56:00,33.74273394524626,0.40429430104844677,61.48370380195202,44.01191986532795,47.77987715060134,1.4185623949823094,336.1071013806048
2026-01-02 02:57:00,19.669040082021773,0.06952683542914301,55.02259407303541,56.99626359222061,57.38526834709103,1.522510525606087,348.577846845728
2026-01-02 02:58:00,25.97203757256994,0.5480842708256181,59.22776629492687,49.81300578864143,55.63189777194627,1.3080932481225098,249.71927747787322
2026-01-02 02:59:00,22.719429734143283,0.39995702824874746,67.9477955412592,40.502700516208485,57.484657578399315,1.8826471907013822,264.0299989515954
2026-01-02 03:00:00,26.73220773255775,0.20238865121362937,69.44458906544892,36.599386330694074,48.67774325858536,1.6166114190887058,387.83445558699356
2026-01-02 03:01:00,25.139672419983583,0.7171218805948117,63.6555697909554,48.401028011935615,63.95398044305522,1.277216755930651,330.2857115957863
2026-01-02 03:02:00,27.285564322127392,0.23846662032301214,70.6314017014658,44.66478522072933,58.55251206831821,0.9043881013888783,306.73343913141036
2026-01-02 03:03:00,28.52651972952634,0.6593887380056431,66.52933087273298,36.426370998322994,53.56001554500437,1.9419845099593307,300.9611253093569
2026-01-02 03:04:00,25.577263353304545,0.35979183520243907,78.72458869899079,47.571516994269494,50.322734270176774,1.2023739795261439,298.29419558715244
2026-01-02 03:05:00,28.396156865242535,0.8203142755790852,68.7069938878013,43.38583703813087,60.38576705216124,1.5288257409958188,241.9876032739374
2026-01-02 03:06:00,17.967106318633967,0.6499101077852293,75.57064705121373,48.18398955316482,49.49115108968072,2.4410398732578287,276.83012686129524
2026-01-02 03:07:00,29.77135689374807,0.29839042582519437,71.62571009835754,47.65044128748544,66.30682412396035,1.8206038166933236,296.6445721648602
2026-01-02 03:08:00,26.12518645567702,0.3165834895579387,58.783431686047564,41.35041587073697,51.93397530050335,2.1444598355307964,278.5242037361884
2026-01-02 03:09:00,28.233530067235545,0.621105041044862,69.2747345941026,48.79706858654523,63.60252607302806,1.2847500749835405,282.4459202835176
2026-01-02 03:10:00,21.340372765475436,0.4475243738579666,60.11500720537053,42.01256950419061,54.07763107463642,1.9283905587280827,376.76194265941854
2026-01-02 03:11:00,22.507690355183993,0.4661314985957269,69.13503329426463,42.40270876091417,62.90373354410154,1.5106675971807564,292.450408753008
2026-01-02 03:12:00,25.437814882434324,0.7544477723544196,64.03895346215448,41.806371560271735,51.32565746586742,1.6464067683074328,308.34360024800196
2026-01-02 03:13:00,24.948886331987612,0.3502622253260087,73.05570426787847,51.78584656683763,55.0941818927335,2.3083366852158242,307.27608855011164
2026-01-02 03:14:00,25.849205764029968,0.518258754435091,59.26116530027039,43.316565671673835,59.02374665085283,1.3885416703401177,317.6837849586925
2026-01-02 03:15:00,28.2535454827899,0.6909255587304612,70.11761460223549,53.23465908338551,58.31038568347911,1.5077017814706146,285.68151702389696
2026-01-02 03:16:00,19.704339054091452,0.66182349767712,74.57932466050555,55.70090922112116,60.503809168289415,1.138714139396815,337.4094374411605
2026-01-02 03:17:00,27.92145721515193,0.4680774664958655,77.26076455447196,40.567685178873305,52.562639425992174,1.8553874223632305,313.3068658082021
2026-01-02 03:18:00,25.024845729873782,0.44221882382946837,63.88665793692622,27.4740281118184,55.424041864249055,1.2757492406853457,261.38506878826
2026-01-02 03:19:00,24.388654416626355,0.15223690749581364,70.1420077776574,51.267057259627634,61.241942879990354,1.9090841663275515,296.77488002311117
2026-01-02 03:20:00,20.586654296845328,0.28875100146696087,71.47317578329259,42.94816861583915,51.47372249140524,0.8400347033020594,294.83555037984627
2026-01-02 03:21:00,26.509146005130596,0.5636718453149467,82.37701023634214,39.80288152120805,57.86270530559201,1.7194552287334428,293.45503634008134
2026-01-02 03:22:00,17.75767644690689,0.47242356221155274,58.1493595139989,41.46769136308219,53.90419880111125,1.2425226775747777,315.2789040666925
2026-01-02 03:23:00,26.945182033716137,0.5149854157132453,62.711179639431606,42.511117071803824,56.02937053291303,1.7922070557320844,319.04175567537663
2026-01-02 03:24:00,20.523682493581024,0.7078507219268121,92.43569994188864,52.78315854416244,55.42275108207224,1.4945763308583087,315.49959248441957
2026-01-02 03:25:00,25.16037373785242,0.26253537818754513,67.8152217283522,45.95946743590509,51.05858424607518,1.2858644340526835,310.1674607423269
2026-01-02 03:26:00,24.64249348801624,0.45276393955347,54.8720495207738,52.70159178064881,53.696534039387764,1.345376153249602,302.56913122968524
2026-01-02 03:27:00,28.50861444188165,0.5377421926822435,65.33959885321467,47.96532071567097,55.72466126038353,1.1598446799765438,235.46378987663078
2026-01-02 03:28:00,24.46403449295833,0.3591680124850968,47.8490142282851,43.14461565629709,54.486380006439354,1.8351151021283436,323.3367788681452
2026-01-02 03:29:00,22.917584316563,0.7862954227854835,71.92736569964923,42.65785678074446,62.863679748971194,1.080545060229834,314.6506228531943
2026-01-02 03:30:00,23.48019191208639,0.6817173603226295,76.47827808222576,48.36965250449761,60.049777784081805,1.393168544506881,270.45716169986275
2026-01-02 03:31:00,28.81864830626399,0.5580266654177511,62.70670099064998,49.92255377599625,56.44990249246748,1.6380958318809895,308.41746835189923
2026-01-02 03:32:00,26.60889090754268,0.8588463558657173,66.23420862198795,50.980756114205214,51.18426908640249,2.1453978101794076,319.4381544324067
2026-01-02 03:33:00,23.843110055430515,0.20022094407797153,77.3892332429513,43.43076893174554,50.87988454051023,1.4962805596432744,335.13741195675186
2026-01-02 03:34:00,24.29066074010646,0.4984547437788636,55.99827628123144,46.05123513842683,64.86905517640206,1.4029957653846237,315.3090432952166
2026-01-02 03:35:00,20.29846872824366,0.5732673937868122,59.427430302403636,48.50424245553196,49.95057281963903,1.6094539460464112,309.648054204491
2026-01-02 03:36:00,26.165422602554624,0.31708899064121554,68.17507854627488,42.69620984437883,55.56929809075262,0.6706143137302282,328.4031695250223
2026-01-02 03:37:00,19.7205528769136,0.5601429083635456,63.98132130026545,38.1903597971834,56.804743571743394,1.0205417197237123,290.8037993941765
2026-01-02 03:38:00,27.25538939750637,0.27868350124242436,67.6490648202113,40.16237359978726,53.44338174258347,1.3498534004486196,312.36009658785156
2026-01-02 03:39:00,25.3858647774738,0.6381114636548506,59.88999744474783,43.553787344712084,49.9889811771132,1.2148123397069388,281.3666041738853
2026-01-02 03:40:00,32.160855398721765,0.7115669536257814,71.71450788737206,48.973242835321805,51.07551680496756,0.859666684302635,333.3089012286391
2026-01-02 03:41:00,21.699593338827082,0.5544666802256657,68.8061353185601,52.55386497343261,52.26747498847986,1.843111460467034,251.70866657229982
2026-01-02 03:42:00,24.692013726878102,0.1294404369870108,74.39352395386426,36.86371674759228,51.4525356545111,1.6039026918229289,324.50211522450974
2026-01-02 03:43:00,30.394863102769186,0.3066412957667931,71.60319600384234,41.415929916420104,61.638601965904655,1.556106098913003,300.5312688554402
2026-01-02 03:44:00,28.574168920874243,0.6129420006426322,71.65352057996819,42.85282501762049,54.95437003263686,1.2224035395382504,328.9616199217888
2026-01-02 03:45:00,22.9113638452603,0.5042397287024731,58.42954116375909,49.768302193839865,52.38099449426194,1.5317571858654662,276.58366888826106
2026-01-02 03:46:00,25.671902285120343,0.0,73.94073241315898,41.831336787669,55.534790219336024,1.7057797837764237,302.6995073644889
2026-01-02 03:47:00,25.005998069245262,0.7485660767736481,67.35306878556446,42.42160599031517,58.33977952647457,1.3940415784386877,301.8189026919383
2026-01-02 03:48:00,25.845867602182473,0.5273313012507664,68.66721353880305,36.52804453709866,53.2769014697121,1.677828895696146,313.0165068015137
2026-01-02 03:49:00,22.90395869204551,0.336185067199991,78.38611501112648,47.90044389583955,59.509906475879575,1.181575807269954,268.5731414805606
2026-01-02 03:50:00,24.732038791897796,0.6989911195133328,64.24451554786484,44.03160555242067,48.644266128217204,1.5389941251958854,319.0864526425306
2026-01-02 03:51:00,20.20584287416986,0.3644919974186202,80.809474627672,41.07572979012242,60.85651816058207,1.95699931317044,244.62317615782928
2026-01-02 03:52:00,25.405370355604248,0.36230957647915707,81.55580239498474,43.44292065310742,54.9552383011389,1.9928078814304158,279.9647382864791
2026-01-02 03:53:00,26.350062020265497,0.5716705302028072,76.02227549891498,51.76197301158758,54.75993824124136,2.031035521979865,253.11809978582403
2026-01-02 03:54:00,24.317741762068348,0.8562076918484589,62.15503351386062,38.97067855008094,51.53492837767573,1.6142273661731668,324.8465819905688
2026-01-02 03:55:00,20.154847328245637,0.8247174355945772,52.50965403498455,39.950042213378424,48.86074934743293,1.5126455819430984,312.0039233252711
2026-01-02 03:56:00,27.965595588554386,0.5719422997808213,78.63067931407953,52.513514684793726,46.666640320923044,1.3204844335362342,313.6811594069621
2026-01-02 03:57:00,26.093575113978407,0.5924771317700639,70.89108049064863,45.45464896811315,51.18611665525107,0.7770060973930333,344.1956818874568
2026-01-02 03:58:00,22.82195470689707,0.6582997864169651,64.0384202334283,49.0185245802715,57.93836610301176,0.9620401214398031,290.5217499251459
2026-01-02 03:59:00,24.15819865948581,0.24860326492613016,79.38849875004482,47.41051146003412,50.19360788847669,1.4327780112138964,318.28757044237983
2026-01-02 04:00:00,20.497991791654485,0.6288296674303965,63.107528952977525,44.78799268623631,47.25775907137845,1.456684620348628,301.98067041529424
2026-01-02 04:01:00,21.923769616666288,0.35318530637129436,66.60675793415245,42.91020528510866,50.45467344581107,2.0648892115225967,297.4129633599418
2026-01-02 04:02:00,23.386565960928582,0.5636956133593162,74.19912291453595,49.98934813490291,53.075833412478424,2.0259196517502502,339.1987749623669
2026-01-02 04:03:00,28.685262436840453,0.45450647447853254,61.09117734708098,51.97401940686693,53.27249388668824,1.2254055434053661,362.45638090206126
2026-01-02 04:04:00,23.081489827337574,0.6002416654228429,69.12415272314347,51.50513008209658,54.35553545878618,1.8273302860356075,287.05600011409757
2026-01-02 04:05:00,26.920640977986277,0.523620693001292,78.7130974713069,37.8871701981139,60.16303173025939,1.3091724541704357,325.0115877455965
2026-01-02 04:06:00,23.38505139141526,0.0,71.68888594896904,52.829466107065976,61.24627219045745,1.7730465372015205,309.5735073794043
2026-01-02 04:07:00,25.743842682555623,0.5357783423410362,79.97941069458945,42.85238847481413,65.02731252694662,1.822407091242698,309.93337267351325
2026-01-02 04:08:00,24.575813493568592,0.6284305904598526,79.06881886404798,40.46982277473099,46.87546341650716,1.996837124859095,307.41533187100464
2026-01-02 04:09:00,27.61916980027823,0.5891856696676907,70.06190667537295,43.98403381938916,50.720580398318326,1.3029426580869212,290.00766025616525
2026-01-02 04:10:00,23.395565985344327,0.4794828107582841,51.3060689891409,49.98677061149239,58.49242578529877,1.9057214748723696,192.45058317234893
2026-01-02 04:11:00,20.282415249992678,0.8284323383860812,61.15382163827755,48.24278510416838,52.729843922374876,0.7508743855514912,346.04427973795464
2026-01-02 04:12:00,20.854152905909103,0.5622746258243322,76.10667289907592,43.467681528874394,59.30393234924616,2.0184862726155446,279.158022369828
2026-01-02 04:13:00,23.40436751817173,0.5875346600386213,57.597988637717705,50.02599520126785,56.03556715057414,1.4899933108725933,292.75328565148175
2026-01-02 04:14:00,21.25282008796584,0.7088983788101137,67.3864592913044,45.83916348455661,62.896021050184,1.498508800805721,293.39121299945737
2026-01-02 04:15:00,26.230636047038654,0.5725185999393198,72.70784490951226,41.56217120676376,60.21358056966343,0.6850253977238189,276.4858982023987
2026-01-02 04:16:00,23.602695505425768,0.32039644931715927,81.75656556609208,40.75178830224904,60.305083132794906,1.3445336451010477,307.20720425986866
2026-01-02 04:17:00,32.1238196500793,0.012332517244075525,65.39984242836469,47.46140906652972,52.94064195653152,2.0421917598454202,298.67062693733743
2026-01-02 04:18:00,19.786856214588603,0.4045758195963837,64.85209832733497,44.50489358510639,54.51269577015864,1.3293192433188743,278.50392063511384
2026-01-02 04:19:00,25.610899536129402,0.6521891051762233,69.580433868036,36.74696907951818,53.47373271216322,1.7853851043900835,304.47906049954065
2026-01-02 04:20:00,21.616140929482995,0.4293807337164388,72.80730375848081,50.08296895841702,47.47053928175046,1.5138220510856437,299.0085992112491
2026-01-02 04:21:00,23.519795978851963,0.6602356744563459,68.76602538083125,42.11834982825348,62.35884627747767,1.9250676558398794,327.83515713864307
2026-01-02 04:22:00,25.424258420021633,0.5297456351840546,78.39414679108648,54.552717887932765,58.72693654421606,1.5766003860816498,259.788516369548
2026-01-02 04:23:00,18.02388587537714,0.757613214052437,63.606849335772225,36.58206008907173,53.274864379595314,1.127275387560759,275.8383203732465
2026-01-02 04:24:00,25.71047835036408,0.44095665857586774,70.96128746703235,43.915748421659934,61.52296253729987,1.5225802719395773,321.75892832512216
2026-01-02 04:25:00,30.7087223868225,0.5935229653135377,73.56170168197615,40.80013389336463,51.84816176626422,2.140486761480485,280.8077116965533
2026-01-02 04:26:00,23.63968510489422,0.6011770129070718,66.79813752075314,39.14746487773597,45.80932765772362,1.6990580312144807,272.8979321236475
2026-01-02 04:27:00,25.77942357041653,0.8003203745262386,76.71767949247973,42.07925569944974,60.036848764468076,1.4534214770825342,282.2912717697417
2026-01-02 04:28:00,28.0747650793762,0.1586725387331444,71.19166832993879,55.62340565422189,48.60719883442001,2.4022975276533227,296.9706384993185
2026-01-02 04:29:00,24.50813949991901,0.4083183450893685,76.31076570521819,45.86022102047702,54.021122671880086,1.9636862810244884,297.08463191798876
2026-01-02 04:30:00,23.25711943440555,0.6697032210777007,71.55283286439065,40.24975176721543,56.0306152039188,1.8266935661593842,293.70124691693
2026-01-02 04:31:00,18.172790788834742,0.8091792959557296,73.01123657189783,34.02822953797557,56.92732672369381,1.6269369860977498,269.1430455465405
2026-01-02 04:32:00,26.92297215818492,0.5480143025284161,64.94086594520516,34.67182472191388,59.24200528101898,1.792109533900443,323.19476781760596
2026-01-02 04:33:00,24.660494770813308,0.4414591671157026,64.95382635847021,41.78122113528759,57.90425713133756,1.8050928292731363,339.7865928677303
2026-01-02 04:34:00,21.961948445835514,0.651423673734889,79.79517183943021,41.19787209516804,57.749462632810136,0.6268738617791448,242.68713940839808
2026-01-02 04:35:00,25.37979013083308,0.6737405350463366,75.08408355616265,43.65569576259309,51.04624108971754,1.6579744851317795,253.39378147729423
2026-01-02 04:36:00,23.248958929581455,0.42806766426653853,61.81627867022078,31.36689719738489,56.471217786338286,1.4356776562657367,330.0857092432496
2026-01-02 04:37:00,23.414721606653423,0.5660614624355093,71.44690739723865,44.4499104297208,47.47225014974947,1.3000894907453697,347.0938902187722
2026-01-02 04:38:00,26.818873468326125,0.7361054524823939,51.00979157171659,51.16637865088265,62.81068849226415,1.421825087982305,236.1246308488579
2026-01-02 04:39:00,20.984852766028467,0.8780917986548904,65.40847869040466,54.73704748418517,47.98717588090888,0.8776605252711195,324.463095038365
2026-01-02 04:40:00,28.141945858221277,0.6485209918470584,77.68822141295925,33.633323112497166,53.267800806218276,0.7781559599851282,349.13639659346336
2026-01-02 04:41:00,20.80694151064479,0.5088277793331186,68.99883529031072,40.19164344456507,48.40562880486608,1.998600966979399,274.12763202501566
2026-01-02 04:42:00,23.01189577493421,0.48918496479241835,70.94330135732825,39.87459683415279,51.349168570671736,1.6848631278835704,347.39003480679634
2026-01-02 04:43:00,30.76883858219973,0.6114793114387246,45.86895002783831,45.8743285651539,55.067142077160256,0.5347951491150883,294.6601715735998
2026-01-02 04:44:00,28.382064284927267,0.47686543150411,66.86197105491078,37.68136519274128,52.35620950741999,1.2694461834393036,309.4391127171936
2026-01-02 04:45:00,25.29281197748632,0.5379280998044776,72.7061777906177,55.093579492360085,60.721231290728106,1.8522206933586123,278.4230005635873
2026-01-02 04:46:00,22.17840935349635,0.28842474709382504,73.72231900318671,45.261134830114436,56.134505079813984,1.3879942505117475,330.0308557806417
2026-01-02 04:47:00,23.41218307990032,0.7594114392982318,77.69884569067491,44.26112226420473,52.68545135385703,1.9980019815193446,325.033563528464
2026-01-02 04:48:00,25.21982594375709,0.27196305457026426,68.31793798581258,54.55628240269667,54.33209035012977,1.9199007197106537,351.7412806718947
2026-01-02 04:49:00,25.112569697018795,0.4135776479093975,68.67475349900681,44.903714255499914,61.09850228527968,0.9573155162757145,343.2182210733067
2026-01-02 04:50:00,24.72738721112211,0.5195186521703627,59.3430605647211,47.40182043899213,59.54435441642233,1.4426703604604674,299.72549867348295
2026-01-02 04:51:00,24.907502457747448,0.8981973759777278,68.36382768661441,40.495210360247704,49.306145529922944,1.3207642300765183,393.2513584554569
2026-01-02 04:52:00,24.356874670884658,0.41546340302953455,59.90739950081761,36.7769876096737,51.59674142930198,0.9443046822591598,340.523779454211
2026-01-02 04:53:00,20.67406379307996,0.3667968372079207,55.21703904155667,41.337830210974616,57.37394909342186,0.9182902700578914,316.2154810513697
2026-01-02 04:54:00,23.450467773517502,0.38983661653324125,61.31856503911537,58.12185503366894,56.766832930135195,1.177591381503309,270.08536807039167
2026-01-02 04:55:00,27.74387216196054,0.8317794335222626,82.06947926243177,48.798125689721736,49.74809229300619,1.2436298361949447,254.09901812317094
2026-01-02 04:56:00,20.894997107346647,0.0,67.83551038789379,46.6472090226663,58.74563294653312,1.6132919108973451,256.64916428770016
2026-01-02 04:57:00,24.431333465382163,0.29945239757028264,71.75901890418693,39.1417596588888,50.54562929906802,1.9176853892857681,271.9900353922636
2026-01-02 04:58:00,22.54073821368747,1.0462577418319103,65.89202999041555,50.467504805903076,61.51913386928171,1.7054579823249478,341.31907967670685
2026-01-02 04:59:00,25.334051288194335,0.6181764146983274,55.67559184438482,36.85384035411725,57.64724578124811,1.8001488961123295,314.6126674001257
2026-01-02 05:00:00,23.834100456799547,0.278803010132156,77.48890499943766,35.59766130190572,49.340377746771395,1.393352871411853,281.59880449894627
2026-01-02 05:01:00,29.432180994924007,0.4916164035650457,52.622414881155294,41.64667726271013,52.35461649268294,1.741200078645156,295.92392967309877
2026-01-02 05:02:00,26.51974946257076,0.5134909132135723,65.56165858566673,56.72694547176869,52.26769692735688,1.4406500073638955,292.26760791216344
2026-01-02 05:03:00,21.064590502668366,0.6692250491811211,69.56308095319952,56.38736539435567,55.799383606511654,1.3234110466988869,324.00152011570987
2026-01-02 05:04:00,27.013684034841095,0.8679004005645128,71.84391714743884,42.29257843049674,53.98011550993755,2.2588403795582503,273.63606712692507
2026-01-02 05:05:00,22.67604443121381,0.5777103362558431,64.18824316376904,40.954805890812096,49.272555433091085,0.5678096173810006,310.4905915834873
2026-01-02 05:06:00,23.2690108858674,0.39204233939740785,55.2963081355602,35.157827756641325,48.02870426888712,0.7506782810770556,309.00257327840103
2026-01-02 05:07:00,25.941457060321365,0.6574168884196409,63.59125366131649,45.468184353120506,57.74511667198931,1.6530799016534417,274.53395969541265
2026-01-02 05:08:00,23.524757740809594,0.3603494606274278,64.0099360990427,45.97207651192872,56.43118432282082,1.39400706058702,347.64018087631047
2026-01-02 05:09:00,27.678567448968867,0.2933325008021941,63.815252038759354,49.73733752518147,55.52768778602516,0.925206259933231,291.13286380430617
2026-01-02 05:10:00,22.676469815459814,0.14801822560871097,77.76046872166083,50.464245079950985,56.353659294802306,1.0781556195344928,270.2174962633129
2026-01-02 05:11:00,23.14316034222591,0.1869743210999198,60.29117777488686,43.8154684940122,51.90540426237482,1.1302376812552872,325.5863993856058
2026-01-02 05:12:00,23.030887319355674,0.3207109687751456,72.40783419550527,48.33616724855751,55.91996178887572,1.8569346148523656,301.6348673146393
2026-01-02 05:13:00,23.30308375493488,0.2644420464598258,71.26637629774332,40.796166792920786,67.69252782492134,1.9849641724257756,312.25284937977165
2026-01-02 05:14:00,28.29757466664344,0.5626473054749435,77.68364061977336,48.22225520016411,60.872835603735716,2.155825026092247,264.4596059942538
2026-01-02 05:15:00,26.88638888083091,0.26011963483519296,68.93494502610454,41.95660753089265,53.55795774520082,0.8643955111162648,324.3724875492592
2026-01-02 05:16:00,30.129831862036212,0.0,76.32904773758047,47.756751095801626,52.3831412644938,0.9531505869953872,365.1728509357366
2026-01-02 05:17:00,31.802932611697763,0.29121764508210685,68.62223889524722,47.27100795171219,40.69780301254217,0.9257494101997908,262.1149881064661
2026-01-02 05:18:00,21.90784890420298,0.40562807045571614,73.4751402126784,45.41282175417039,60.34347076492349,2.015542802308004,310.62626417968585
2026-01-02 05:19:00,25.211257381981866,0.3789101024256069,57.97647130202208,49.767238308956124,58.933026768874065,1.6668897817678119,276.44070913949963
2026-01-02 05:20:00,21.4713990500697,0.8039049358618369,48.893775389671134,35.57760557183589,52.28086015361754,1.5320796865878885,380.6881817879239
2026-01-02 05:21:00,22.667182216755197,0.37729148814216995,73.02037482852683,38.61050269067436,47.84146158561436,1.591851477538979,337.1889743445075
2026-01-02 05:22:00,23.10975246923299,0.6761846926398396,73.44946500831384,43.379641958681795,49.22366278405137,1.4772886891445025,308.46322029089913
2026-01-02 05:23:00,21.828535377585176,0.49620348006382764,73.80401866521505,36.340419673960064,57.22198931239711,1.051543181037398,263.16397572391736
2026-01-02 05:24:00,21.84433818130476,0.4915390548654803,65.80053988196256,42.55881291267177,54.55329633168743,1.7052691159139617,270.41831775671227
2026-01-02 05:25:00,24.567146864439234,0.33292394223039257,81.91777801768298,42.7522182295347,58.45796008803641,1.4255445977385255,322.38823517045364
2026-01-02 05:26:00,21.34984474484078,0.4882434696838466,66.32097747410383,52.85810272000016,55.432215691840916,1.0198713946082827,259.12523406847527
2026-01-02 05:27:00,27.526380877412898,0.3469807746205166,73.36703215737896,45.855202213748775,59.83379416058242,1.7297141781432233,260.06658465773796
2026-01-02 05:28:00,22.246739387747457,0.5340048628509141,74.75708980003263,51.17657745638327,56.847875701961236,1.329684945490965,300.2649379550363
2026-01-02 05:29:00,33.42870691028918,0.45275007347526236,83.74992127799288,46.81004831285831,59.1439769008034,1.5909933947365509,304.00250008630724
2026-01-02 05:30:00,23.645846647106815,0.31107441336167996,67.46376304168133,41.785996372607606,44.551582945390315,1.45000833548079,311.4009422158288
2026-01-02 05:31:00,25.216052925751157,0.698378867940119,64.77445675016678,45.80230084647907,48.8282721475127,1.8565515088899234,286.8142410654866
2026-01-02 05:32:00,21.113976446601896,0.5853680960042851,58.01483692467741,49.37655800359304,53.178241650561866,1.5880651896915767,327.60439638393257
2026-01-02 05:33:00,30.118275274382917,0.41038745317155034,82.41893605329979,52.16040795865548,60.39784392450121,1.1465199300572777,274.1455586107072
2026-01-02 05:34:00,28.358502042408748,0.529098609407062,73.37128725638831,44.2061396223934,64.4026486303387,1.628801289415413,318.7993306066932
2026-01-02 05:35:00,25.890747612208337,0.4832354956996073,73.62448884715441,35.114936136882335,54.17882108806561,1.641875489789225,306.42362036004374
2026-01-02 05:36:00,20.959592353661304,0.3264818125473452,94.93363393059136,34.69318645546859,51.9420996805591,1.7045331896155491,318.019472568856
2026-01-02 05:37:00,25.63200063317386,0.5140992458042327,72.6003579294904,43.041524339298675,45.22515727871098,1.914349701892765,335.4599415577662
2026-01-02 05:38:00,21.635706861948236,0.3757976490385251,59.58142875919974,30.972590993112163,59.31781882036582,1.2536068859291307,286.34002964685357
2026-01-02 05:39:00,29.38706579042008,0.31101323287598015,68.4327714000562,55.770626794420984,52.24904712402761,1.7671742668722128,280.16767404541713
2026-01-02 05:40:00,27.42758419555952,0.17544653394669502,62.201740729210776,48.5815993883984,69.79167334679077,0.810073104863678,249.3481873154525
2026-01-02 05:41:00,25.28631711546321,0.42827852929227384,66.83305284333782,41.18599794301653,51.30298039982743,1.4520060738846774,239.42993712231493
2026-01-02 05:42:00,17.69087301025803,0.6133941319167446,66.77928317796314,38.342114435947224,65.52637548430332,1.3901360460769432,294.72077525791565
2026-01-02 05:43:00,22.049752064022908,0.36106812932422805,65.3038048714636,51.16871457585666,58.741836917937334,2.0791380880721118,296.77431357391157
2026-01-02 05:44:00,27.06328339479962,1.0041417384315938,58.853739957156826,38.318177066093966,49.858678003393166,1.4374658284094057,267.4175062816852
2026-01-02 05:45:00,28.638651075169467,0.6771371307305465,82.74001306937836,38.89063941839368,56.16071894321793,1.743195511268644,273.86700900394675
2026-01-02 05:46:00,28.327509434476394,0.7608660265320957,72.39078435550715,40.40432435983985,58.85690263275233,0.7952885508509772,345.70361571887787
2026-01-02 05:47:00,20.223960993275632,0.6590486024147517,68.19622372239809,45.68452448744595,53.87373903741708,1.3592968141245674,326.2751934090844
2026-01-02 05:48:00,25.90465692043871,0.8705729949877146,76.06110263612594,48.72478463488439,59.189913552761496,1.1614560530265683,262.1517937583513
2026-01-02 05:49:00,28.046545649448788,0.34259960330549155,73.76853819879513,52.15603340049398,59.0797857967433,2.49020444931821,286.7295584664329
2026-01-02 05:50:00,20.024993303253265,0.0,72.20552586193638,51.26982779368021,57.98169250297066,1.233281297151457,312.1800807496921
2026-01-02 05:51:00,24.97628645388029,0.4107748783294234,75.47998458213462,45.00464225540845,54.917633159762474,1.529311629064581,281.20646926918374
2026-01-02 05:52:00,25.82152719492537,0.6116437151095075,71.07147795006925,51.123131842538,49.12529955346937,1.550630320910068,275.73914053783705
2026-01-02 05:53:00,24.097706245459797,0.5303033943495957,75.36177165593273,40.974002316141835,54.61607312262383,0.8642086836253386,289.85262648652406
2026-01-02 05:54:00,19.443514433796395,0.5550945221935567,76.0248984070222,34.0748039132282,55.880323318579215,1.2895858357827543,332.7198265599742
2026-01-02 05:55:00,24.022905669778815,0.7641820005339746,71.30174988026242,40.97321356973695,45.61974564481088,1.661906605059702,335.4420390755622
2026-01-02 05:56:00,24.01808370923493,0.5764115148925,68.23684405203107,40.16243691434227,55.84617657995672,1.534288910096514,277.9365954662319
2026-01-02 05:57:00,24.555782786356737,0.6597825855182043,82.24318241163127,41.20807756920494,54.51599367594928,0.5798356111968253,313.8165328390293
2026-01-02 05:58:00,23.30958572372479,0.3120874516294482,66.17678768181253,39.243751624548665,48.51686964607523,1.2732034221981596,299.8076474136675
2026-01-02 05:59:00,23.670963540275597,0.28092126215679264,73.13050880341876,42.233342534521725,53.33496804654121,1.9083286645787572,269.75293522541847
2026-01-02 06:00:00,24.880881152959066,0.8228227846048976,73.31126728591254,48.72010328456147,53.4407682658285,1.7352891709251739,291.0877646024987
2026-01-02 06:01:00,26.327363814909134,0.5201803070294135,65.12353718189091,55.29154261597543,64.6504726674671,1.9872133407300816,262.0729743600708
2026-01-02 06:02:00,24.08671971143,0.37535416331077304,63.53742091750805,34.64792115444586,56.10059173088683,1.1057410650306836,334.8916571145929
2026-01-02 06:03:00,23.771053214895993,0.37572110129057634,67.16918383304119,37.27359223859553,60.18022625657299,2.0123718141116234,346.5741612796591
2026-01-02 06:04:00,25.277062114763375,0.3701753756723485,66.06226517459514,40.251322447631,54.41092347754676,1.4822375806843273,287.68280755277726
2026-01-02 06:05:00,19.237252222314456,0.35820819579083163,58.334955506889074,49.59445126461956,45.63041741582458,2.136889000375576,280.5276206236706
2026-01-02 06:06:00,26.431105381679373,0.243370439479268,64.7880393398458,43.7703153421617,58.36170924410812,1.5013217736335094,331.63783312945725
2026-01-02 06:07:00,24.998310708631124,0.19991591955589827,72.12978387707649,40.655344661378265,51.709066352062294,0.6810098029142746,336.48446822940053
2026-01-02 06:08:00,25.119080579792687,0.4609991244691162,80.12754867318878,49.30039804623253,53.321999350060445,1.8397018285228577,266.56765794322456
2026-01-02 06:09:00,27.882202922783392,0.38141482593592013,74.43513068138907,50.73834159805181,49.735143754422644,1.3225945288101428,295.5586599374205
2026-01-02 06:10:00,19.141553409855256,0.7214318570886591,49.2037240130381,44.88744024345822,55.3638393196068,1.3495081554526065,298.231848363863
2026-01-02 06:11:00,19.078498390423107,0.5586153306533833,75.13042971805862,40.102684640276735,60.32589180811226,0.9187614275720922,276.87671179035243
2026-01-02 06:12:00,25.821411535970558,0.5530635360155967,65.53478571283426,46.621677403412356,59.66369054237313,2.148879799602417,311.5794508226234
2026-01-02 06:13:00,24.978649434614454,0.3513759184891099,73.62464059750211,43.6003907492846,62.93094753892582,1.2915595304788612,279.00163994748146
2026-01-02 06:14:00,25.510530829575796,0.47579431684400486,69.88691792631498,43.55392053728724,63.639797289770556,2.130014309965008,283.79217763930876
2026-01-02 06:15:00,23.613618774482664,0.5722002207262881,68.45849899130538,41.92559868838898,44.77062884870888,1.3275027353628588,296.95971810494876
2026-01-02 06:16:00,26.993061022719793,0.6432391479425351,69.18211417630287,50.549899483932535,49.03189719535434,1.1289019191402887,255.32813153323923
2026-01-02 06:17:00,27.79791652897336,0.4812216346963269,69.82060553384176,46.49928135796076,45.959042108367235,2.0278116696119257,238.30640190070073
2026-01-02 06:18:00,26.45194688185458,0.7158247558648418,80.75523977672195,51.214205291337784,58.15965205194795,1.4706661003999082,327.5481709991498
2026-01-02 06:19:00,24.21751462478625,0.5015978617815885,69.8427185033193,53.01795687286875,51.53459108100424,1.4745711970579376,277.7903073266446
2026-01-02 06:20:00,18.676931837156793,0.658569423703536,78.6842890654496,47.753884613199844,52.55409834078035,0.987349623886752,364.0459224907512
2026-01-02 06:21:00,27.307708624111385,0.4020295582821699,77.51924692676526,41.96113731068909,53.91701284036272,1.3169506581214976,359.1551377525098
2026-01-02 06:22:00,28.665185998652777,0.13748232668627164,75.33636438066922,51.24195739331871,56.91285344045376,1.6714783294523996,284.8056413484283
2026-01-02 06:23:00,26.93367523595194,0.5536717976037046,55.70704943896258,47.793988213670126,47.57339475996772,0.980328002496459,370.1715898674788
2026-01-02 06:24:00,22.36107271789748,0.6450648126293251,78.93306124929285,60.62020666084584,48.70568268682956,1.2843649223312732,328.1272358816273
2026-01-02 06:25:00,27.021383181003273,0.6150694663615139,66.33678964691529,46.86061733096812,55.006481032655536,1.3318214250370168,280.6405859117077
2026-01-02 06:26:00,27.581589123884335,0.5844373322874881,75.72581824859817,49.18612823408451,60.99372968077234,1.5265763218855992,222.54480780563176
2026-01-02 06:27:00,29.67644874339726,0.43028260680900254,62.21973733407669,46.74254334777619,54.87301298374457,2.0918238582553057,320.6446541280098
2026-01-02 06:28:00,22.371670227316127,0.3386507497108815,60.51940765357395,44.40540844879129,51.04170146808984,1.3800187468068064,300.93887624643435
2026-01-02 06:29:00,24.320636246367584,0.6103456538087562,85.81110989464959,43.447250702474605,44.25895659831182,1.2237997350349752,312.940847572311
2026-01-02 06:30:00,27.241816153430364,0.585289483239655,62.34413546529508,46.7654630679514,59.7633779253014,2.5985482528098682,293.1349147048665
2026-01-02 06:31:00,25.172230214314474,0.38782018183123473,79.16885311241398,48.127054510883134,51.3203417530476,1.326725858590628,265.68429208203406
2026-01-02 06:32:00,21.648017193846176,0.7218848378384114,70.94736257149216,51.92632739786655,49.26281542124139,1.4237367355323216,287.1892000673648
2026-01-02 06:33:00,26.24384885508011,0.3234268970904799,66.63903953311863,46.85310334982258,46.4233738677061,1.356861452323587,321.1991185783512
2026-01-02 06:34:00,26.7359849014455,0.3832953242417919,69.64136892535835,42.22266494744863,47.804495944290174,1.3892923595561488,289.36873897877365
2026-01-02 06:35:00,25.263888688993006,0.827285042468333,59.59124402774951,43.0388760204061,50.193928897730736,1.5311019452063843,289.1874642797218
2026-01-02 06:36:00,25.658754781539834,0.6737163875467825,69.88996496312616,37.062378342580914,53.80575631902924,1.86831859103731,254.41838735827062
2026-01-02 06:37:00,24.22388229494281,0.42839813882179545,61.338077488832326,54.96728306143386,48.95629147619672,1.6615950893093623,302.7360144533483
2026-01-02 06:38:00,29.43483680714818,0.5574761419287101,66.83644964548812,41.75295831887491,55.928540187738186,1.9308382253465683,266.6420417553741
2026-01-02 06:39:00,22.29792344886197,0.5309584489047676,77.4023965117566,50.80464276082744,53.76776130040949,1.9176114698429734,327.5557859909434
2026-01-02 06:40:00,23.238037711708664,0.0,72.03352541246126,46.6593051446552,66.10996144592264,1.5834208422463505,277.97697299309453
2026-01-02 06:41:00,25.03295654058258,0.31870521010532366,58.142636008955826,46.82239098503644,46.47778441803669,1.6505247880255103,291.1288772851273
2026-01-02 06:42:00,27.636862083102677,0.4898306765781437,76.81190501531096,44.29531274836598,55.80739715156191,1.9434946705074492,364.91950697233113
2026-01-02 06:43:00,20.507880489716392,0.42867770468813876,69.94320190472686,40.27320666823996,55.87002494520478,1.055516028799007,290.80277331898236
2026-01-02 06:44:00,21.06910975070368,0.5494205129660841,65.66251785272529,39.18878759704815,49.847212980384256,2.4992844808953203,286.78275551600774
2026-01-02 06:45:00,18.88681447679585,0.725896462589584,75.97341043127145,55.37079233282962,55.4762619872373,1.2949659477889572,317.56865957696795
2026-01-02 06:46:00,25.098085675759812,0.4356928430692145,68.66234530418399,45.683766473023475,58.84797183203358,1.3596140313724097,246.4421459332304
2026-01-02 06:47:00,21.64508254838037,0.288469040775427,60.6747092807543,51.751606477125904,55.48245741278916,1.0152396101304937,337.5242796533558
2026-01-02 06:48:00,23.84634966994625,0.564970331702209,84.78247769159684,53.30944162587151,61.92231442409919,1.0271396768182408,329.8182013036678
2026-01-02 06:49:00,26.984134569675124,0.4346753332864393,69.8617004568721,42.53491841940472,44.1115619095233,1.8896136275558946,315.73355234624177
2026-01-02 06:50:00,23.07537183765146,0.46878729983561945,69.34891836414226,47.54103459556706,50.7888329359864,2.4080773110569007,198.68707519571072
2026-01-02 06:51:00,25.693846068230094,0.44164525616938427,66.75915862615528,45.270064652948086,62.37528023615472,1.2731039556766608,292.2176490457267
2026-01-02 06:52:00,24.101986276744835,0.9483675600021972,79.43972591566072,38.05671718189867,59.56013166631925,1.6389266112510072,261.81401321984004
2026-01-02 06:53:00,27.01634294528931,0.051859147800410954,65.80097193486368,43.88712014457446,57.70255855633144,1.5880666382848652,333.7232035187862
2026-01-02 06:54:00,26.425384202044025,0.4223332193734708,57.64016112950716,48.52503954143536,61.16607703259729,1.9000978249667035,331.57683261768034
2026-01-02 06:55:00,22.92419891147617,0.4992621948703216,64.57057870483217,42.00582446993485,45.41721060649115,2.3874857858069594,311.6402966949232
2026-01-02 06:56:00,24.494044739798642,0.34377150154344427,80.61419680363834,43.050940827768834,58.978053313614105,2.1083893671926344,263.9066640857996
2026-01-02 06:57:00,28.131230193161482,0.6799651664256566,76.65705729165694,43.95979886768613,60.32185081209711,1.404536287607701,344.8288263157479
2026-01-02 06:58:00,26.18013061076229,0.6626515357439279,67.95987477872112,57.66917598786062,51.706499169121315,1.711507054283854,292.1321658294154
2026-01-02 06:59:00,20.809113826746604,0.4904490763022919,80.98604113312379,33.99570637737337,68.14618558945614,1.7512231370968907,354.161132007017
2026-01-02 07:00:00,26.966854183514148,0.44586524893126117,75.98353783057506,48.00985979416355,55.98174482031029,1.4919637475329521,307.96161200587943
2026-01-02 07:01:00,21.746168132691285,0.4776086331536706,67.86728509092315,43.47996553648701,44.03615478745729,1.0616255466013076,315.2042405674994
2026-01-02 07:02:00,29.237539209883018,0.47904266927043787,68.67272115919137,41.1560705489854,56.90635998966877,1.1804895125747914,286.1908684631241
2026-01-02 07:03:00,28.072296519523075,0.48432539437484745,72.63454185556347,43.332745757062405,51.400699850053,1.959261060371686,342.2086673334543
2026-01-02 07:04:00,25.869656427755203,0.4624001796966401,63.34490440268947,49.00425746300054,60.82497636964759,2.00052319832882,318.25301652880825
2026-01-02 07:05:00,25.47169853030858,0.5504898629184786,70.0360405240748,49.34714156412336,57.73972016695649,1.4169730540643253,343.28675077543863
2026-01-02 07:06:00,24.37290323191774,0.650642412965573,72.46810691690632,46.11610273460852,52.010389638619046,1.6044221576240352,305.3262359564112
2026-01-02 07:07:00,27.035571854200086,0.2539479704802846,56.50427009113168,51.55644789873976,62.51225959131448,1.9789055285318575,298.588840222326
2026-01-02 07:08:00,23.887665491613816,0.2898672201533702,68.48543741945682,52.61299797060346,59.69725652989655,0.8182924511866806,317.8539048869643
2026-01-02 07:09:00,25.70670961191968,0.15029639410329526,67.57555051707449,49.898255651703685,50.860400061589495,1.3214590276644573,343.27621527273624
2026-01-02 07:10:00,27.615803099558352,0.6732794800715199,78.22454415968258,41.722845293116684,54.23977459719576,2.3071485525930577,330.50202921717516
2026-01-02 07:11:00,23.314580369423233,0.5500646586380926,55.24402404951173,47.96664929527726,57.5845839538204,1.6197230864813268,304.14671421462816
2026-01-02 07:12:00,23.151421780027917,0.6010535031865541,66.94795184237032,47.99520395483142,53.17868368613689,1.0483135661186262,244.283444771163
2026-01-02 07:13:00,21.416903557826622,0.2141003523273063,66.1459628210833,40.10621139812069,53.32800298076373,1.5469129174294858,324.31158118113973
2026-01-02 07:14:00,21.806581761621484,0.8569896245760277,77.6805677113728,35.58336663567445,55.18362514132242,1.9085742369073104,256.83885607638024
2026-01-02 07:15:00,19.514814065675495,0.37822981837092845,69.65162744508086,32.86334627175267,49.67100707981305,0.4813868250685671,301.05017268457016
2026-01-02 07:16:00,27.189486367046587,0.5336411614222512,84.36875716521895,45.41913294067291,43.83617330711516,1.570514326876437,296.52701437888277
2026-01-02 07:17:00,30.42674362624831,0.6708769321356745,75.2977070552511,46.78823828920151,56.19567431166019,1.351034178163005,257.4669455080316
2026-01-02 07:18:00,29.275986830410915,0.3026040488407856,66.71821604648385,37.90931053408551,45.05550025352407,0.8432007494252209,311.175092696215
2026-01-02 07:19:00,20.12174653412045,0.39073512829746665,71.91726957247167,51.27619399530818,50.034806484276395,1.5327709020521236,364.6295322062183
2026-01-02 07:20:00,27.1745640146686,0.5358343549201748,67.16744952504433,45.91330889577847,46.14208820525714,1.4454079072958208,290.6218340646024
2026-01-02 07:21:00,29.26631904977067,1.0714946150929414,76.87516872392337,53.096715689492115,46.75777776119348,1.4903638991209445,322.9763898723939
2026-01-02 07:22:00,23.629570057784008,0.5602249485704048,59.342418293671905,47.22321521990155,57.13177587059646,1.3606957519020948,370.67069516226326
2026-01-02 07:23:00,25.30434229195015,0.8212722301261437,63.410432187429336,38.601998568725094,53.88845917469963,1.091464979218344,325.8783965702662
2026-01-02 07:24:00,18.97632084758599,0.7411346290383911,73.64551934843936,47.7496872797409,53.707997722659385,0.9180788665607013,280.65470077026816
2026-01-02 07:25:00,25.800208503929923,0.5736020072989038,79.80605158978896,49.02066416923261,48.42049108187995,1.2237240238901501,307.1104438836824
2026-01-02 07:26:00,21.809320811695848,0.30216084567386425,52.384251230886406,41.71425848467796,51.7207545558072,1.8437008456304258,314.42340549327946
2026-01-02 07:27:00,25.598905053734544,0.711950722163647,80.99576972792333,36.34744201614075,56.88227579605093,1.5932281174906981,343.01439399821885
2026-01-02 07:28:00,20.316391233433357,0.20037793167039059,68.87891897257595,45.601776385839635,54.739563673467494,1.472330668221364,336.4215102191426
2026-01-02 07:29:00,26.628574673432787,0.8201750247354185,54.92900030450269,38.994932188102894,59.113370305209926,1.0840927403714042,216.90349144546298
2026-01-02 07:30:00,28.07353802628007,0.540001061643651,45.98617726488529,51.72532597836679,59.825460060629574,1.3504340268583155,274.3138634341147
2026-01-02 07:31:00,22.650460414854496,0.0,57.764911473533765,42.556939917440445,53.73890070870895,1.794863023342885,297.89919832159194
2026-01-02 07:32:00,21.589232255768696,0.4318987809936322,69.84236115323678,55.34760663895979,45.738753570397535,1.7019135049941962,269.5413881238691
2026-01-02 07:33:00,18.531930872350056,0.6307895641845881,69.47281569752893,32.255047994886986,51.21677550466892,1.3091204520909139,188.99725322728074
2026-01-02 07:34:00,24.20075939777447,0.45259522539204666,75.06560347767447,45.80877362487089,54.51155359563654,0.45543913941287917,278.2314453674797
2026-01-02 07:35:00,23.255218197155184,0.6430011621987146,65.60410257951229,53.57635584060792,51.11756473997943,1.2300609479353675,299.89168177537016
2026-01-02 07:36:00,20.346941762955836,0.3299951664575409,61.13567562843063,39.65817410467622,49.726878943331236,1.3069221929557449,284.2414595156568
2026-01-02 07:37:00,26.359056268936516,0.23880352544247851,66.69530889871285,44.04479438623779,55.34876142111743,1.1371576249188953,270.09170234770977
2026-01-02 07:38:00,23.650088854406054,0.48571091939047895,70.26888229529261,42.581785713815734,67.1515155136664,1.3347296867441178,301.24393874354485
2026-01-02 07:39:00,21.772792124064303,0.506313133457983,71.84618235964221,40.8973941470863,52.55905968981813,1.8266200512780872,310.2926452575639
2026-01-02 07:40:00,23.33628278307866,0.43032312978753573,63.686682405820754,46.467735846685684,54.98597073754112,1.4850814188173942,285.9420865810358
2026-01-02 07:41:00,28.213913616788847,0.7454582293284385,77.21157360268288,37.22747039400538,48.43982061384506,1.8958784191619766,341.1523146742102
2026-01-02 07:42:00,26.808810831265667,0.32995852497218847,65.02882582620774,44.33418731201865,61.21700527520757,0.8966511657418382,301.73143247638427
2026-01-02 07:43:00,24.60992181550453,0.5626331214664699,63.04226110140077,48.09596542610744,59.37371521675712,1.3779743768180226,273.85458991095356
2026-01-02 07:44:00,26.857315055394558,0.513593994232725,65.66086792425368,43.70943773168014,59.02867069732959,0.7243911556619999,266.26388032950496
2026-01-02 07:45:00,21.517264130839784,0.1886568095727833,78.59872140562086,38.99877480008534,61.79897905652373,1.3293689880652606,293.6109059022401
2026-01-02 07:46:00,25.097110302181093,0.23619396326629755,68.93762837647472,51.18111239160901,52.86329322652596,1.0817370178809307,333.40261960612366
2026-01-02 07:47:00,25.441966991459413,0.5023822032497263,64.44389197544183,49.3815417697011,53.487910900771894,2.012501133371353,275.289338725706
2026-01-02 07:48:00,23.59049047450382,0.8962399997373929,77.40886200358835,38.75287697217755,63.54939265943325,1.6638848023374024,317.876384519901
2026-01-02 07:49:00,26.306375007872255,0.6158539623797622,87.14198831958997,37.23535460986475,58.16364051472279,1.9059317982372055,302.8367073004294
2026-01-02 07:50:00,22.658699636066647,0.1548730349710734,71.67746107447158,39.28845350403705,43.9038908932792,1.328260869890828,359.7969890851403
2026-01-02 07:51:00,26.529462123328354,0.0,79.87073968692347,48.27163899292329,57.27410487818505,1.0921127611533428,311.7075439098171
2026-01-02 07:52:00,26.655576314593876,0.6466107186008759,78.28862360459831,46.65343739377528,52.091509696152016,1.0793748021846246,279.0532128172242
2026-01-02 07:53:00,16.248520357908802,0.4807573034143602,65.15488198673333,49.740496274674285,59.490859123283286,1.606175712308343,322.0910858629406
2026-01-02 07:54:00,28.570917110530353,0.7282531939020739,70.21307344380986,43.04309869169631,57.04095234710087,2.2240645976773696,323.1006597268791
2026-01-02 07:55:00,15.857102303941737,0.3238564158577117,59.7396429623681,39.451594574999355,46.297286179886,1.6649529168081951,288.08966963112556
2026-01-02 07:56:00,23.151852923331624,0.5700424995717053,68.36046186910691,50.513078930487,56.344150852477384,1.3500929082849669,265.0801288700997
2026-01-02 07:57:00,28.076044102773267,0.6692346926055726,64.99047704699422,41.679308919293014,56.05313863625804,1.4244916579493665,316.0810557367971
2026-01-02 07:58:00,24.04813982424268,0.41050727235870366,66.77691234259493,46.11928833512387,56.81731243232393,1.487479867299281,301.90545530295003
2026-01-02 07:59:00,20.601442052591374,0.41478288595378693,64.0008397489573,35.70045096530775,57.877644259566544,2.3106570240712636,254.50349724787338
2026-01-02 08:00:00,21.718788814849987,0.5050525662196781,67.70322553443546,41.5811374540632,62.47982979910866,1.993443426333953,307.63562996971837
2026-01-02 08:01:00,28.08071723896186,0.6085352693120658,74.25786149011931,51.05637792564908,57.06944494807149,1.6039836016601463,280.8902130593638
2026-01-02 08:02:00,19.235486408354085,0.49713319909761783,69.04406471648004,40.702352599980856,55.11449230237232,1.5438927871224426,254.53193874412557
2026-01-02 08:03:00,28.38697330288605,0.6947992675518972,55.08501441795691,49.887022928708994,60.73983777094112,1.6197413561479503,289.43650969835096
2026-01-02 08:04:00,24.834693702873132,0.407612962146594,64.03103548081211,31.013881822870836,66.21370361794884,1.6977102677132307,338.4875620262059
2026-01-02 08:05:00,21.4228140086727,0.23432095890737809,57.84480517953398,41.643650042140884,59.575353770840444,1.3347208188097617,336.2418450026417
2026-01-02 08:06:00,23.250654783091928,0.8953950736226359,71.95248180785414,43.971872124731206,56.03103063404045,1.1623684210493455,328.40256306022104
2026-01-02 08:07:00,21.948326976695075,0.3790732526915107,74.0265389124335,55.45524182005443,57.16265274884459,1.912888104221946,308.0769867027637
2026-01-02 08:08:00,27.598675602575586,0.38631158325645054,72.05238577483333,37.98562271991329,56.28021879699129,1.5087930922287935,317.873916100653
2026-01-02 08:09:00,27.197283429288515,0.48683933578556315,63.7007648536049,49.02595977268254,55.092592076366635,1.8794911743259874,302.95933744434006
2026-01-02 08:10:00,19.84251659837186,0.5134362219307962,71.97483143304973,51.34159068749276,65.82585415753191,2.158463499510577,266.84847521356596
2026-01-02 08:11:00,23.789223644441996,0.4226632715023434,66.239085953849,40.67106211653435,51.25473312841784,1.7082458936398242,272.83494303442694
2026-01-02 08:12:00,22.410443012967168,0.4965132206101982,60.89419640199798,42.758856307363864,60.7745291412135,1.6434193918280282,281.7845722332689
2026-01-02 08:13:00,28.88052990537811,0.4920475537143652,75.93543935767144,45.84977264287142,54.37071528649713,2.780097192206826,342.0407722990899
2026-01-02 08:14:00,20.949702645620736,0.5349638654041614,76.54422202979018,36.11109019684483,47.59790414930638,1.5828080513119271,332.3007219336133
2026-01-02 08:15:00,29.81268731405504,0.028502508202536747,77.59116384866805,42.26938072883186,54.05841128206747,1.0637812768614607,267.60367310019524
2026-01-02 08:16:00,24.900115781449188,0.8761752614015699,65.13321119974034,52.65667224567849,52.266120831230424,1.3875099071312051,301.601733462486
2026-01-02 08:17:00,21.514196780859738,0.4705423372930885,79.43489850154464,48.13592886518652,57.88788659208829,2.1206738846982165,287.9217857174182
2026-01-02 08:18:00,22.968177447972167,0.6161245238893971,66.05134198937546,44.059492263100545,55.45650111329285,0.9823330598879814,295.3469838209795
2026-01-02 08:19:00,22.59514347769465,0.22437973169319514,75.22801057230811,45.6784341710189,49.889865681760156,1.1990161583388077,283.9187154314332
2026-01-02 08:20:00,21.176144793953483,0.40579994775014994,65.9126987058666,48.48543219317863,62.35503956744858,1.942570722387407,342.1707486841883
2026-01-02 08:21:00,25.284480579191126,0.3655368267359171,68.20814269003384,49.63446088746068,60.450670022378624,1.3913517429947864,299.43280389379095
2026-01-02 08:22:00,21.31625334792447,0.7939447529017091,50.63057714088649,41.661515115725386,62.930277660482005,1.455901685209402,306.4847041380382
2026-01-02 08:23:00,18.458901373785434,0.38283727863282346,67.58469428466468,54.20832565967802,56.184823320340584,1.9293491280522517,306.72774618399967
2026-01-02 08:24:00,23.86097058745548,0.6516159973880182,70.72871973428022,52.89808920722797,54.82133465859655,1.2132715297384156,269.1668947511694
2026-01-02 08:25:00,19.591431410746353,0.36991590946536096,66.71960306108929,49.06354578211928,58.51780241309311,0.9125590193911753,303.2566109352158
2026-01-02 08:26:00,22.74351739579744,0.4094762120692112,84.04950454468111,39.94224080492465,52.11262489539549,0.9444456116549856,331.86950465360525
2026-01-02 08:27:00,22.272691334189933,0.45088996695986283,60.70027131739779,38.87865655937644,55.65029777359918,1.7327121773638487,344.1807295644212
2026-01-02 08:28:00,22.386351783922557,0.7567690253658601,65.4913501031686,43.04037722042044,54.12161050339317,1.6036528375323178,265.5655509684167
2026-01-02 08:29:00,31.002889304770463,0.12202946819397625,62.761019120113176,45.364590585866466,47.6948284140504,1.222973394688268,254.44196287833813
2026-01-02 08:30:00,25.169234701508714,0.23686728894511344,65.48978416803624,34.38904880664569,55.63727752419536,1.0364833516771463,301.86403740124564
2026-01-02 08:31:00,25.736113026985997,0.11053896686203663,78.25130450352565,47.968158801271535,52.79516554128349,1.391770749940453,333.275627272051
2026-01-02 08:32:00,19.670805110973117,0.2824995760477099,81.8242543546157,52.72477358309083,53.78723917990848,1.946606914500189,310.78789362851063
2026-01-02 08:33:00,23.038110599089233,0.33767998976157854,64.39365911264846,48.458844838985264,56.818924728249776,1.1656728184682976,320.4088822823942
2026-01-02 08:34:00,25.645907889824535,0.17710374918192218,64.21593965821437,40.94368318317459,61.36266566993313,1.2349263912189752,259.1925293728043
2026-01-02 08:35:00,21.926413261260983,0.3531704506770662,60.74297081124868,40.23357961559706,50.75614954726011,1.0237913730614485,282.8403754719002
2026-01-02 08:36:00,27.724188530553956,0.097057103813317,80.45028309215442,46.79911406504447,53.31720892435322,1.3530348443591316,234.11663082621294
2026-01-02 08:37:00,21.39191024229691,0.29640225524646374,78.96803525533042,44.08017770797092,51.17458651820095,1.635231596286632,295.72535852262126
2026-01-02 08:38:00,24.14090159240447,0.7400840799820401,69.15214560008971,47.65824704553545,50.84909706100504,2.3460676628172363,235.07341677470185
2026-01-02 08:39:00,23.241845080073325,0.5807176140562206,58.83120642954496,48.61032823563381,52.027155281751135,1.587112605127975,339.97985105521434
2026-01-02 08:40:00,25.492961978145747,0.5374935344345055,59.546699476349986,51.551343173367975,54.017748585924025,1.4785287579051922,346.64464403726805
2026-01-02 08:41:00,23.078529784433723,0.29944428874417706,71.36503560307675,38.207259426422866,57.92935828438752,1.8451746423940525,304.219304761853
2026-01-02 08:42:00,24.187319118787187,0.19278300819105515,74.39470334757199,46.329713687095875,56.60222882392419,1.7784862207320977,254.62280676966208
2026-01-02 08:43:00,24.291609724666042,0.2721687848931439,53.470841559830816,42.81914997623206,49.71571500458375,1.2689356742533269,311.2713796173953
2026-01-02 08:44:00,22.796836727826097,0.491358034620797,67.42952071569694,44.40818973638783,61.470801619585764,2.4208240293720307,355.77397675382826
2026-01-02 08:45:00,26.455281605491336,0.6736353559453336,82.94636711645907,50.186453116012466,59.72206153238519,1.4902466590824188,314.2720649906078
2026-01-02 08:46:00,25.715165124512275,0.680473483427064,68.25992634695771,50.83875523830746,50.494071746951484,1.5945501281423182,335.54951971472764
2026-01-02 08:47:00,24.734158164240498,0.6261224724966666,81.917104726325,53.39066190230193,61.1205544595978,1.720539434914453,285.4450406491134
2026-01-02 08:48:00,23.708624999614127,0.35248862718641116,75.19236903164547,47.553541502209605,56.63469206298138,1.6383489470451813,273.8636985649985
2026-01-02 08:49:00,27.389632091559992,0.5049099664807976,61.32576319331714,44.339899255465234,54.21772348537377,2.110159067549836,297.87413972512053
2026-01-02 08:50:00,24.292497268557455,0.43573149399255084,67.65862965318516,43.4827291832977,56.79040022239656,1.2640365043480122,242.1988393517781
2026-01-02 08:51:00,24.07990813652219,0.45976204730104997,68.97044609164237,34.59146998563199,54.87114602187239,1.8133528995410821,367.9226568394183
2026-01-02 08:52:00,25.314070089664376,0.9074255793919626,62.379907455251946,53.03841026939162,57.72539327240703,1.5658273781539915,304.1895013944148
2026-01-02 08:53:00,30.089760048912552,0.1475999525992775,62.24105581751247,43.06860951728598,55.936577615655835,1.8930892780438096,326.00318863101023
2026-01-02 08:54:00,20.978931375936387,0.4530646368155478,82.05414873694849,48.035382360017465,53.31286973863899,1.4140058200126888,286.1547441481138
2026-01-02 08:55:00,27.309570679166065,0.7423497814392314,62.18111504245638,49.0739791544546,44.870866204193085,1.3598338575387516,253.70740890425137
2026-01-02 08:56:00,19.320486516285683,0.20682170099329233,78.62748861126944,37.528106945699164,57.63591270315963,1.7928293949704048,342.7744449204263
2026-01-02 08:57:00,25.651819474685873,0.3712505149467499,66.50812417307986,39.45992164524219,53.13172360806633,1.643197302835992,266.27699156170104
2026-01-02 08:58:00,29.725248482826192,0.3941923004864721,69.79488536093461,54.28211944233296,58.88973304822623,1.1718822790698926,310.46516290707723
2026-01-02 08:59:00,26.466005573401922,0.4553420555892031,74.49475534590859,46.742613094101266,57.4083753113786,2.0382449145657033,313.29254433958357
2026-01-02 09:00:00,25.511875235619378,0.18080856807875656,65.21153061676257,41.5164860142089,53.26167894421995,1.793003750043384,302.2185391103665
2026-01-02 09:01:00,23.318651593590772,0.6190572120676079,74.54323450795627,44.24191793323474,60.11494095538667,1.4703183238015787,276.46247291453403
2026-01-02 09:02:00,25.093141601465664,0.6332574565026288,53.628562403612946,51.51742142899703,56.02420830918285,1.3127075553075536,295.5110328892131
2026-01-02 09:03:00,24.243811553789932,0.6016750650035896,73.5176591073171,50.605886878405826,55.818214236890434,1.645652358749434,271.4984752187286
2026-01-02 09:04:00,22.642070176205934,0.3259252651417837,50.25175900342691,36.20350942656214,54.30944656618429,1.7641940896107133,324.2753307767681
2026-01-02 09:05:00,24.13037315357539,0.5173021581574591,68.18522618641234,54.805703062031355,63.417778561198986,0.8623699704116681,317.14640782494644
2026-01-02 09:06:00,25.59514348187932,0.3201119520861825,76.83394388254793,50.796888185992074,51.433666354521705,1.6502723690091328,299.3579270070631
2026-01-02 09:07:00,22.69834879440808,0.43348066784569744,74.97836244846701,44.085148503950485,53.386627312704725,1.761021880965414,282.9494558491491
2026-01-02 09:08:00,22.58115453794595,0.9306935854341756,59.61271616830447,37.84966534147968,48.81332427460002,0.5590205600128915,363.2195369934605
2026-01-02 09:09:00,20.919269687223476,0.5191390755192512,60.64268483125186,51.324051840365556,58.63365538662253,1.578475863498116,260.9380804153999
2026-01-02 09:10:00,26.172175078266687,0.2624946848025653,64.49062367741892,47.858565001767715,52.089254968211634,1.7778436537582318,253.66160709417474
2026-01-02 09:11:00,26.63596978590118,0.5360670681327828,71.48972689886507,36.25320973153341,52.64982209136839,1.7323513257058183,297.5398205811593
2026-01-02 09:12:00,25.694981332709553,0.22964081478733805,53.74453447965037,43.60753154784974,52.41531683921409,1.8209793419123301,292.2585802028728
2026-01-02 09:13:00,27.895511478186,0.2601979214969976,69.89421139321153,63.75703765675493,55.31360958031194,1.3689733631927006,332.92747364263147
2026-01-02 09:14:00,25.26360291124218,0.2917753728102418,72.49143499040052,45.09901054448653,48.74620207670427,1.0840374261298176,319.3834936484002
2026-01-02 09:15:00,26.17603281209727,0.4111381095608633,67.73570255303213,40.54817643398606,43.783773669488696,0.7801022672938414,300.8857676094612
2026-01-02 09:16:00,25.91151227691269,0.6873937991178403,74.20256774442441,38.94902024816015,57.28852018696386,1.936889296227223,315.0101334845842
2026-01-02 09:17:00,24.725379941745377,0.6156796396033678,71.78979326660964,55.632593900576516,44.43221146898145,1.7812261975177373,314.46497244748974
2026-01-02 09:18:00,23.407534515611058,0.6045990656494656,65.66676592480884,50.08655693746613,59.270688919886894,1.9673955723313874,363.1067016054585
2026-01-02 09:19:00,31.642457847375734,0.2802150868818915,54.51048511792408,53.44463468350337,62.79263874767574,1.2099434564623421,307.600901714863
2026-01-02 09:20:00,23.644147060439476,0.39173712891287027,71.06730465256658,46.48911170455295,54.178880980324834,1.8215345690501454,279.56768601961517
2026-01-02 09:21:00,23.002366866638692,0.5544002213766377,62.37539707816018,52.52411541199672,61.49746473360245,0.8989276192172805,305.9550329948463
2026-01-02 09:22:00,26.30202947035032,0.3743360029223174,65.37325900110764,39.91007766271254,54.8787179022839,1.1522025765160755,221.43961760189276
2026-01-02 09:23:00,25.755563245885014,0.4443267119397803,73.83299374370469,45.97554588549035,62.99620579538935,1.5503908866031346,299.0205737573891
2026-01-02 09:24:00,20.785625357169017,0.5882717385059899,81.3386670674748,46.72232108983642,52.718910739433944,1.7652830519305682,332.7894741331796
2026-01-02 09:25:00,28.368034763691217,0.4302454637597396,69.69551901246393,53.294681591251326,43.17559095284439,2.1716049791588095,318.06552356611263
2026-01-02 09:26:00,24.7174162739475,0.545211917820405,74.43251869156697,46.91305824084273,54.60044127946749,1.4039743738406378,308.95668130937025
2026-01-02 09:27:00,21.667206714352837,0.8185456912039137,58.44416527077688,41.24692954958271,63.53981596705369,1.1537001112843743,319.4771746671148
2026-01-02 09:28:00,28.566352343061624,0.4656282402026005,71.96418864796027,45.384443033522246,57.67484152970209,1.1331404488674284,333.0976963463315
2026-01-02 09:29:00,26.87702671478846,0.7358675619438413,69.5207524985827,34.94152078523855,52.42338385731078,1.2248616219902828,342.7570022189456
2026-01-02 09:30:00,21.206374024156258,0.6118740134614716,79.83382064500945,31.074187600378394,56.644505846423655,2.388410718590048,313.42367700868374
2026-01-02 09:31:00,30.331548520773172,0.20655160130264666,65.67633219176994,49.98804822064972,59.855624192262766,1.8027494324537834,290.51665696461924
2026-01-02 09:32:00,26.97639210509858,0.2795725941472952,68.06689906270104,42.751536682161934,54.571917805427645,1.9450127401449837,230.59434028320675
2026-01-02 09:33:00,24.96941165312486,0.3332808233860207,78.47051573706236,43.431496206118396,68.1319504267119,1.4044057651280422,329.34520281023185
2026-01-02 09:34:00,29.77065641686534,0.3290330166134433,69.2637296608428,49.985680076199685,52.41291021740256,1.4993405270405016,315.4560754081171
2026-01-02 09:35:00,25.477893351488923,0.48194205077863717,61.12926894970185,53.38206231026759,60.01255361022374,1.7797058023834094,304.579784625474
2026-01-02 09:36:00,24.915750774687904,0.6229288096163644,90.41306618632098,48.206927728965496,58.809686182408996,1.2976804976876242,279.35845514417286
2026-01-02 09:37:00,23.019099651934035,0.7510316833409445,61.37125789330614,56.568436981306874,51.500862876509714,1.3834768453813295,328.95456010021667
2026-01-02 09:38:00,26.745551317921237,0.5616350177450165,69.48239934760382,48.016134804343665,52.877798663261636,1.230118273494464,292.28290722515607
2026-01-02 09:39:00,26.42980890197194,0.41086408878935804,72.77350524820491,46.81328078147997,60.09049323739682,1.321002920097154,298.9673366686205
2026-01-02 09:40:00,25.044040419669134,0.08355175127402514,72.14094007224891,46.44233293502759,55.723939438021205,1.519591445001329,298.3203423249527
2026-01-02 09:41:00,22.63004093839719,0.5141179150834676,68.48205036794882,37.2870266271983,56.690358633636365,1.171315949534416,313.49555154496494
2026-01-02 09:42:00,25.389789562498223,0.5051540387389982,68.52191703578954,50.73599163384073,46.82016323147821,1.6143915916517546,265.5410396690961
2026-01-02 09:43:00,24.790603642713588,0.5365857507077916,68.12054506969636,30.327203879908282,58.279993275810504,1.6138326982204467,316.8765558572204
2026-01-02 09:44:00,20.999577043797395,0.9212480595406666,61.07252913126902,41.48248285634533,56.43648422041284,1.4283005428575266,278.37334929575917
2026-01-02 09:45:00,20.584562946027443,0.7481193092386145,87.20175371538183,45.13758210340568,54.680449886794236,1.1690160577746316,279.4258887930253
2026-01-02 09:46:00,26.695460136429308,0.6570121836499971,68.24007265829299,40.26142605951982,56.80445931529538,1.5419852195807446,326.5572014267325
2026-01-02 09:47:00,17.194335054844935,0.30758457398568007,74.77544794258476,42.28946446156307,52.95391146437875,1.2980381748192835,270.14914616713287
2026-01-02 09:48:00,25.61623158088378,0.3974010501606513,67.32277713854715,56.03625339736337,52.04048748058263,1.5186376668424137,326.50327203031395
2026-01-02 09:49:00,23.565750826738526,0.48103107861429956,67.16189062115613,51.62414331469007,53.79057234180445,1.9392509869613739,303.04100174126717
2026-01-02 09:50:00,28.92473982063973,0.34491857519792923,66.3564506986428,40.88503391515957,52.678984108408514,0.9988239531583868,250.55169753389782
2026-01-02 09:51:00,23.519595372538372,0.6000929049970236,57.601233696086,42.18260093416574,65.902647805216,2.36939453475735,340.934275549395
2026-01-02 09:52:00,26.978452642755688,0.5713817698431409,68.71503087903385,37.33797630868894,59.55935364421795,1.4709905632849036,309.30761181790484
2026-01-02 09:53:00,23.809258476286626,0.2823384413890615,66.74393876544455,49.22996271603682,50.15765538014149,1.6647357095623683,311.8237759766961
2026-01-02 09:54:00,25.34124446045843,0.7393633418192249,79.37219607347822,43.50154529753715,65.18148001130422,1.198899963903266,330.2172693175428
2026-01-02 09:55:00,27.210509592760154,0.5204620667617721,60.42639905932388,33.201201174632715,52.835716942818436,1.9568846198166592,344.97662233683894
2026-01-02 09:56:00,23.61233285102626,0.1541857706515497,65.38282257956116,45.60470155086035,55.14727683732142,1.449749412219732,306.03080688648384
2026-01-02 09:57:00,27.98966465349521,0.48973142833100614,62.81247626596734,47.633873301610954,59.4870859746566,1.3423526760803304,318.5186196748821
2026-01-02 09:58:00,22.01890636868055,0.556241291184581,81.54024315209448,50.77884583905032,45.15005728051192,1.2697939914897705,311.13557791852276
2026-01-02 09:59:00,25.883778527675137,0.6945584722871481,63.04473244116263,44.55987123253935,53.814870765295154,1.392603189684322,289.7139687989496
2026-01-02 10:00:00,27.76791916836356,0.4325047193746767,74.4983987578091,42.76397302328171,52.13333074516416,1.6673389291811633,252.49691091314565
2026-01-02 10:01:00,26.980112475371005,0.6655876534894415,77.76129178724784,56.91758808293717,56.025400397720674,1.5691242762522302,306.44766177312624
2026-01-02 10:02:00,30.74933463020623,0.5374283973540431,68.83101670867673,45.03951693659731,56.85024841632721,1.484056106755891,341.3681349193367
2026-01-02 10:03:00,22.709682048068018,0.2369890781924841,58.985511992476255,49.31737098958761,54.613703173338244,1.215431432820072,317.4999889007297
2026-01-02 10:04:00,20.862552245954237,0.21696664530349724,59.08676912989048,41.76276213974245,54.38176350910506,1.1923306104300098,267.9773042707067
2026-01-02 10:05:00,22.016994674514642,0.7245119740298698,76.87811251836864,49.13945790981499,60.32565686317722,1.3156502869681077,332.92564516934715
2026-01-02 10:06:00,26.981327699645313,0.7391968356763539,59.915247849601144,36.26622604557541,56.50742965167019,1.6841102848642857,290.7159044443098
2026-01-02 10:07:00,26.493768802808134,0.5645818460809446,73.13621288847929,42.2275947256882,55.20712505025971,1.7649039503081614,237.23922382514985
2026-01-02 10:08:00,25.30676997894225,0.7991413442360058,70.91479287856477,37.75035456344368,55.739352957300696,1.8188176787592076,330.5371144554756
2026-01-02 10:09:00,21.63112885267861,0.7113219698083213,73.01705987448821,41.37016006878319,64.1794449876511,1.4994132425844766,271.63858127720664
2026-01-02 10:10:00,27.300601879987184,0.6367257458959442,73.7726784627671,52.502820241386424,55.86336988492053,1.65342477636713,353.4218511935373
2026-01-02 10:11:00,21.32588566704838,0.3177377022532656,62.53063372465679,41.326044664177815,52.427757475171475,1.4326197180468354,334.43320201792255
2026-01-02 10:12:00,28.4768487471307,0.8462857502064687,62.19577456788207,49.30953675284451,45.4550045569447,0.8030808036286526,293.1660217901052
2026-01-02 10:13:00,33.5723152694196,0.6072602864416546,75.71941707280322,54.10359109234224,47.83031312982523,1.4136292841842408,313.78079537263386
2026-01-02 10:14:00,26.09935343971465,0.4228322450776757,64.96524311548482,44.834536118380086,52.6648705246012,1.3498693498568992,372.7175569696531
2026-01-02 10:15:00,26.74932440697323,0.3663459989389404,47.99881206395881,50.96260263033768,54.458115780229264,1.0843819182283794,330.00021113510957
2026-01-02 10:16:00,23.52142069331332,0.5513567563027714,75.19004238307092,48.18651574883205,52.2218927019488,1.2730423296988782,307.1460007435377
2026-01-02 10:17:00,19.569360036739553,0.16578818303230902,61.70990969544985,45.69862158350119,56.75571988522905,1.554036565716391,386.6746198261881
2026-01-02 10:18:00,23.191841910909332,0.6399346550705726,73.73708702324203,49.50189353590157,52.157459777458456,1.0467012857259697,303.52743032869466
2026-01-02 10:19:00,21.72131427670375,0.3092858370611946,81.14257479453576,56.039628539951124,50.427553649322846,1.2156858114336762,317.4544445663651
2026-01-02 10:20:00,20.65898627075495,0.5741216217648574,70.13409965809558,41.17638652494868,58.063219176787065,2.119160806221087,271.9136043282222
2026-01-02 10:21:00,30.167079825986946,0.3956759325283681,77.96612665330825,39.24479459894355,61.846972484390065,0.8589174696478774,249.75843403215333
2026-01-02 10:22:00,25.818587554077318,0.4471162574550593,71.23038144428962,38.89251272606794,49.46416201126726,1.426727136157158,291.3659312415494
2026-01-02 10:23:00,26.13906274184195,0.34861802544698706,82.69943462512919,50.96656781841933,56.21857931853906,1.033476253694366,301.15224253105555
2026-01-02 10:24:00,24.072932904411253,0.4677541137638397,61.503143129943155,51.776205738770116,45.47497670923091,1.1993452808695562,309.87790753229575
2026-01-02 10:25:00,24.481386752669692,0.8778759092034708,69.93428015666808,41.77777839999639,47.6273093463642,1.4209051081527544,257.4068685967726
2026-01-02 10:26:00,27.893652046718,0.7770119254097281,75.38529284033174,32.183918703363915,52.056170860114136,1.1049695509484925,319.82022966353844
2026-01-02 10:27:00,24.902988643914355,0.5708957909990914,68.47670594391964,40.95145956046149,60.67455216188597,1.7295722461465712,275.0884342786897
2026-01-02 10:28:00,26.5920818140742,0.4949411468870095,79.21775197322135,48.28712506684198,51.106469851472625,2.0404602479089653,318.26203078183244
2026-01-02 10:29:00,24.411987106464952,0.668840238138577,66.54368368391376,44.599661166103004,50.91949762617225,1.8366712544410926,328.0477944853095
2026-01-02 10:30:00,23.973541327803858,0.7259940788215113,86.55496921303111,46.082086480532205,55.18043640947225,1.9098452470883471,288.1347272984211
2026-01-02 10:31:00,20.779257503194415,0.3340363235584941,86.97758003417796,41.859933490346414,55.18541805574925,0.9481057283884743,271.085432031972
2026-01-02 10:32:00,19.066752812898613,0.48451222647355957,72.2565759698184,51.08453474825859,51.07434263622665,1.4027715912723464,346.3094795215088
2026-01-02 10:33:00,24.215314296800795,0.13560835408638394,74.42080944283694,47.05915081052782,64.93110783631619,1.6869684269413727,326.1873628289759
2026-01-02 10:34:00,25.1694900759797,0.724620422052179,79.5333714849971,48.51878083418281,53.673183134423134,1.8484763656458147,304.5592900154222
2026-01-02 10:35:00,21.141609889873628,0.9130048515401712,60.502420808261064,45.95439409816009,55.5679249120904,2.20134119704393,344.0528329103956
2026-01-02 10:36:00,24.8965754048961,0.5160165249246171,59.50399988337767,48.14620898166506,52.99110231144779,1.927615836651578,302.49785171926544
2026-01-02 10:37:00,25.161257688971506,0.0749979750193967,80.05135131086108,47.75143012908577,57.199857810755894,1.8585954494695538,281.3847836941605
2026-01-02 10:38:00,18.531975981821862,0.6217781033154062,72.19190778298399,39.43155223118531,61.17478779852058,2.5534382322157443,269.9489380688172
2026-01-02 10:39:00,22.254626021561496,0.31918216677018396,68.18795803216169,47.23837857225077,63.31831848477286,1.5385236326429184,296.7660259393907
2026-01-02 10:40:00,26.221791681206405,0.367330111667108,70.08898642304929,49.74904903167912,51.1886716236806,1.3843766247033724,323.1516143394478
2026-01-02 10:41:00,26.16117618818723,0.6253152779582007,50.911668221087446,51.93084879716906,60.503975881506065,1.5709431614641796,341.69277645323456
2026-01-02 10:42:00,21.538975250800718,0.5509108251025449,68.475501484344,47.49664288970228,57.74840409775509,1.1339788977252796,300.70530648103426
2026-01-02 10:43:00,25.475344151499204,0.40237824493227964,63.97562608645421,39.208496887610785,59.872683047300384,1.5270535143071227,336.39374783807034
2026-01-02 10:44:00,28.067221676081417,0.3700788734796671,77.34457306892065,40.132096022555984,54.54060363653601,0.8092591224890072,293.5719170549391
2026-01-02 10:45:00,27.331218876972695,0.5251672110441665,77.96024622707205,42.389111512482415,54.0647961335891,1.2881923853728778,276.5520594403244
2026-01-02 10:46:00,24.714142638958197,0.4181068894975265,74.61344187303928,46.13678344881915,59.67857322856997,1.4538664471737635,260.81060298598834
2026-01-02 10:47:00,23.59607106002712,0.2781525732793985,73.16366919039314,44.26658339215444,59.773462530281435,1.8798541163412175,284.812801129744
2026-01-02 10:48:00,23.111966546996488,0.433487363704328,58.021226010237854,38.25760760621452,62.82860281930943,1.9444362177545444,261.94027717651034
2026-01-02 10:49:00,26.403459348728973,0.5679185246510369,74.725144639975,38.22167979410969,55.992737777252444,1.1145531740995673,360.285348935706
2026-01-02 10:50:00,25.585311919428666,0.46437930663607335,75.03518356418707,32.4088693505599,54.46542686182622,2.330413373585437,313.1788927892804
2026-01-02 10:51:00,26.8882120183066,0.21729828035036297,79.96154123014983,26.283150456791937,42.70073210002898,1.559349391375801,297.13155452507067
2026-01-02 10:52:00,25.395621439363456,0.6978129242751079,86.94567849944158,44.20930906227045,46.943697310023325,1.5960179864123079,351.6600528703672
2026-01-02 10:53:00,27.456291851042327,0.0,56.45951461142713,58.921382250857135,53.02874197408303,0.8529226060046691,260.9319789308548
2026-01-02 10:54:00,25.2837775988731,0.41072696899431294,66.8921853950543,55.78067714274856,49.49470534376892,1.2519770439519773,295.8857149231277
2026-01-02 10:55:00,27.35406614839506,0.37596030908921685,64.06186690273884,39.130611527262175,59.07065282716623,1.9199295246129913,359.99021376305586
2026-01-02 10:56:00,27.612468311099917,0.529635775574283,71.3800575070806,45.899419784343664,48.44989519210523,1.5679113850852395,295.67878479826
2026-01-02 10:57:00,22.58642010932556,0.6123323615605472,70.10721486574431,36.21252293969901,52.49347835824856,1.5431258905011496,373.40441335213586
2026-01-02 10:58:00,19.57556785938776,0.7253529616522071,68.12734341535884,37.127342814851275,52.68986753430756,1.5908688682301924,323.56814518324614
2026-01-02 10:59:00,29.63047856804366,0.3575190253295679,78.22083489120939,37.81516441421772,61.02371541699723,0.9227182779655806,339.177777258967
2026-01-02 11:00:00,25.769976192136784,0.6173164674666963,61.188686310553734,43.647007893349,51.95880625490178,1.4613565786394047,340.0468447036461
2026-01-02 11:01:00,19.856542313511635,0.5391636775762922,61.67102826085915,43.905242338728144,57.26206059023994,2.063332142119049,300.04807380744114
2026-01-02 11:02:00,22.858541508343865,0.15769212496335533,61.80619783121566,46.51621182484115,55.97853063761358,1.9346830488261975,285.3536500621327
2026-01-02 11:03:00,27.315622877109487,0.880108051086822,67.1173793005921,48.979298338225696,59.5164424272364,1.4499202231537607,296.5367904035876
2026-01-02 11:04:00,24.160969506601322,0.21224497455196012,60.17127827270523,42.97871445962905,59.251075260582404,2.1254674697446223,270.3920249005912
2026-01-02 11:05:00,23.46381574204262,0.583899454461943,69.61142808960584,45.21721182397577,54.83279943565228,0.9963605972926423,298.02111350310616
2026-01-02 11:06:00,29.2026455809389,0.5779919888395495,68.67607844295307,38.43712495985874,46.5185274369641,1.1113209340574959,299.8678185226512
2026-01-02 11:07:00,21.85813856084857,0.5551273564658155,63.70787908800736,36.933017854456914,53.841295566771855,2.2454489508629227,350.67704985957613
2026-01-02 11:08:00,22.6055399267355,0.4010846235676785,76.99013003244957,36.00616592371014,54.90022177733923,1.7311892473234094,317.7982713218243
2026-01-02 11:09:00,25.6341594251448,0.6654505302281004,69.5239957737061,48.89548680676936,56.43004616576389,1.3844450631590743,370.8785267336062
2026-01-02 11:10:00,26.171364796161647,0.18792650521138088,78.50117891225443,42.97255291147054,51.31222427389595,1.477872573585901,235.21367707068154
2026-01-02 11:11:00,26.489029103022194,0.48683424226521543,68.43960119036454,33.77327842305358,60.70450559204306,1.1773475547491263,263.4886889991017
2026-01-02 11:12:00,27.73371413370684,0.3872250646895083,69.80644089414916,44.62146628389834,55.06809709157496,1.610637040722978,289.339640170039
2026-01-02 11:13:00,25.59573586204455,0.36454041158659367,65.49774076254631,37.5070720092835,50.39751326093937,1.5789553785245882,344.77483392042615
2026-01-02 11:14:00,26.468151816815226,0.5857495574907091,69.94362767571613,54.96227291383783,52.7088608062916,1.5079538839450761,296.7126839914996
2026-01-02 11:15:00,24.22237222205475,0.7154957085439366,75.69785044905638,41.527069670479044,64.64271326983415,1.0360975139155617,255.96519493046247
2026-01-02 11:16:00,25.18809490971014,0.43134884763262676,66.70932614183762,49.08903591491473,58.32188946473249,1.6059024444275642,292.6462669155311
2026-01-02 11:17:00,25.322602540160904,0.6561362179851555,74.14729570027731,51.53377816430992,60.24228277782202,1.2881954270311873,264.0720522673526
2026-01-02 11:18:00,25.645294407457108,0.5099481330889197,63.49802431163407,39.27042928465775,49.79206515143293,1.1056090958043248,258.19122695550584
2026-01-02 11:19:00,27.317619422748283,0.3214535581523983,76.07240452417767,45.45628270532825,51.555851539081,2.0066969966149446,359.964834529617
2026-01-02 11:20:00,26.665437045834494,0.4484095813517872,65.36075338150458,48.320807408328875,51.59288847059378,2.3678885431341037,289.4517339995804
2026-01-02 11:21:00,25.13265100870055,0.44010282184167704,76.8134389858324,45.69327703446064,55.92196868794311,2.2770480515278546,305.1945858840754
2026-01-02 11:22:00,22.57262204517688,0.36066801749891064,70.48781233946931,47.16660455585891,54.129990844572205,1.760049105504914,297.2113095849574
2026-01-02 11:23:00,25.20301377418813,0.5856965857311668,82.16762986712851,37.02222363864508,52.55252794371489,1.393765968368324,292.45513126174654
2026-01-02 11:24:00,24.91594664531277,0.5469292375409518,60.76745818996633,48.32421731828715,53.17965203748273,1.4718577669581516,274.780169031371
2026-01-02 11:25:00,25.579544739439594,0.18187006034611636,58.19058581350505,42.08301483496375,51.02982406662465,1.6622409053849099,290.6809618748506
2026-01-02 11:26:00,31.619575921421205,0.1696948009521284,65.07026203219546,47.09670733970484,54.100803565492946,1.3319008990155243,310.11706435572444
2026-01-02 11:27:00,23.428681664376295,0.5849368906411508,58.9231124157255,50.519933073308785,60.566077919168734,2.0275240240489585,342.5590593619186
2026-01-02 11:28:00,26.26686705737608,0.33694271424109307,58.93812084457378,49.01285104510964,47.43430324225123,0.6857090022685846,328.4230690966222
2026-01-02 11:29:00,28.205386201732892,0.5604082310200648,74.972406083679,47.09231835293684,56.73239716817615,1.3817097784050267,263.4279930763475
2026-01-02 11:30:00,25.29400574229815,0.6561863156218377,69.96656965269874,48.8527697771071,61.900463474398116,1.820428596826928,329.65597254709814
2026-01-02 11:31:00,32.013535357516496,0.24580943251888815,66.16255218636593,49.13046632333271,54.084064507172165,1.1619361410880718,314.26314034582106
2026-01-02 11:32:00,23.86588212480557,0.217692549084763,66.90429922155654,53.97300696830356,52.35561985427052,1.4039404435288667,281.25836998159514
2026-01-02 11:33:00,25.972267666960143,0.8348863364790591,65.22209868538928,44.795695803223374,59.62115742975294,1.737457366497281,305.46291288559706
2026-01-02 11:34:00,22.603582765321054,0.5703141565924918,83.20295334255235,45.983741960654335,50.07889061565578,2.1073076428151185,317.168615509497
2026-01-02 11:35:00,23.94542579457012,0.4161518686653458,64.1159543388557,50.59240085385667,54.88654235030634,0.9824246871335022,301.4115884346863
2026-01-02 11:36:00,25.746801731189972,0.3132119094707473,59.422928815333606,42.057674341418924,49.800779498071364,0.952770204898056,314.4073000247016
2026-01-02 11:37:00,27.538912186923188,0.3979118302185441,76.36840493989062,36.98839516393208,45.649495149878604,1.1215879248640637,274.111469492286
2026-01-02 11:38:00,25.957284502070724,0.26188553277733795,68.27395501321743,47.95938104749662,54.24007867602602,0.8849856597967358,359.7849613273954
2026-01-02 11:39:00,28.77734454800421,0.6766824348181181,86.31018951054308,43.76385789230433,48.68302468366508,0.9134486178354119,242.12145813065325
2026-01-02 11:40:00,24.715104068221986,0.3446497692787358,65.79035488964692,37.75483552959379,54.941647433354156,1.1109355209221197,317.3355366998442
2026-01-02 11:41:00,24.003494410482983,0.7187069176432535,76.76787343805434,48.00325157627903,60.57514812190353,1.9933974192983965,311.00290389030965
2026-01-02 11:42:00,33.11195532183816,0.41987421604599773,78.65757864479444,53.58679809017549,64.27127703339812,1.3751692727724971,319.2883018035514
2026-01-02 11:43:00,26.182712948326092,0.29132996327653704,65.82931334238397,35.221544722265484,55.46764641971604,1.5125500424626428,278.74888945055216
2026-01-02 11:44:00,22.84155536206436,0.4147396823972397,64.05663385672771,51.13394997129889,60.096079159877995,1.1178142972983285,335.07591084999166
2026-01-02 11:45:00,22.917208713255793,0.0,75.93093224744723,29.77759490552591,56.99481325053317,1.7534148300258328,296.76057954965063
2026-01-02 11:46:00,22.171960256405978,0.4758462846651986,74.59913534331145,42.598280218910915,53.0844319306247,2.250305611133109,264.413551827902
2026-01-02 11:47:00,27.809708067570362,0.4659761617739683,58.715119194312585,56.04309547345548,45.376118230345526,1.1449480463842314,267.1556883517213
2026-01-02 11:48:00,23.906868121320276,0.6649485493095936,60.972514909562236,43.0300557089228,63.13246163541059,2.189899348429894,303.74115206512766
2026-01-02 11:49:00,25.382087426969456,0.12273901440332408,49.708559960415954,45.53963037492595,49.754489053594384,1.6457697532671383,252.10435429615526
2026-01-02 11:50:00,24.809473976685194,0.7323732721727095,74.76309483183041,49.57719720464133,61.91385455708885,1.5067453997154845,354.01517950327263
2026-01-02 11:51:00,27.194477223822805,0.6641198589995312,67.90538245491403,34.701158915636086,57.68403814631125,1.6600495329300964,331.4676384162791
2026-01-02 11:52:00,22.45976772134794,0.7504087127397325,68.70279663219775,45.432568805038535,50.119936073763206,1.6562105995868062,354.8053296255299
2026-01-02 11:53:00,21.773283141570953,0.48945572479917254,56.46844721838517,45.38527843176785,56.55999180909477,2.242841767625298,351.642704673267
2026-01-02 11:54:00,25.67289192154478,0.7027793668205511,61.21518117528539,56.17392583949244,65.66455530642665,1.7080882927286898,289.4428060559522
2026-01-02 11:55:00,26.80287785409969,0.20575119301861894,66.17632869945948,37.58555501401306,62.678262904318856,1.7164428684563884,273.9201161204947
2026-01-02 11:56:00,25.997596939292922,0.6426095130409066,64.62139519881744,42.71076410129927,52.43643471932776,1.3314000720149823,219.66681953507444
2026-01-02 11:57:00,22.571638812708017,0.34576744758001093,70.94268860414105,39.4298652550583,51.440096209076586,1.8356308545857616,287.81297625321105
2026-01-02 11:58:00,27.032454526274183,0.16971963351541275,74.66774501305451,38.793529177851724,55.50104018658036,1.1172612105508057,352.9695856750786
2026-01-02 11:59:00,22.768417218713097,0.27517189636712786,88.15690055428158,51.76441636238747,54.17243135515082,1.5436015958318376,275.16448027508386
2026-01-02 12:00:00,23.43538406564085,0.5011062277258541,69.8398637597526,67.59964750363822,86.73543122782695,2.6533134223123316,350.28358696633677
2026-01-02 12:01:00,22.168139425833992,0.3351401583564793,78.92322130477557,78.01963976187528,79.63906385187512,0.49832403214148346,373.2491877412243
2026-01-02 12:02:00,28.903475045956093,0.5752147063391599,63.360217784161804,64.29190659759,67.59344348779815,1.5932587985341806,396.93141503553215
2026-01-02 12:03:00,26.900264623082048,0.1383524889991965,56.60042948019715,66.49048023216923,81.02127844809868,1.608649168351559,462.1720244448959
2026-01-02 12:04:00,26.81498012703662,0.07458049127682764,67.181586826319,66.04720215554002,78.55092491193321,1.4087643830051189,352.34217966657445
2026-01-02 12:05:00,28.74163426342735,0.7744774868287152,57.218226257006066,64.26307680332302,62.667340615212524,1.4181922955730275,362.6293013786776
2026-01-02 12:06:00,33.43794774471617,0.6807600258802868,70.11738533735283,65.08883718544118,74.13948319511134,1.5365639092645933,444.0373004658011
2026-01-02 12:07:00,19.872321688269533,0.29014063281723845,63.75636700393068,68.61383964005313,78.26466528915705,1.3991986898141875,368.76428512340726
2026-01-02 12:08:00,22.784870257368674,0.4994000713058921,54.36582890596331,77.69973197434496,78.92035686671821,1.5887918915284016,342.2949266552546
2026-01-02 12:09:00,23.151474747476428,0.7039014120402648,83.88820116688142,79.32109185562635,75.8760499554144,1.3049557176732405,443.24554202327215
2026-01-02 12:10:00,22.44754113285192,0.583840121658121,65.69950629515697,79.88524362966521,63.96645897680778,2.3089571274988314,366.013133112648
2026-01-02 12:11:00,21.767250257188863,0.5296446192366957,56.89904557644642,55.92467213962975,64.66253872233368,1.3991945026810593,422.0647749177282
2026-01-02 12:12:00,24.101040807833904,0.7190308162625194,77.18537432405832,59.69423556179357,62.500299936253256,1.7278445630498864,376.35138236074374
2026-01-02 12:13:00,21.350188854131787,0.3538575049597559,64.17108509968571,84.69374974346105,75.37921822079392,1.2323855600627134,412.1884870962442
2026-01-02 12:14:00,26.00512710261224,0.5062356897329258,78.7213282695253,88.88850295526031,89.21652581783772,1.8732572121604587,320.20829828513195
2026-01-02 12:15:00,25.155094964285844,0.49643027234152165,64.1328453225756,59.52237443968998,76.2277235486182,1.7933871149405338,411.65398042522884
2026-01-02 12:16:00,26.443085994290968,0.44544759046579147,65.67281847789762,58.93263569041902,73.16156583239356,1.667704094612868,440.1794010277363
2026-01-02 12:17:00,26.52318535491476,0.42203889771584957,72.75865367581638,74.79432435943173,79.70219473070154,1.089065857512592,384.26473025706423
2026-01-02 12:18:00,26.80902056028003,0.5145736475656981,74.74575504563288,81.82933697386255,80.6996522284161,1.1990387837745917,436.4108268377953
2026-01-02 12:19:00,23.879773189528354,0.5068814991971055,76.14786989872479,76.07271764838188,73.43639011945112,2.174469194298472,443.5591323690338
2026-01-02 12:20:00,31.363430207901004,0.29031447149309486,69.28207089016537,67.90644499411201,67.72876140697102,1.1946105169157282,381.85920112939925
2026-01-02 12:21:00,25.703293349446295,0.6603591819800895,74.22893377243666,77.82163930115856,65.70982008538385,1.7563608680850018,466.0347318097715
2026-01-02 12:22:00,19.412545742125616,0.30472295844674835,75.96502885538736,77.52833607144248,75.26227280804171,1.122131467927479,369.5164294996124
2026-01-02 12:23:00,21.992872762701346,0.4563533110905652,71.6045531085348,72.13568544849673,63.29701293146038,1.9033532942407076,430.8390833398056
2026-01-02 12:24:00,19.778491032916552,0.4409439054559897,68.85873509388563,68.23566826066606,74.58467998272216,1.225441057001046,390.68177053813855
2026-01-02 12:25:00,25.05200388745392,0.5716207225318432,58.43764041415096,59.165124398742584,85.19662793137338,1.114724844984,358.9996664484148
2026-01-02 12:26:00,24.63458432784,0.07617921195653343,74.79339325423992,72.2646092733345,68.8356774490766,1.2150630093212393,370.21217514164744
2026-01-02 12:27:00,23.594722906301627,0.6781819629858916,70.3373895931292,71.9024635570683,80.70084974753549,1.2784789613355907,388.62199111568634
2026-01-02 12:28:00,31.03277833720154,0.36460193047756717,66.69107318119434,65.96195986484143,79.11612338059489,1.661869341969688,398.7671730491004
2026-01-02 12:29:00,26.64694862223073,0.7439926589554109,80.22213090873328,71.50771395549668,74.59952601218484,1.5277534824551133,357.31490176253067
2026-01-02 12:30:00,27.178295084339002,0.4043670150967691,58.57733093669347,61.46644360681424,66.74312980060049,1.0619375680348677,379.62797087926845
2026-01-02 12:31:00,22.20677953617369,0.4902312828531979,83.15229052291909,61.786669899943696,76.35701684474047,1.488821194480472,388.50019459990324
2026-01-02 12:32:00,22.002565326006962,0.8827572080136847,69.82181377092428,63.28447889016127,70.37074036820441,1.0425994370835614,444.9156211093634
2026-01-02 12:33:00,25.110416497290863,0.4445323582412663,72.54014542802318,65.6734550929303,85.90074819214172,1.7574229460003918,373.36018655688184
2026-01-02 12:34:00,25.519021418956676,0.7477699769346917,66.83964708375784,53.11488761321258,70.85989224043072,1.8307611595489628,375.70441446820735
2026-01-02 12:35:00,19.431065298656627,0.507809017112912,56.66341669981336,65.04515848221683,67.9670757312279,1.4904210645802554,425.90185378628127
2026-01-02 12:36:00,24.459078931451398,0.5830837660586979,68.88312081227376,62.38075318501967,75.33775898476807,1.6086613611971046,402.5779035056096
2026-01-02 12:37:00,25.042216248620516,0.5139917178822749,72.67795925514234,85.29825496739477,68.66819308406996,2.200849644265764,354.76315254198033
2026-01-02 12:38:00,24.354552502686612,0.6695703252600248,75.40980357122075,72.73827895870038,79.05911118645767,1.4369588030431524,334.30648384153733
2026-01-02 12:39:00,22.55982876295997,0.3628936774293897,68.41573441248879,64.74658906760465,62.57982277544184,1.1222968199796441,454.8333239119917
2026-01-02 12:40:00,23.38139445423658,0.30319029539616293,52.459681270364655,62.09147366462787,78.77438261866472,1.7316780943751162,369.1019066640925
2026-01-02 12:41:00,24.469422419281614,0.37228476192459564,57.666709243339,65.32874119982915,75.52567146080472,1.0469384936938622,369.7872770834627
2026-01-02 12:42:00,25.272400070830145,0.5199420752648182,86.41615699010634,73.78636965996415,77.88067462372577,1.415772414690823,450.4263022929995
2026-01-02 12:43:00,26.814374747651705,0.45583624288993413,61.25971212982307,71.18892529257735,80.77093555774658,1.260403981566593,420.84299376902163
2026-01-02 12:44:00,28.242568614852615,0.6420549752942353,81.41639566591367,59.65264331852866,68.6973974342323,1.2192720667164518,348.2520059067149
2026-01-02 12:45:00,24.11695682941825,0.7609463399643039,62.52730610065924,45.25852811711138,65.38426037929092,1.3999649617421956,444.2802978920792
2026-01-02 12:46:00,23.631531411653928,0.30483233255299824,68.54035272217706,61.57422742310199,73.34065418727134,1.859956530485633,497.5187278986282
2026-01-02 12:47:00,26.31296702060292,0.3532102416772135,75.00166607679924,69.60689512119129,83.62835256170521,1.9422675153296745,472.6194859495719
2026-01-02 12:48:00,26.83253474923256,0.2127521163374292,63.43844442735301,66.53111425198085,91.62596807734289,1.8704823452362682,453.60640701413047
2026-01-02 12:49:00,23.697398700223342,0.9060745981518208,82.73772108607244,84.98902007659368,65.10792217118565,1.6345416356513658,350.8199340616821
2026-01-02 12:50:00,27.371180430898516,0.5609338998243654,70.60582686454728,54.38029722197665,70.53170068251707,1.3969133754449377,370.7926356592246
2026-01-02 12:51:00,27.93875602346792,0.5959604640103155,73.68680677039735,96.99265280694996,67.917337034788,0.556870001840017,383.70840622162723
2026-01-02 12:52:00,28.87505939697602,0.23195832299379032,67.85914393584699,77.99418547833335,61.15202582948525,1.6470643973109098,414.34395790558585
2026-01-02 12:53:00,30.334962720159467,0.49976600219862505,75.26976229613672,63.41239651166421,81.07163602232241,0.5882673100964451,404.4812621013698
2026-01-02 12:54:00,22.400751584021684,0.6018495968826171,82.6303419187989,58.59236775573583,74.68470342105024,0.7306530894107948,349.9050019328763
2026-01-02 12:55:00,25.041694627997533,0.449448461893115,68.94971249901428,78.21456461655947,78.47745177600292,1.435332937685221,413.2225479254332
2026-01-02 12:56:00,25.03383308985598,0.7151411249652789,83.83770232599389,74.96093336740601,62.988938275274265,1.605830897852199,397.49739958688633
2026-01-02 12:57:00,24.705779294402475,0.962366225128566,65.10723353296706,68.83654296949162,71.64063701249734,1.3195660384682957,383.31908483502997
2026-01-02 12:58:00,23.05221124116959,0.31058743458120963,76.11276831481368,50.231040653655526,73.61474546821974,2.1142124594375873,401.5488578437363
2026-01-02 12:59:00,20.543313990306785,0.29558255080466067,73.9129146899444,89.01916690377624,81.22957135801775,1.6848406630074027,447.7225828319954
2026-01-02 13:00:00,25.27803833808701,0.3244487868942847,61.45134341854104,46.23119770772365,51.89362993113724,1.400236837281897,268.66198902215075
2026-01-02 13:01:00,22.694933021356263,0.8212398320032981,71.71047763709865,45.83421023936212,58.357416441815275,2.0545239780727185,279.3049577946828
2026-01-02 13:02:00,25.257980442242875,0.7084710634059369,70.05892750280299,40.900404550856855,55.950124663408026,2.1260453390256364,323.4157945473752
2026-01-02 13:03:00,22.61786937490344,0.4728944364412703,63.174462589785236,52.13594789132039,54.39735529961137,1.7050234773898676,327.86447340378413
2026-01-02 13:04:00,21.701024962466974,0.5073119328801748,72.86401947355301,57.30184547386807,64.2597951008916,1.1898969360970013,276.1282139187347
2026-01-02 13:05:00,25.70289508113069,0.33669127476065575,71.17031636886814,38.33793584221431,52.73399176988624,1.2798918275913072,306.9612781422972
2026-01-02 13:06:00,25.452764580419487,0.6780054315486368,69.41930442154226,49.322663877557744,61.20356318508743,0.9213045148026652,276.63578277662907
2026-01-02 13:07:00,26.7378459139628,0.4240196351782892,69.45138024753052,27.732899091957666,56.90711658521025,1.4830332480797948,294.0798139926809
2026-01-02 13:08:00,31.557591299252877,0.44798469210900016,69.27991792861104,49.01165969689475,54.91555338817591,1.079983423422187,304.3151218245469
2026-01-02 13:09:00,25.831868593632542,0.6217579543058513,67.05840303002938,33.77907230074947,61.86008586516539,1.3683700923213926,316.81098596447805
2026-01-02 13:10:00,26.455245301192388,0.46240101238335574,71.11867276011985,41.85019591260445,56.45067249211514,1.6042401212220645,309.5267704047933
2026-01-02 13:11:00,21.767316013398023,0.4530068013004307,64.84868630108976,37.121852029474496,54.5178623504386,0.7065165431984243,308.1948702162073
2026-01-02 13:12:00,21.139277678390876,0.5021150411058151,91.25447593176,43.70633103030362,61.897210864910164,0.9945034925915052,267.6450498867898
2026-01-02 13:13:00,29.74848834032,0.6590710827586154,58.725334036277474,50.032762190206974,61.24631126885946,1.2972607780658696,311.6482991792249
2026-01-02 13:14:00,22.22956066020009,0.8292986150967667,65.32211138212433,33.85612041763786,61.00981660576938,1.478989052510731,316.53196053588897
2026-01-02 13:15:00,21.868167785594075,0.6170972464492164,65.95406316338448,42.843121862906166,35.56097829190168,1.3024436801047568,320.66803590261395
2026-01-02 13:16:00,24.88270323635034,0.6606628447248534,86.3239473145963,41.91978738710366,57.200883128692055,1.3917928274454492,278.4143946158734
2026-01-02 13:17:00,24.729422759867834,0.4600291875797751,59.43892280018001,54.48629210323125,56.06058596534985,1.217525121549777,327.46756849750824
2026-01-02 13:18:00,22.292480480670125,0.3584404273662566,73.40737838388888,47.59056604710171,54.82568372957257,0.9202400632765495,260.48295414669525
2026-01-02 13:19:00,24.0850803438607,0.6307972464470231,71.98715252037232,37.936697320359464,58.04889816986339,1.2860996890433205,287.07545537867856
2026-01-02 13:20:00,28.68812715295031,0.5342481649201143,72.66881843739638,42.172233725817605,56.30278436252264,1.414732590027878,291.7344275311751
2026-01-02 13:21:00,22.582019173504605,0.21547427025005012,79.89074530088752,54.33662543031319,58.38903708663591,1.3758439585575006,262.127728124901
2026-01-02 13:22:00,20.818982546901484,0.4343860753148804,79.72663487797671,49.28619190064415,53.660190961225034,1.5447183675185812,291.2786696548559
2026-01-02 13:23:00,27.827780862699377,0.4834205953036893,66.39234538783906,39.49059922556747,62.49090315088246,1.667557828190079,306.644427430344
2026-01-02 13:24:00,26.47689073581411,0.39790842659430425,71.55213959595193,43.397576769701466,58.89472095886413,1.772690490758668,245.22683454499992
2026-01-02 13:25:00,23.138444138054016,0.7963471189084255,55.08718374278285,43.58934510955111,57.712632952574204,1.2465796657954438,288.15934848687465
2026-01-02 13:26:00,20.253498951619246,0.5959678073804433,70.79274406817544,41.772108437065164,57.46852616853432,0.869681278432086,247.5479720321003
2026-01-02 13:27:00,22.76612993068431,0.7746349835777295,63.64808457734465,34.73872706206986,60.78640653746782,2.0086385462914427,361.24616352950835
2026-01-02 13:28:00,24.835886689452185,0.5526850523304319,68.50894059231587,40.93426970766019,60.108438934677444,1.6541783662444354,306.3747365080195
2026-01-02 13:29:00,28.497016269651457,0.5162775672850155,56.51702508146644,53.335195835192245,54.43613973226856,1.1181350595304245,303.7748785149302
2026-01-02 13:30:00,21.890254075391027,0.3126804364779502,73.23897829375261,42.713133077632946,59.95155190411648,1.6110820225969686,306.9622023497742
2026-01-02 13:31:00,24.74644035546558,0.5023859066393134,56.42745043539514,44.38047821723448,55.87026120021022,1.9271978933072496,318.135618918025
2026-01-02 13:32:00,27.025433979684692,0.5026107851350881,71.18627685433269,45.843153881121445,64.58463395750164,2.1916706100957564,329.3446454950359
2026-01-02 13:33:00,17.85619797963424,0.22657722319315338,60.1879552558196,58.308848368272756,60.48863905523483,1.6002441104630925,253.0933821355601
2026-01-02 13:34:00,28.101358503816698,0.392094506045921,63.202871718912924,45.05324862850177,51.87195340719153,1.9238682549399444,339.3053279228027
2026-01-02 13:35:00,21.45264828338069,0.43534348029672754,79.2378568203613,51.56367212150107,66.65355344725133,1.0161591710741102,337.3747588205176
2026-01-02 13:36:00,25.995986480370803,0.5826959088111443,74.70334356730898,41.41091896769282,44.48980082005085,1.4856388993613294,298.00960167427377
2026-01-02 13:37:00,25.74004944883223,0.5922700223971412,79.19362510136435,43.443604436985055,58.18677370334521,1.3659949402974723,296.438139279504
2026-01-02 13:38:00,28.253759174391533,0.38373630360695904,82.47781706001032,45.07531633866171,51.51876335277357,1.637027940681684,206.91717610127782
2026-01-02 13:39:00,26.652773142680623,0.593773920508377,63.81729034288188,40.355202348903696,64.4109014683651,2.1444775741744886,262.68026513395233
2026-01-02 13:40:00,17.868128524810057,0.4635842141302966,81.99177329952697,43.777693316382255,56.26403032647644,1.5999557577117034,315.56547828789473
2026-01-02 13:41:00,22.645662258532028,0.0,58.275954750568786,50.32830561487962,51.0310226745644,1.1249237042932494,336.01852398929674
2026-01-02 13:42:00,25.41461538805984,0.4030595936096915,75.96880267635923,40.1978126334487,53.66752643890209,0.9946245680464475,321.8651076635039
2026-01-02 13:43:00,24.41506034164064,0.7157977280284757,66.05329828320023,45.00053418578183,51.43034270667204,2.1583120251015755,297.7285480266513
2026-01-02 13:44:00,26.43283218927031,0.16363884867446404,62.55759885888547,49.25240130993559,53.47111510714961,1.7055173649540931,357.7761810170533
2026-01-02 13:45:00,27.368099667009115,0.522538240083108,74.91575893843554,40.05320370712353,53.35676192055248,1.6792325387900227,330.15526669101416
2026-01-02 13:46:00,26.825355209289036,0.8170522428370575,77.5596122013537,51.572482755689734,51.244220656494726,1.3625074445767318,288.1852074376528
2026-01-02 13:47:00,24.357175172336603,0.34787740939790385,77.32214709317236,45.43730087826793,56.35031905791312,1.6071447138671373,365.4633195586024
2026-01-02 13:48:00,19.46098896663856,0.5004298160855372,71.71887911115833,44.00926461996426,56.956120817033664,1.1052160375492759,267.114982958802
2026-01-02 13:49:00,23.633556253435547,0.23919674855441575,71.05565841063391,32.95111316519871,50.01846804362016,1.6548793422814607,255.84479338387632
2026-01-02 13:50:00,26.249104444416865,0.8254462283327144,74.21493268559922,42.75832534791916,46.70865618478001,1.030051945370389,287.3668383862823
2026-01-02 13:51:00,21.728658242348565,0.48333347460067716,72.43011260413753,47.22955449687182,56.55478226074786,1.3562846219888962,277.24079465938246
2026-01-02 13:52:00,26.89382419036473,0.5093253685588036,74.33084671668784,55.472070112814805,57.65960275559767,1.2428427405362377,289.052051565393
2026-01-02 13:53:00,27.725179891801915,0.7708600931011245,71.63199568888571,48.40733492466968,58.65108380980617,0.19705294293336983,323.9427208920335
2026-01-02 13:54:00,25.380600928887528,0.6322956789290962,76.74227059605091,51.75729739067009,57.755871907970636,1.3612925493866372,298.98061285185963
2026-01-02 13:55:00,15.808660401062813,0.324874253500652,56.98233754759658,37.745372558268365,62.86358387868495,1.1404534302148286,299.75109697140647
2026-01-02 13:56:00,21.16573491186459,0.3705444151825368,68.94981219930891,44.23906502608227,59.98533943465632,1.4158440464436866,301.7644444862671
2026-01-02 13:57:00,30.658567475668246,0.5989862609046597,58.92922804923531,52.32447865397318,68.39914098207788,1.5006891201927417,230.63023521075638
2026-01-02 13:58:00,23.360386620914866,0.375175788987412,72.21361614083908,39.67359869760046,70.50323598416472,2.2071727771926337,254.542184762458
2026-01-02 13:59:00,19.047570330613013,0.0765513375758946,83.13544140682959,50.79133577383862,46.20948706177643,1.6218835988630036,288.44066203711736
2026-01-02 14:00:00,28.705742164930818,0.4893518402721844,66.20732174442425,49.399907187602,44.014306843820776,1.6336450531934152,274.7121359595679
2026-01-02 14:01:00,25.04006677463102,0.2039574677750381,71.01801624237773,46.64834189069892,54.963043510766425,1.698245534087698,293.04637538561644
2026-01-02 14:02:00,28.314821466873177,0.8232563507127453,76.05189371937311,43.02778424918415,57.52116214940161,1.8487234048964503,342.1238513882427
2026-01-02 14:03:00,25.830876025658096,0.5353575275526306,53.4582165458678,39.08222907256539,54.62057495497139,1.6817117815418072,297.76651507820407
2026-01-02 14:04:00,26.375677408636506,0.31896498865128486,65.8231161428465,55.65227576461989,58.5179022302888,1.6126852097696476,260.33495346831046
2026-01-02 14:05:00,26.08902774314355,0.3602735170675092,72.9161252741828,48.791175106344184,53.64878962300812,1.7844987674252575,276.2070063820598
2026-01-02 14:06:00,27.092464935763,0.12212048242521589,46.8240421947418,47.043696748052696,51.53024618292938,0.5293462316675583,351.3172772697676
2026-01-02 14:07:00,31.832291345668295,0.2801076226438992,62.18553205540023,42.5229015107865,52.28554570074478,2.3356206333115304,345.97481914377045
2026-01-02 14:08:00,27.913019007877566,0.7032646405081399,78.80686378705032,45.22722977753987,53.99915815467898,2.1358919378853596,317.8763230694665
2026-01-02 14:09:00,20.258982046463395,0.9463572290984783,78.0239752036058,45.9883036198202,59.21756172030075,1.586854300743716,253.1255078791401
2026-01-02 14:10:00,26.33998454583671,0.6452793026397917,72.9945458189608,47.399254108401436,52.566296516670846,0.9347974198364933,309.20414805312447
2026-01-02 14:11:00,28.424442304309654,0.4815914922757942,77.05758111954542,49.4060417308316,53.555156485416475,1.984140172997178,311.51091297452103
2026-01-02 14:12:00,28.60810241960844,0.41360812486921666,71.72083387537171,40.30517084486945,57.851084220221765,1.2224494003741155,300.7662062517072
2026-01-02 14:13:00,23.7201850508227,0.3087008372847275,74.44315925953852,36.20041820707797,54.006018012274055,1.7135364066299743,282.8996683317192
2026-01-02 14:14:00,28.494833335564383,0.9119531798679481,67.47477032927509,45.505685107640986,60.58355275322695,0.9868377592858134,289.12106868390765
2026-01-02 14:15:00,27.783227198653616,0.462250259627125,70.92650146337674,34.51669597605143,50.402468838824696,2.390562759589249,280.8085527843878
2026-01-02 14:16:00,32.71755231090919,0.9231259660125009,64.94103690867342,43.05803403003817,49.31818121767257,0.9231132951565519,265.6477812492293
2026-01-02 14:17:00,22.749994791254466,0.7787039019220122,80.10786675345851,41.94486101932942,56.523145170091716,1.5275944281266005,340.97963506404733
2026-01-02 14:18:00,23.477798270798726,0.15184071373074526,82.17247527601762,47.950489153210015,57.02144231132398,0.6511251141954029,326.4694138508909
2026-01-02 14:19:00,24.08164285462014,0.36680952084814167,81.03930240557659,56.89558221291785,50.67520252958293,1.483511019121471,291.4521167225007
2026-01-02 14:20:00,23.529333549883674,0.3661909751652355,66.7351299065771,33.33245625657864,61.71797700663713,1.3298859179446896,310.56534925103307
2026-01-02 14:21:00,22.329937750709192,0.4840307271788521,62.3698076850793,58.645110181910404,64.62468404885112,1.9548733575623864,311.69102671171606
2026-01-02 14:22:00,16.71197348297877,0.4879371493772493,80.21578928600131,43.60154904528584,51.86072893579642,1.329848227363254,370.28650674228186
2026-01-02 14:23:00,23.695901578830597,1.0992478190796287,74.3512576207313,47.08685209303548,62.43650336365595,1.955449433138532,326.17706042747113
2026-01-02 14:24:00,26.108074179099713,0.28455442510504825,72.62867473218914,36.5110070542577,43.08933913999638,1.0903517729645316,325.04308856184315
2026-01-02 14:25:00,23.520334463482268,0.545793987132878,64.93094332043883,50.981229421357924,60.38056133359012,1.3872153587821023,301.13943039208004
2026-01-02 14:26:00,30.80614355058733,0.6233015484935607,73.40531050109412,45.248835218110344,50.71118614435791,1.3952351608317977,286.9672812476947
2026-01-02 14:27:00,25.04012743814759,0.4996855991061608,61.31777552270452,44.63119553287028,59.8803634098607,1.6982353022531669,341.4813075798485
2026-01-02 14:28:00,28.873087165552406,0.5220361155562716,75.07249884863225,33.375689310582274,50.193620070216674,1.6473497705628226,319.56816352698553
2026-01-02 14:29:00,25.784261238189906,0.29103822113868255,81.03109359684969,45.442780883084566,54.65756232686602,1.7888900619693446,275.113741378368
2026-01-02 14:30:00,27.479221929679774,0.5212972389205364,83.04836435126361,50.07496994289944,50.9494220172908,1.6067322413158958,313.6159966301951
2026-01-02 14:31:00,25.837724661800685,0.6022797992348744,75.66819243287853,43.58232818710087,53.9305965110896,1.764525930645246,325.1215826526244
2026-01-02 14:32:00,29.10635389571069,0.5655201168542258,58.943827603031025,52.0451960738649,64.14962014465222,1.1408544285227447,237.12507131121416
2026-01-02 14:33:00,25.1678180503972,0.6140401807824183,71.57864104756817,51.79737103134818,54.46031101703297,1.6555194667524937,272.32839622246
2026-01-02 14:34:00,26.488362124266356,0.7825215801272465,87.1174539524617,41.15342770355491,65.55150811962918,2.1432823709782727,310.8829447811972
2026-01-02 14:35:00,26.09899880095013,0.6873933083828684,63.05110727646173,54.570683152784355,53.070937194535816,0.8280028930449611,242.2661608851373
2026-01-02 14:36:00,24.135143625618042,0.5142589226994874,69.52654741671826,45.2717697859505,62.45882351903401,1.6956031819875712,247.01606502344117
2026-01-02 14:37:00,26.214946956774032,0.2656483296233444,81.30819481440781,45.29847150472698,46.871536967435986,1.770711911175247,291.88614778817214
2026-01-02 14:38:00,31.703158738593046,0.3799989450577761,74.93707137658868,45.59388733561639,53.567454723109044,2.0844745509886735,314.74632777284825
2026-01-02 14:39:00,24.188809173713675,0.4560737696165169,89.84125059588084,45.415894505646754,52.31945007337321,1.790418773316084,316.13351120703356
2026-01-02 14:40:00,26.258394678559746,0.5504691662682895,64.13704493417129,29.21919986004895,62.68852800398571,1.5401263768634834,347.4719865807438
2026-01-02 14:41:00,28.773336852608328,0.404333447700121,62.08195371407342,43.886961610861675,55.92624393018037,1.6720292782040154,302.46791663668495
2026-01-02 14:42:00,28.42075984283284,0.3128533601631297,79.79300348668139,36.816321170025276,44.55958415176252,1.2059848661754637,288.82041439618433
2026-01-02 14:43:00,25.035149253158096,0.26236026217593256,60.432970973827715,54.75801421329406,48.44935172638219,1.3448127710569016,260.77921241534256
2026-01-02 14:44:00,17.849833891127915,0.1697644481888938,68.42585608945971,54.5164979503272,49.936688753103,0.965718864119202,288.4611715071889
2026-01-02 14:45:00,26.5501084559454,0.45300985924508624,69.47482764112338,50.111629994733526,59.67025147056084,2.0948118057376894,321.2258792399018
2026-01-02 14:46:00,18.34157722413084,0.20606691158593898,78.28791578708737,43.56919537596667,59.02503741828138,1.6800629275803385,322.58166610461353
2026-01-02 14:47:00,29.409811692823695,0.29989486316852154,74.91414374420198,38.95191038037781,53.4980028351944,1.1335550158701544,307.93857020185476
2026-01-02 14:48:00,25.50842161357978,0.4212196254311395,73.6565193134149,41.05451399234637,52.25745103191213,1.6085427850650338,316.4134480588415
2026-01-02 14:49:00,27.999022059615967,0.2328165381217132,66.78055297678667,56.6558514385562,58.58194120425026,1.9637390839977331,338.29150677223777
2026-01-02 14:50:00,22.293666585456847,0.5759504376997394,79.72003215265555,40.84681568088024,49.352384537840194,1.8971169301817536,302.25815529359875
2026-01-02 14:51:00,20.34247758009984,0.6480446127211374,100.0,30.86642787368362,57.28834488975176,1.1289445547334394,341.01956513250707
2026-01-02 14:52:00,25.7822631524235,0.39011459604492027,75.53025679138332,51.18099305091236,56.86258998435117,0.2464644736481807,278.2005948210196
2026-01-02 14:53:00,24.899189680131574,0.41259453847799965,70.79737766037469,54.00301868170736,53.62705203466618,1.6581544339585519,297.80126866378527
2026-01-02 14:54:00,23.525377521528505,0.6074859540278155,59.617096232062714,54.955294122999135,56.98838982522858,1.1452521472647068,285.5750031041874
2026-01-02 14:55:00,25.25398384219829,0.35720098055306415,64.90014840546277,51.230088025495974,55.510471765373424,1.7489310023922005,323.78115395217026
2026-01-02 14:56:00,33.30230767609678,0.34345321768054093,68.29031812842156,52.20911806340869,57.487097473782704,1.8801081553344965,269.56546660225655
2026-01-02 14:57:00,27.503576642107173,0.7392996956372581,65.72319807786295,45.31760444432125,48.32948845759953,1.945453244465353,290.34703573489526
2026-01-02 14:58:00,28.148495817589957,0.6768375477425574,69.87137732378521,32.542226259050025,58.07250990264351,2.197896194391413,244.2097052753204
2026-01-02 14:59:00,27.531810674660065,0.6203100004687839,84.2241286144583,45.167286249000085,60.13300664751136,1.9945427672309215,317.83128256709585
2026-01-02 15:00:00,29.43838643155658,0.6851289242788186,79.97733533895388,48.7294366345165,56.60475710282223,2.199819531513609,337.40370827176446
2026-01-02 15:01:00,24.429784981297765,0.10454425492652741,68.72933826825397,44.1883796606025,58.0060792549575,2.0516241372941324,327.3212385390029
2026-01-02 15:02:00,18.83571607697412,0.7707671093586215,60.33376044267312,43.91498328756231,54.45040341295119,2.086487029608867,324.3788284040933
2026-01-02 15:03:00,24.43424160098197,0.5784124233167485,80.6989411432193,39.215291765890065,59.456662831315214,1.483652744280891,325.18201187939843
2026-01-02 15:04:00,27.435207129989507,0.702156276801147,69.60756581230909,38.989567540367844,55.326235639899274,0.984269427507049,320.9908148530952
2026-01-02 15:05:00,22.09059881465478,0.5774323558232726,56.18799659518116,56.02889108859642,49.26029358772695,2.492908101792965,318.4318686751824
2026-01-02 15:06:00,24.47090214853201,0.5097849649360312,75.69944094794428,56.246078219280854,59.1010807744163,1.525181174086408,320.3674037288588
2026-01-02 15:07:00,22.92469077099306,0.4449381575275891,78.20549347386772,44.98411721252338,46.82926876246114,1.9914832255896937,280.32953610277326
2026-01-02 15:08:00,29.506087755529393,0.5734288753772411,50.59273276052265,46.689141630557565,56.41389872144192,1.279890067590311,293.9941966944046
2026-01-02 15:09:00,27.24837104621969,0.43765041821908957,63.403562862936774,39.11485165777789,53.07888574976511,1.8855689770182558,302.1072978212554
2026-01-02 15:10:00,26.954621861931876,0.6735752200130225,69.11636790953828,48.85544909963672,52.75937125147644,0.5220146699840137,289.92884583901457
2026-01-02 15:11:00,26.864803939362915,0.1827086710895599,75.87608729046894,55.5578950296852,55.85994374963103,1.3358226435996183,253.0107109189548
2026-01-02 15:12:00,24.88825224234362,0.39168482764114443,65.87402732300663,35.824615320331844,51.453559045910026,1.4606355666430846,262.9497303931819
2026-01-02 15:13:00,25.59266884758251,0.9089646496953293,63.34286478420851,47.783299798214365,57.56103007063916,1.6850435073220744,306.8992834507042
2026-01-02 15:14:00,21.444446258403048,0.37478390728552147,75.81735399744225,48.23413345587024,55.28398316311001,1.928809870640443,327.1732772616575
2026-01-02 15:15:00,18.440674063748297,0.4522632553873044,66.25342101348673,48.16563908933554,51.91353024293901,1.0623428313478738,300.2802572747912
2026-01-02 15:16:00,25.450243391035073,0.32348381332998477,74.33643720438958,54.856906007090814,61.69089785023159,1.7639872755680817,382.94465585562585
2026-01-02 15:17:00,25.971970768816433,0.5671691345771648,61.10787476020327,57.216109273026916,56.02391305149749,1.9906667906546966,272.4071270953419
2026-01-02 15:18:00,28.627793705276133,0.35274702197156105,59.18133584610881,43.599097932764025,58.15400466712241,2.438364633101703,313.34826426197094
2026-01-02 15:19:00,29.714007448247102,0.46287781303859,76.04215326056318,49.03904203293815,62.082943647472106,1.7826511935350136,338.7360783194832
2026-01-02 15:20:00,29.70999545499684,0.6697733072070141,72.0201592825377,45.50540223435635,62.000892678971866,1.3161976074075112,331.97031363496734
2026-01-02 15:21:00,22.005929220118368,0.3602473162370368,77.37964586588966,41.207308242361826,57.89892726928094,0.9912941371566956,319.65200585323856
2026-01-02 15:22:00,23.943204895150693,0.6577222238530442,65.73925599262847,46.62488494128609,53.48670899495098,2.231680919146092,332.1076192152633
2026-01-02 15:23:00,26.44100288764414,0.6644458631120713,63.63915758016204,49.028997171001485,47.851481062313944,1.7949367742371767,301.661830429731
2026-01-02 15:24:00,32.59571403322653,0.7109912189438587,80.88575110032728,46.301572112501916,56.03345350239873,1.4912097473679042,349.8864523446165
2026-01-02 15:25:00,29.440297611141748,0.5281081989836081,57.81632988804424,39.712912743083294,60.47292157908693,0.8520726823112726,338.4947731906278
2026-01-02 15:26:00,28.358191485995143,1.1482518153953571,80.011685673445,42.218636160865934,56.771574096966425,1.1275264196407788,274.4331719786836
2026-01-02 15:27:00,23.83663613335213,0.7109067393084164,80.56403765985907,42.264555478952055,37.777079751160514,1.7525281155095747,309.6470381290316
2026-01-02 15:28:00,22.350401106534626,0.5649755248813653,76.8807161141286,39.94533627041577,59.35031077413234,1.64153320965036,253.58110111419444
2026-01-02 15:29:00,27.36672365014972,0.32481511718365297,64.49753986391642,46.88123748963401,59.65749577387871,0.7214673764134184,345.6536691970713
2026-01-02 15:30:00,21.69801620729692,0.4805881748251718,63.467809306197125,47.50867257775847,53.49388903136843,1.7530450226007313,306.72694323095203
2026-01-02 15:31:00,24.284690947059094,0.7852653953800068,68.3195538160144,50.87710560532318,59.94180837626761,0.872625420712016,340.46318532201036
2026-01-02 15:32:00,24.655666152994232,0.8419069231252538,59.63968258534881,39.854265911036215,58.139827071966884,2.041603627440904,296.7192748569651
2026-01-02 15:33:00,29.778736267368423,0.7956658200880459,62.30644800997123,41.53512788262724,51.57246603858985,1.5834223659619828,244.31197503704067
2026-01-02 15:34:00,23.935908091120968,0.6570384613459239,75.15787433207237,54.327416711587425,61.35650558108842,1.31463142050028,379.1210262320997
2026-01-02 15:35:00,17.682251084282154,0.24886795874088558,75.19479291379325,44.01302481556248,48.66261538446943,1.896061735644269,303.9326564156172
2026-01-02 15:36:00,26.513333942987405,0.597432363565134,61.60340138772035,45.1807861755098,54.71377664480532,1.641399715378314,269.99374129794603
2026-01-02 15:37:00,22.90293444068822,0.2517195243894005,75.40897548240059,43.9493776716261,54.21498843613957,2.0299710434020075,334.37286865172666
2026-01-02 15:38:00,25.127893073313242,0.2025057613238483,73.63442644591845,51.79818491232986,50.872809239056096,1.532190245355827,361.0757184373289
2026-01-02 15:39:00,24.73988589747363,0.5478317369154477,82.07909003661683,52.030852084290174,56.51896933824482,1.5555277465622854,293.9268547662896
2026-01-02 15:40:00,24.178888012546697,0.6046398894539501,74.55309153494017,51.67924860353309,61.55184449786529,1.3858998269608365,297.02272767819085
2026-01-02 15:41:00,27.371021745354113,0.680675419696161,78.46864842987503,45.15940566814529,61.23870935930694,1.6051868571068653,307.1413870413474
2026-01-02 15:42:00,20.40140536494188,0.5994272480772188,73.81662072744169,39.765384135065986,58.61832107370958,2.1791803519157016,266.670881053437
2026-01-02 15:43:00,23.44895732513692,0.6063171971485497,77.83943287757751,56.55127846655553,46.520387465598525,1.2988943319755824,279.2799765125589
2026-01-02 15:44:00,27.052113739352144,0.3030694830015247,59.7030627474578,50.137853861733106,48.320238495614404,1.7591820597322543,353.4577759309507
2026-01-02 15:45:00,23.157745673966897,0.4790046630630667,69.02604434311269,42.260046111645664,55.83084559879384,1.1478225667968196,296.03380686301455
2026-01-02 15:46:00,20.173579872190086,0.1985766428731024,69.68813785417976,53.54291308166647,54.828824794582296,0.6733071529286203,274.8732906592437
2026-01-02 15:47:00,27.005666029770207,0.09932617411996086,68.05000042451775,41.78634650844543,52.50960086250842,1.5829834961480438,286.4387431091018
2026-01-02 15:48:00,28.369283891324617,0.6481285419686148,73.55109304253381,53.464220419131934,64.52661598727416,1.6481621693877693,332.184710619904
2026-01-02 15:49:00,24.86501437707098,0.34937512124180825,75.07503723596601,53.86970753630695,55.52930076585571,1.4559794922230063,240.72309344625182
2026-01-02 15:50:00,19.117463204591402,0.6744997004286107,73.13805661656919,39.47110336991366,57.712063705954094,0.9016060116911055,307.6394969206155
2026-01-02 15:51:00,27.11790924009645,0.7216695155760078,68.5844489502293,48.490549818125764,59.939469404742226,1.6217204298566485,373.86656235127384
2026-01-02 15:52:00,20.020336355740938,0.3761365350753605,64.114159361239,49.69314422376797,55.274792248362296,1.6065254536557783,360.9318788186709
2026-01-02 15:53:00,25.9263978305445,0.6180622189110598,78.77748859324987,60.68945519751799,67.95531083956185,1.1444877475629707,317.1960834245602
2026-01-02 15:54:00,22.337608525773522,0.3677686542772717,72.79786253291068,40.546193294196854,50.29813848782148,0.958603371410792,339.49327830131944
2026-01-02 15:55:00,21.520482142699105,0.1308242250746352,61.85108913280473,53.59525966196297,51.96964205052939,1.3990448289176132,339.20478854388824
2026-01-02 15:56:00,23.67426994876093,0.5246618808884916,68.45049966680301,45.104076108201326,50.28587140858747,1.7611716987111075,296.22443989532707
2026-01-02 15:57:00,24.45010733071822,0.40582522405684784,56.05360257834111,37.55181489851658,62.813291432136516,1.6666618927167962,327.7438141009292
2026-01-02 15:58:00,23.067375248840655,0.4119821978825736,70.28296491477954,44.280076980994274,59.01042937109324,1.1476652008663688,353.65749056362074
2026-01-02 15:59:00,26.76610983464545,0.8950686235691051,68.41296045921123,45.01478856659824,52.279240436407036,1.5547700340088029,262.08713270627607
2026-01-02 16:00:00,23.6617918646235,0.19482860345346564,65.40426439715729,38.646658841308266,50.6806181252261,1.8548505621902267,317.2995263244479
2026-01-02 16:01:00,27.940572615015466,0.5765742270742942,82.67680151842823,46.873041713109174,61.924452503013015,1.0309337162932741,310.84426344265654
2026-01-02 16:02:00,25.843519496930437,0.3010385525710497,60.7507670436631,50.74685553299149,56.8084385766943,1.5252621472172776,303.0949345492263
2026-01-02 16:03:00,22.907328380211077,0.6816522818534649,75.65114361345869,46.429203924372075,62.05208984308169,2.0358563920683492,300.4389991699614
2026-01-02 16:04:00,22.402180348503144,0.5596862472350131,87.49366528745499,41.74893546372074,54.69925324609222,0.9900271378824407,306.95009917591284
2026-01-02 16:05:00,20.057511102857685,0.5758688698361227,78.6181432297335,44.109167589558204,57.557676612167995,1.9622105164198036,309.46716593548456
2026-01-02 16:06:00,25.87219953360047,0.31102207647954805,69.74768974321786,44.97273985923929,56.50113827622001,2.147674980928954,333.55845878589537
2026-01-02 16:07:00,23.936237358245926,0.34688241734233527,60.92745088461338,46.30392976488629,51.87944332812965,1.4111177899316454,314.2954398968154
2026-01-02 16:08:00,17.883413415809457,0.6854501014691772,59.10350258732436,51.658984573440186,54.27927920595496,1.3627965523934877,294.66370215970886
2026-01-02 16:09:00,23.3928553816918,0.8541595443455126,66.70758644033982,46.631638520316535,49.07848327850828,1.9132377676078238,274.8023562752691
2026-01-02 16:10:00,22.296897912235146,0.5960615634448374,64.50399412868873,36.58382022822174,57.470534118636216,1.4255478499881924,285.8267244651889
2026-01-02 16:11:00,29.727032776511983,0.3205158558457134,64.24362472833494,41.62607356806785,58.8062437317343,0.5587493197219631,307.8349830863709
2026-01-02 16:12:00,19.89166416432007,0.5677877044924137,67.38949235623005,45.99612630537982,59.9508060005266,1.4604821621241681,278.81787786353016
2026-01-02 16:13:00,20.67594760079784,0.9854944088675219,69.1820232569145,51.74474690972468,58.33272446585503,1.688161587277825,328.37631266143865
2026-01-02 16:14:00,28.3299089293171,0.5204845621437824,73.88169558116238,52.78707864921931,54.35894931748488,1.7960335414329873,312.90165422018566
2026-01-02 16:15:00,29.07028947239189,0.7923681718787199,60.09763024430057,55.648112049524734,62.75985322538492,1.147748334099231,334.3058226017103
2026-01-02 16:16:00,22.765051183823076,0.35193412683225755,64.5420496309356,45.78368638547583,59.461542438647726,1.3920795522109566,280.8354233709892
2026-01-02 16:17:00,23.103742531573268,0.4915827896727226,68.72262333742015,49.57985505301496,61.942731508285526,1.8907629056609199,275.0679700605525
2026-01-02 16:18:00,26.84870618965994,0.6239130412251085,68.43611845261385,36.27323079358219,62.256433522351756,1.476000551434665,334.08171678802995
2026-01-02 16:19:00,18.01870060916407,0.5794656616525728,84.69138965930739,47.5792894389689,54.372001723465544,0.8885048024156346,303.89861870002665
2026-01-02 16:20:00,19.416418946483333,0.34672226397776784,71.85797274179086,38.548415391234826,56.93939728446618,1.9950552038481504,293.9244861329433
2026-01-02 16:21:00,24.157799797447865,0.3380965085738801,57.091281504324606,44.6247648254715,58.87282591748739,1.414355591049102,320.9598148695719
2026-01-02 16:22:00,29.64967169838738,0.6976568806205317,73.34545089269412,63.17903033323285,49.25429106232787,1.936487510872552,319.8434771593718
2026-01-02 16:23:00,23.692809735499782,0.738310162530029,74.36530978195184,46.821325417142575,49.365134138106,0.9418173216533803,262.32708789800125
2026-01-02 16:24:00,25.302810375205464,0.802428711624384,68.9989757740421,39.817120684918024,48.503441770024615,1.4516053009643661,341.53935369258267
2026-01-02 16:25:00,28.401367817692037,0.8607860966505736,60.292826604726386,47.44673403574743,54.45949955740055,1.7038944094708939,287.6877916975388
2026-01-02 16:26:00,31.320654199834436,0.5269238872645193,84.0644375625077,41.89754888046387,53.33341470394201,1.4651420553996048,351.00054143225714
2026-01-02 16:27:00,23.269454580555063,0.43776015115368133,61.44092869134994,39.23553532105469,47.821646858523806,1.0267975190716028,259.99354159309013
2026-01-02 16:28:00,24.94948982879972,0.7701981877556938,75.28617765132746,57.61883720034301,55.746791138493386,0.5452786772625942,309.52196647440934
2026-01-02 16:29:00,30.466165664028527,0.6426138563703173,71.60040423251148,51.40087215760052,54.52190541641704,2.109306051801344,294.4313639718457
2026-01-02 16:30:00,20.433402174425716,0.30350894826648167,74.80648439223816,47.07321974997447,60.911200850384965,1.59921528076053,240.7429597069745
2026-01-02 16:31:00,28.082743211661466,0.2932728668962177,83.65486339333864,42.64906025851475,65.06489539566229,1.9667204211164553,319.7462393415499
2026-01-02 16:32:00,21.945053402916226,0.5983860402712619,74.49311097712828,43.1352631021668,57.282251702071164,1.8714676397441796,242.28188919764983
2026-01-02 16:33:00,25.30741710130947,0.4645450677032001,65.53068618365174,54.2548912010649,51.516847393168824,1.7387387304478317,291.2499941709892
2026-01-02 16:34:00,24.272142857799178,0.49471400905186047,78.84793820102368,46.83946522598741,58.23362188673534,1.371465057941173,333.12826433148564
2026-01-02 16:35:00,22.125965197896313,0.714506672942039,64.95120439964704,26.503169142307122,55.046514616602366,1.6959067702556514,284.09892068114885
2026-01-02 16:36:00,22.050694217025175,0.6518074289970072,71.30846409116214,59.525631093953024,53.79937373109251,2.07301477854829,272.8879754545344
2026-01-02 16:37:00,25.829243092761264,0.7659746496836863,59.65533113587368,46.09837414183371,50.69199439410094,1.533204371309503,324.0106941168603
2026-01-02 16:38:00,27.986617984488046,0.11369277872532668,61.73375018130598,47.0602140344089,52.67889980388996,2.260680417759676,292.514458484118
2026-01-02 16:39:00,24.61079139043449,0.5506795834442402,70.41109336348948,51.52016888060878,54.111044943630866,0.9002312454132576,287.8482091593053
2026-01-02 16:40:00,25.21033947619965,0.6389377044794413,72.94469366864698,47.79241696386952,59.02048196082724,0.8572365554950212,338.24977431507966
2026-01-02 16:41:00,26.713522198873143,0.19468282866246317,56.380875018471755,49.48145170630086,57.55512790203933,1.8952300858077575,264.9816379453627
2026-01-02 16:42:00,22.08514368096112,0.3690208717380056,73.97829894400532,42.45765919581045,64.12788071464249,1.1725028253916487,286.21178233588734
2026-01-02 16:43:00,27.21907752523877,0.3319029675342162,63.44456818721362,37.62122805620168,58.37169036923236,2.3173347681715115,325.9934103320931
2026-01-02 16:44:00,27.45802929117924,0.5043396342119832,80.23750412536933,46.68139668883918,57.1214746228118,2.0349365484931776,263.04157933471447
2026-01-02 16:45:00,32.81087889625123,0.8255707937388128,67.18428456940393,53.58968791364754,53.46884817263713,2.135028602703217,353.2604147920858
2026-01-02 16:46:00,23.871687428321252,0.9045178809329801,61.01102184360011,41.113184649701296,49.81268509076645,1.8537745222205002,293.49457544799685
2026-01-02 16:47:00,23.625754594995616,0.3371424893853435,70.60643646367402,40.63185603108134,52.15053279073428,1.1313665505318822,326.23582144237093
2026-01-02 16:48:00,27.306897614721237,0.6053114500987149,62.6701199913702,52.326115562279625,51.500806686190366,0.8362633599459232,326.1730553406763
2026-01-02 16:49:00,27.457312506736415,0.6117595704284631,80.151561131465,42.25652876915345,42.19546591034097,2.098117867675609,295.4313622811272
2026-01-02 16:50:00,23.394738539869863,0.5775251543029496,70.0042416602648,42.536640516993586,49.95684108712914,0.9001727175951771,285.62963664460324
2026-01-02 16:51:00,23.790511969209852,0.5797959269478468,68.7865870152537,42.76113436232255,63.01104880682986,2.1339542750910083,298.7110631413741
2026-01-02 16:52:00,26.62339251465412,0.5607485004902656,74.73440815144806,44.610114114057126,56.84300106479497,1.7678459040917422,321.38052742471126
2026-01-02 16:53:00,22.517247277796017,0.837514024161284,61.96042048639765,35.55817142458777,53.117380723274515,1.4694989384719592,270.40725468117427
2026-01-02 16:54:00,23.768398035954956,0.7204933028736116,59.68677075737189,41.76395932475024,56.992399110700106,1.6768190737341244,263.9022423380669
2026-01-02 16:55:00,25.268778302105304,0.28796922048034657,73.2668126355331,46.382208114838335,45.23297737135313,1.6861163741796399,344.5260816526087
2026-01-02 16:56:00,27.987816054466773,0.6591442161761099,61.20263433592953,46.339427617048976,56.41048858231212,1.4190358445651678,277.9543478870131
2026-01-02 16:57:00,23.18620415146138,0.6784746749022904,61.199918770004345,51.94795831547752,61.38746131573742,2.0702748939677256,310.62251646085207
2026-01-02 16:58:00,19.472846613907983,0.5629934574303578,76.6940482497671,56.036353333168826,54.3944202645531,2.0565603442398137,293.9338737330269
2026-01-02 16:59:00,19.250207597445367,0.7262848741005459,74.20051287987152,54.07490067998642,46.14005236875716,1.5622637207283765,295.26403166329766
2026-01-02 17:00:00,21.2217607998816,0.5376148068598074,59.96936366037671,50.487914304443606,52.930297326116516,1.2600022453198783,342.9116916416293
2026-01-02 17:01:00,21.060496845400188,0.5400935442152501,65.0469116564693,44.107592455396755,61.396309974915596,2.0223816177617167,297.44492436727427
2026-01-02 17:02:00,24.536167724140274,0.5242481089354086,62.77014755242944,41.26158558025872,56.293148284488346,0.6909758479444722,289.2952161534637
2026-01-02 17:03:00,21.433359539207185,0.09635118284006622,84.21055438432464,45.10727059505041,47.90844952603217,1.6775570428045292,291.90853091175325
2026-01-02 17:04:00,22.89173512053639,0.4839203212188252,77.24808342056487,48.51347261863739,66.83814589591935,1.7958300432835688,284.89624742767484
2026-01-02 17:05:00,22.67774234505385,0.36634988510908584,66.63324123195781,49.93162678947401,48.73095741877434,1.1686592660887951,279.89727922124865
2026-01-02 17:06:00,23.678476417456018,0.2627104043614885,74.60955751474793,48.7385144010951,53.785377091933924,1.8895141949750587,285.0165941125236
2026-01-02 17:07:00,28.96751299456937,0.7868036569479046,59.15051051255337,44.27294717174369,49.81306999673898,1.4894456554733493,349.8963033866585
2026-01-02 17:08:00,26.98584276829155,0.6008415037068916,64.61883079048405,49.72117343905357,49.819989925432,1.2817199512203528,321.3446648118128
2026-01-02 17:09:00,25.04838824582801,0.4940337838110904,70.8389061275351,52.565235030501015,52.739244421324216,1.885289335865469,289.6441035342098
2026-01-02 17:10:00,23.616921158257487,0.3870393297795147,73.61784599316731,50.28096230440525,58.18075079923039,1.0657262285209004,329.44966903856465
2026-01-02 17:11:00,23.700302030130935,0.5592339169257481,69.22032699589245,44.807921669019606,61.45265722609801,1.8476773346255517,252.3841859583789
2026-01-02 17:12:00,25.983239409855848,0.6982872186635026,71.98410808571381,39.99690784496396,53.0691591398377,0.7070615144722976,341.2703505514701
2026-01-02 17:13:00,26.75250722005687,0.33460683129061186,70.62669167962501,39.854595423671356,49.94928222907538,1.6142817786924786,338.85467309480765
2026-01-02 17:14:00,22.2771474816982,0.499034325544678,68.69138078382146,40.91269425844691,57.393196583299044,1.5175375824853978,367.09002042070927
2026-01-02 17:15:00,25.109442266842695,0.6736132997702345,67.63083526247286,46.542451192049576,57.539817894645935,1.2841216932536959,330.3465431723597
2026-01-02 17:16:00,18.905141294010917,0.112799774183174,66.58988101857773,48.1188225213338,56.201881677767254,1.6558499471556045,313.11703631595515
2026-01-02 17:17:00,25.63514135251179,0.4884860475189192,71.85550006902871,36.51280609233582,56.37869906453366,1.468171948252885,338.73421154604443
2026-01-02 17:18:00,27.28644772587606,0.41414172589049225,73.28652471359565,41.976029349818695,54.43716776828159,1.9218782509222188,281.2257170587921
2026-01-02 17:19:00,24.159794119357375,0.4732340284489932,71.58687333855067,46.45971279183237,55.490754272779405,1.724060395521374,288.1375052489355
2026-01-02 17:20:00,30.449580988420315,0.3996742887256194,60.57122359999153,39.60192053941439,54.091744356882145,1.681077693149741,298.0726554463968
2026-01-02 17:21:00,22.356284657691848,0.5275249210414591,62.008577190854496,47.603424918357625,60.35121863518561,1.616744481424082,341.0664459270118
2026-01-02 17:22:00,25.652321245909782,0.8847254440845436,73.19105444758453,43.15543025450061,66.14229750352939,1.3111334173811833,274.323649416533
2026-01-02 17:23:00,24.892525760002133,0.4352155052142898,81.77338640536702,40.65947836998446,55.89826575853596,1.3792785800097211,271.1381490729102
2026-01-02 17:24:00,24.699106997669777,0.5583422018188213,71.21932369247004,45.31923259469338,54.96713876014319,1.5992863360883556,307.0961423462105
2026-01-02 17:25:00,24.657033495985758,0.8989492836818226,66.70665270018405,47.3536819774746,56.27930682845034,1.4306562051571456,321.525914912276
2026-01-02 17:26:00,25.321315090028413,0.38999688432548896,71.7947236435422,39.908826514380436,51.71039099508354,1.9445811321731983,278.9075827217977
2026-01-02 17:27:00,27.5438762303911,0.8629350697857938,60.905428619892575,43.54432572111571,58.8248918555241,1.5373800758175011,320.11253858315797
2026-01-02 17:28:00,29.133208708824235,0.5010646013254214,80.4715452522917,47.80607026384265,57.205882045405644,1.6503866431300525,341.05198026151214
2026-01-02 17:29:00,24.993249266487528,0.8563792451729852,71.49275315606423,40.427458900099396,52.897648959786544,0.9389264264417756,336.01385080450575
2026-01-02 17:30:00,27.4459482165149,0.6500402249892638,64.6443422943156,35.05345895745659,59.51033409521239,1.877292108824151,310.59878305584726
2026-01-02 17:31:00,22.894699161199654,0.5614216725164843,68.665636271257,35.780556925861475,55.09494884172694,1.2675305625302626,297.2820675333307
2026-01-02 17:32:00,27.297866358178698,0.4868738636226827,65.78371014349108,42.49169481565818,50.149716807628124,1.0829385670813145,352.0687090694224
2026-01-02 17:33:00,22.71402542851903,0.3751917120241579,80.49335981453467,37.08949034216917,56.7580222271148,2.1584744036450285,300.46211983474353
2026-01-02 17:34:00,28.271979808264398,0.5151583099928706,68.38207928442353,42.913668628942524,56.184962516996634,1.7790486089730366,328.21063858845616
2026-01-02 17:35:00,31.63192263217972,0.6794722918040048,71.24292596892474,54.989657107036074,59.802090730553125,1.89083828755671,358.7484443755673
2026-01-02 17:36:00,24.633748336085823,0.49737771380066587,74.58981165321033,36.72840967386791,59.157734750374246,1.6817984731629272,325.058042388898
2026-01-02 17:37:00,18.422369527577775,0.43667543898762845,64.07386716988367,43.30437089113379,54.45386834685619,1.4627396816385156,270.0872630127896
2026-01-02 17:38:00,23.355781200265533,0.4498434931644454,71.54967572908126,57.79382732562831,52.639565317932345,1.3881583967774946,262.82931656075135
2026-01-02 17:39:00,28.69562540286791,0.6984953227166106,72.19548455515368,47.44878049785426,55.008718750289,1.811644074182668,291.071117398107
2026-01-02 17:40:00,26.659230361075736,0.7450322910199711,57.56736943183503,42.7936602751464,56.81654439834328,1.9530076168953172,321.28497370374674
2026-01-02 17:41:00,25.74674079602509,0.36656989724632594,72.02157191022089,44.05870419288457,57.41877188882525,1.4727265008296617,313.3435760053204
2026-01-02 17:42:00,28.026005067864517,0.3662824285105021,69.63390348045489,47.576175050359666,56.50706104068059,2.3290171458803206,366.2124619639102
2026-01-02 17:43:00,26.453360317745265,0.5758717839334224,71.03973033692797,55.174631583764636,54.546190282641156,1.4210725801156763,313.05168863284223
2026-01-02 17:44:00,28.65317556235341,0.805506412951451,70.28503770792453,41.81487835513654,59.98408510011612,0.9423966220440111,290.176763497481
2026-01-02 17:45:00,27.758271029940957,0.729198061662512,72.07335898360066,40.4543383026703,51.628490529533615,0.8113909036024092,265.9997369067033
2026-01-02 17:46:00,29.565101358210875,0.24962955756401767,80.69874580540926,36.727147603318635,67.3970172607741,0.8248898528482692,335.4131213369203
2026-01-02 17:47:00,26.076388251718765,0.4471848060016276,60.563940703319126,45.61857619505882,58.815351900768796,1.334475282971002,299.81816312375247
2026-01-02 17:48:00,27.715778204481865,0.3138792890620975,67.26278131599663,36.56587578109252,49.36257298414995,1.4071927915548867,254.81580695301804
2026-01-02 17:49:00,24.078618780742644,0.44649749561694835,75.3329490317027,42.21730425106923,55.92614665468208,1.7730398550719566,300.6678180874581
2026-01-02 17:50:00,23.195617565322983,0.8208819992070708,73.8474069418233,39.54789935333788,58.86341759016066,1.4885567858984914,270.1278566661898
2026-01-02 17:51:00,30.120302921256922,0.21547987024339654,73.67524442673667,51.444741061404635,53.25315447240145,1.837348413853674,287.2308746895055
2026-01-02 17:52:00,25.648614028968066,0.17622694134396194,92.0286177253867,41.949621675799165,47.524279762116464,1.5179571330491308,300.18575929328
2026-01-02 17:53:00,27.414641697587136,0.3342891693132795,74.91308419293365,47.38158196803369,49.80468029200552,1.5054085704507465,272.8446585499503
2026-01-02 17:54:00,25.37122004323417,0.5574621205151986,79.0475023700402,35.37544798986862,57.71046472172776,1.268994050396621,285.3712749313093
2026-01-02 17:55:00,23.240453047240106,0.6241509641281514,67.54342352917993,45.78904172671707,46.22691763715814,2.0690353841591254,277.67640497660045
2026-01-02 17:56:00,25.032948677747203,0.5874896869723066,62.05670100882174,37.78103816483551,47.75327714076989,0.8874062813688021,278.48132411039296
2026-01-02 17:57:00,29.307982053303142,0.7351370806462033,67.48546056613093,42.44610900042085,57.68417373466963,1.6205241162855528,269.7593844860532
2026-01-02 17:58:00,26.66572022283827,0.14738288115321413,75.69568137074724,58.267215445537346,53.887253915765854,1.4273398153003065,285.5170630619063
2026-01-02 17:59:00,19.86558052080862,0.7376673076717875,73.25462283863341,50.5930462634453,51.52109805197602,1.8127018390018004,273.1590467467814
2026-01-02 18:00:00,24.354266630271535,0.4375809359907417,73.22601096479104,44.22952450301216,52.526339263387335,1.4916682395376604,317.59752347927537
2026-01-02 18:01:00,30.346881378114137,0.6462988619609735,68.28524490562297,64.19365145869918,47.6459309357784,1.5034574822463593,306.0240016059087
2026-01-02 18:02:00,24.358609414450132,0.2353149146473591,67.0095790494962,39.508951857760096,57.42226715227473,1.3933441510761155,335.84145674972365
2026-01-02 18:03:00,19.59856392479746,0.5009913394018141,68.56114204565378,51.99129829245217,50.96728222491277,2.057302561652799,356.60110171312806
2026-01-02 18:04:00,30.67914665626763,0.5472541541178028,75.79580360132171,35.80395325891732,52.32123907708065,1.500962354024116,320.3197504176531
2026-01-02 18:05:00,27.04717752943838,0.7311502074996836,76.72581942536334,43.536463454112315,56.73392568293589,2.287860484645389,313.48761073899925
2026-01-02 18:06:00,24.7899614235616,0.1829490754784469,61.950066802630175,36.91326149891664,53.716862322728915,1.6088988326510143,322.2101181688468
2026-01-02 18:07:00,23.885746791753796,0.5061505097069808,76.09874047545159,46.54365549054525,51.476733451828316,1.5087039363189307,313.99766451006474
2026-01-02 18:08:00,28.247055789375207,0.2829529417715714,64.79423015395017,45.33582152147254,45.052807876380356,1.4418692160582247,301.50598036279774
2026-01-02 18:09:00,23.374049799321423,0.601099208841655,73.75137321472843,43.15401120489851,56.83712922933908,1.7256987598740714,299.120225809578
2026-01-02 18:10:00,28.444769273547966,0.6554433072912252,68.4642740603001,51.55234215075784,55.39496483804201,1.2646426508371176,269.34990107813906
2026-01-02 18:11:00,26.626585857172767,0.7574340485016176,82.52630839391188,41.59740616198326,52.41306271158314,1.5582969596156147,325.16758662914515
2026-01-02 18:12:00,25.73404577646205,0.3929941091383251,66.65540296815084,46.96111048684394,49.81300447266577,1.5032548056431274,299.0611557042501
2026-01-02 18:13:00,25.436544416006786,0.685445297137758,71.42889472715827,49.92332964162803,55.063812393267625,1.630099079706076,343.48556922871927
2026-01-02 18:14:00,24.475095889857467,0.7721803174954107,74.85274526047542,36.100672746622905,57.40235880262884,1.640012130504702,327.4540771075595
2026-01-02 18:15:00,28.136920360627798,0.17135060602890662,63.00832919901694,40.5095139499537,55.48879440662152,1.6607979520735652,281.2214513317207
2026-01-02 18:16:00,22.403971503694496,0.6224689840196901,69.41714355658443,45.323165803895,63.19032760246076,1.5379618984693169,337.4007314069627
2026-01-02 18:17:00,20.13422461950937,0.6917022507560212,67.8673209230149,48.780920516569914,58.52387251302514,2.1275773969397496,223.17774130489272
2026-01-02 18:18:00,26.843320368677425,0.44825472272251254,65.88949213275221,53.5274265955292,54.46358455162979,1.6690275264729935,357.90677234873436
2026-01-02 18:19:00,26.893714984201445,0.2578452844949783,66.48221598813409,43.70472120763248,58.69139378048282,2.542394515343731,259.84664166751
2026-01-02 18:20:00,26.4407234575353,0.6885911512219327,78.89611678509435,43.1011737441007,55.243311391955395,1.519940563426349,314.8533653751261
2026-01-02 18:21:00,26.223185108854118,0.2600982344884486,65.21159412191733,39.764423818718015,55.22596377261327,1.8835653169820699,312.82248498442584
2026-01-02 18:22:00,24.038378864987358,0.4643297130978195,74.53126306137284,46.9799045530622,61.48181898655511,1.2095803166501278,333.7115058552525
2026-01-02 18:23:00,27.362448113156574,0.4919751884393342,72.51676001624915,43.21729455781145,50.50971060929741,2.0603157021245213,290.13909578086765
2026-01-02 18:24:00,24.863325619736376,0.6431076103407999,58.8241590737986,43.35580642304569,55.116548240274795,1.2182864252902121,235.63444584413833
2026-01-02 18:25:00,23.538659317554465,0.37467368809749346,74.15335550741153,44.43666896466895,60.948550013248024,1.682351207182438,290.18136265858334
2026-01-02 18:26:00,24.0643260632338,0.363083262234429,58.69189432193845,48.30976837254204,56.544952790874454,1.3942291193743495,293.42513092501025
2026-01-02 18:27:00,31.061919096327497,0.5197830957526222,75.02473462532129,41.617616680924435,53.15473507315611,1.680803118846753,238.5242395014809
2026-01-02 18:28:00,19.795071753863702,0.7012780955239498,65.94246685495321,40.36705146654657,46.46920117312915,1.406081505251404,301.36114826882215
2026-01-02 18:29:00,26.499364312887398,0.9574900001306295,70.06693802605162,47.59034511680462,43.64826528903146,1.1842988424315135,267.7244553400636
2026-01-02 18:30:00,19.96266871712885,0.19850376004424508,59.64576040298929,26.84565058870449,65.38090594880374,1.3913630840808862,319.4725530928036
2026-01-02 18:31:00,24.67529998503108,0.5630684035573156,70.97905858883853,41.377930958029886,56.54255910625406,2.1166320496566584,292.6176079252046
2026-01-02 18:32:00,23.699117544537437,0.2826929947531416,77.41560334376496,38.09214300355582,52.07963430456869,1.6869105074020592,358.832846565592
2026-01-02 18:33:00,18.744915109960367,0.7037622486413485,63.54427657581903,52.219549338100734,56.74728444564921,0.9844599880483474,292.31464029478553
2026-01-02 18:34:00,26.16711277130129,0.3122910905381534,65.14266331084791,42.35440342474262,50.26162930848325,1.9381530804960239,312.91173799023585
2026-01-02 18:35:00,23.85988581342341,0.36507035636353524,73.63696818853991,41.635703308396614,53.34399361301867,1.1433943278690883,293.6078548062149
2026-01-02 18:36:00,18.70238097231627,0.3821458281872008,73.83694658917551,44.70826508848036,50.295298035035174,1.7973437152232608,251.30195434618776
2026-01-02 18:37:00,27.518704272322758,0.4847602122560392,50.52656561273194,41.42776542921052,47.93363207717748,1.7212660590383624,293.85860984587515
2026-01-02 18:38:00,29.305018533966805,0.5646395193717415,86.12325091026219,42.58411105107879,44.47507527081039,1.7465241865005419,322.6024032351444
2026-01-02 18:39:00,29.470373026889717,0.5967402787217028,74.22842786838665,45.58266246253898,47.01171303885583,2.241275666467272,318.0596941699489
2026-01-02 18:40:00,26.076869321954412,0.49884649076344334,75.5753492996237,42.46775739296239,60.1064388196873,1.1685436300391938,291.20196786516397
2026-01-02 18:41:00,25.138174415731346,0.23402179551188373,68.85167642670386,42.42469528636778,50.065590193949845,1.7443179103547315,256.2973164925211
2026-01-02 18:42:00,28.98446986268739,0.6455572300620378,55.15717193158204,38.93905395773215,57.6744605590144,2.0038354449729545,319.3337576319986
2026-01-02 18:43:00,30.047150756020294,0.4894082672673944,75.39777649000192,38.077297556876815,59.783236949226065,1.2426633193500514,312.58459756390465
2026-01-02 18:44:00,28.400706108626874,0.7323469580029398,65.4784957741529,45.363821385541684,55.08289842603729,1.2016985677940022,325.30232561557796
2026-01-02 18:45:00,22.1753871933106,0.35845224410401266,74.35145355346671,46.839603058714935,53.50716393839465,1.3851249844910263,291.7766341429613
2026-01-02 18:46:00,25.604034559644766,0.17954505452980107,68.24959143789818,36.4310601372963,55.66511460263832,1.629893214328827,249.46875621571326
2026-01-02 18:47:00,26.318548432874287,0.49319479946338496,71.90431503293102,49.559648492285085,52.91689816737943,0.9358094904156192,316.01280549230086
2026-01-02 18:48:00,19.571149093248312,0.7591905376568531,63.800028948726045,49.58428583894848,61.019546310283154,1.7205607963433263,299.72571704779546
2026-01-02 18:49:00,26.408081978862324,0.5321884273232101,76.91511154143146,50.848134829671736,64.38266937072247,0.9366453033017093,341.7505132020034
2026-01-02 18:50:00,31.818975477938167,0.4600660401654287,60.49296768433862,46.799334508443586,62.24905915185478,2.0173323303229784,300.86199097339255
2026-01-02 18:51:00,26.919808497402375,0.32593059646851336,87.96455540271351,48.82249260173398,44.24218382613216,1.7055067312360492,298.63599332431494
2026-01-02 18:52:00,29.42023924432527,0.8515532933361645,87.9035890798961,58.11015506746993,52.81486620569943,2.2652559488542416,312.5176341559794
2026-01-02 18:53:00,25.548744190386117,0.29407948102304415,83.06159668373209,43.19087039473624,55.02079569390578,1.7675135042437193,282.09206793596604
2026-01-02 18:54:00,24.780345028048536,0.35492114847435197,80.20383188619608,38.72585099466266,57.315289802112716,1.378095819551603,280.64592836629294
2026-01-02 18:55:00,26.143814170242926,0.6140068392168045,69.32361313413087,35.79564070067123,46.36342731148976,1.1805291459129346,297.06314200986174
2026-01-02 18:56:00,22.552520056046703,0.12879586202264204,79.33237364597767,55.5340435813939,46.282781698155176,1.595556423231145,272.3878107519008
2026-01-02 18:57:00,22.108674438296834,0.754918133076268,69.23058801379098,55.612723552191945,61.53394874812696,1.48789976460885,293.12713603602106
2026-01-02 18:58:00,28.798913671508096,0.6248386228434711,57.57185966203755,39.45240154839462,52.2044034069511,1.9744556139509106,358.186840723461
2026-01-02 18:59:00,29.117027028599555,0.6798462143622219,82.0256113122455,40.63607512392866,47.56296830773384,1.1285524734580603,331.279011801791
2026-01-02 19:00:00,22.026681053237947,0.6116234023899308,79.03059570338004,43.056053774812966,49.481795961385195,2.3083608001843916,309.2411382419895
2026-01-02 19:01:00,27.903996413661595,0.46777529650872596,69.74928713875651,52.3455412328759,56.95237321656107,2.009910776685998,346.55031782864756
2026-01-02 19:02:00,24.739120073181937,0.2873702579689154,60.198525941350795,37.27618680911814,50.887261567682515,1.4185905478971423,275.2531170598006
2026-01-02 19:03:00,26.019425723471294,0.4719849117550079,65.31039458736821,33.20028285066675,56.20812821092025,2.219128359055048,374.7131960963999
2026-01-02 19:04:00,26.38065591830519,0.30495273764947306,55.430835320899924,58.005086859372966,50.10636318626748,1.186748761977091,286.1849244732082
2026-01-02 19:05:00,27.983051404372954,0.5972310620152768,77.56064682094382,46.87423972152045,46.2789993630799,1.5822359159660913,360.1141768652754
2026-01-02 19:06:00,25.248154605589566,0.6613559661096203,57.17352826508656,47.72647983551136,62.12190081610662,0.9894115793721384,359.9820914333895
2026-01-02 19:07:00,29.23048598590581,0.7953617262396415,72.29464696117341,43.76936396880004,56.99094955644488,2.238627702520564,247.40310579608382
2026-01-02 19:08:00,25.928238519279773,0.5743535281105726,63.2504532177625,47.79470954230814,53.33124569380942,0.8410452747676088,344.01276429425445
2026-01-02 19:09:00,26.872552817408597,0.6849150713190373,58.58637244000418,35.914764699954084,52.393191391591955,0.9238233214951369,291.4827257864197
2026-01-02 19:10:00,22.50021222538826,0.44057105255397155,71.90684074622857,39.954476598838625,62.324501845376176,1.2461147571755187,282.9609462804579
2026-01-02 19:11:00,31.4759770321145,0.404344572398361,67.32960491750374,45.630947307135635,57.957650227643626,2.0289294698704645,315.73914360494956
2026-01-02 19:12:00,26.4094747696149,0.5947343781633603,76.70551284340294,31.37465464259855,60.734065158178794,1.8819379544315542,269.7625402573573
2026-01-02 19:13:00,27.138992276035296,0.42270542545661827,59.85915785017035,43.184894317114626,52.081536612554,1.5488202512916427,315.05991263748837
2026-01-02 19:14:00,20.175442566365376,0.5538371577655316,63.941482836209424,42.815013777993556,55.25333270089789,1.9075704844669181,271.776165531073
2026-01-02 19:15:00,22.531893930762696,0.2877615621329158,50.898862332072866,43.18385860829783,57.01099457998266,1.4538345101155403,305.31237837785454
2026-01-02 19:16:00,28.713651063756192,0.3236744635047398,52.52522654137662,41.69350915307411,52.24965445343079,1.6689715117071984,340.06087737270445
2026-01-02 19:17:00,25.860673354877814,0.6270818602036581,84.3855392798281,39.02464844475302,54.522339454981804,2.1606904302624463,311.5955380629736
2026-01-02 19:18:00,19.258660795513222,0.6773380150812193,86.66878595279735,34.06780889837448,52.08194830058375,1.4013524507183146,289.2062523815656
2026-01-02 19:19:00,28.114869786951456,0.3028687662066639,70.74180964179162,45.868482283004475,56.995295987511085,1.1934509516913177,316.2423333251376
2026-01-02 19:20:00,23.36865158694183,0.6341228621012842,63.40936987274791,43.19925607922254,48.3930291807471,1.6881486857307961,257.805592739853
2026-01-02 19:21:00,29.233950957630135,0.39345286539294505,67.61240859607915,36.74831072058793,57.85985009623529,1.7961097229966203,274.834176474119
2026-01-02 19:22:00,24.7364929641889,0.503301035240062,76.9885936198909,45.37520047700262,56.553566008714554,1.5441790948581116,287.09189818478956
2026-01-02 19:23:00,25.61412005806159,0.7833888831581295,65.88488784142363,43.230298829563765,53.983457357463394,1.901352525482413,323.6055073835438
2026-01-02 19:24:00,28.536863735774944,0.6614974468045898,71.90107093633351,42.23385629002731,57.24758572826042,1.4194963455065952,312.17396261464285
2026-01-02 19:25:00,22.30752108743601,0.6591743976044386,69.89795159615001,32.0586306791553,53.17529768133512,1.5510184038333967,316.05499363504026
2026-01-02 19:26:00,22.02145957649818,0.8817580716913933,65.44949863933714,49.09660507384736,51.649346293363564,1.6498299530254439,299.178523532687
2026-01-02 19:27:00,24.410504738805678,0.3592241317900404,65.79045803206503,37.60169375934522,57.71863077394339,1.614944415214978,276.3570106199231
2026-01-02 19:28:00,27.481518398863667,0.30282500500149084,72.34656697348407,45.37962152904745,57.935070025771864,2.1453086517155397,344.6435080970801
2026-01-02 19:29:00,21.00736824215953,0.35557554595428187,62.18489490890047,40.150389339403844,52.46364880595483,1.647822500000133,279.0661963659702
2026-01-02 19:30:00,19.99589620033271,0.449099789318677,73.61383476498813,42.667640894712086,52.03473853878471,1.3784391460314596,312.5711684911746
2026-01-02 19:31:00,27.471162781131376,0.029089877141621256,66.22736832280654,51.91375495049947,54.08513258119772,1.7111926805964046,296.6368604053875
2026-01-02 19:32:00,23.19106506229899,0.4585143526606379,71.01893843718584,48.18970920482025,52.23997173592991,1.9035403361080505,316.88979501103967
2026-01-02 19:33:00,23.823321961239152,0.3910858536210176,81.07170052934848,51.78023967773682,62.625595549411344,1.8096941766075183,281.8353904434919
2026-01-02 19:34:00,19.429568794179502,0.6567519534795598,68.65446363818438,46.98231296772944,56.58237857097103,1.7875230284651915,331.58031482661147
2026-01-02 19:35:00,22.963062056944054,0.570483875802008,77.35843472153594,47.37686150604468,55.073001167736074,0.9007799425943861,341.3483374750781
2026-01-02 19:36:00,24.97729811010655,0.3798606744461326,55.66373715292937,34.31316599864293,50.33637513155485,0.502994953263869,329.7396924748911
2026-01-02 19:37:00,27.791133572868677,0.6179921690725808,66.23709589087524,43.09485003680067,58.6949472351832,2.0101058154482496,304.72875977920944
2026-01-02 19:38:00,22.686309501296083,0.644652611964754,70.22150896860859,43.65054640890835,51.94197550027793,1.675542978482453,286.9462426168895
2026-01-02 19:39:00,29.97212836069749,0.34629084204171784,85.38664543365167,52.34198892211185,51.7362634445948,1.491369033353892,384.66335351578675
2026-01-02 19:40:00,22.946331927460598,0.4013951489235163,54.32038333392087,41.96262403255843,58.86307331538293,1.7777252111120618,270.25126365714095
2026-01-02 19:41:00,22.950724595244477,0.05492736258040343,69.23032110485778,46.58915705433674,56.93661360495949,2.2709239742663656,326.436886551604
2026-01-02 19:42:00,29.612072655693407,0.281868005126143,81.65351080733011,46.354544058508516,42.482761954322214,2.065412466338564,309.98354664229873
2026-01-02 19:43:00,25.63438045709175,0.3515060879152843,63.719836757865025,51.946050961684364,54.21114618117846,1.8848882291207831,298.1238767346384
2026-01-02 19:44:00,23.34392581296527,0.5148332353212044,68.29728951659463,44.1975355061632,55.6275981027381,1.1453097468669426,305.5548881920204
2026-01-02 19:45:00,24.53460060645822,0.31092346412803695,72.65391188044431,49.96672169215888,53.3020192210942,1.1972836788120496,284.69354089916095
2026-01-02 19:46:00,29.05922073262618,0.3973096025901782,71.47606842978225,34.77080919517485,55.80181832844902,0.5454381274529172,312.8116662973574
2026-01-02 19:47:00,29.398608458877046,0.25493386368348014,82.52616380363531,35.315883402336354,45.95155998545495,1.753405389553968,309.504734578802
2026-01-02 19:48:00,22.54962046218923,0.5342227797062541,73.58779048058585,31.29993393225284,40.844897003296374,1.9434508789844664,380.3295966877552
2026-01-02 19:49:00,24.872698569762676,0.5851429189169816,80.62218316411375,49.7159098508,50.12265880814864,1.9760712184766047,332.1246664525128
2026-01-02 19:50:00,25.27047048300272,0.5804730696839645,67.1199331415207,49.042001626732414,56.41123560883575,1.7701721885107102,315.47648316379224
2026-01-02 19:51:00,22.04127966845021,0.5024722263810518,64.07579670999763,50.380965443395695,38.87521885739555,1.4383732567090746,317.2667679992888
2026-01-02 19:52:00,24.83294484205002,0.1917854006997211,68.19421445584291,40.93582898576284,50.78226966380247,1.2742890152359425,355.18612966487234
2026-01-02 19:53:00,25.0159685813551,0.3760092672214298,60.72717525305919,41.618714054792,45.38619515400306,1.169854081563694,270.88720305779185
2026-01-02 19:54:00,28.42062843681021,0.4185386655363031,73.86809356968077,44.27371414402614,53.78687913734326,1.4346300603339204,294.5180176871469
2026-01-02 19:55:00,28.6222750849336,0.4193409374158749,66.91297509795804,53.66219581768594,64.78949628977925,1.1088694984414205,242.78583516963818
2026-01-02 19:56:00,24.012371804922974,0.5149962435979673,64.6256888001802,55.1629687657323,53.91412002667949,2.202381626003435,316.7632152648571
2026-01-02 19:57:00,24.358140568417564,0.7851082744742037,73.98926727696801,49.76285093904818,54.46248577334566,0.9790513787737597,325.445212516329
2026-01-02 19:58:00,26.992876906166906,0.66241924253692,60.85027377620569,46.98611834882101,59.19615470394116,1.4211786892443108,270.13199843295496
2026-01-02 19:59:00,23.244434653218967,0.3024964440302611,76.16401771084635,53.01229618620076,55.10653278905287,0.7255126346276504,343.0524005400211
2026-01-02 20:00:00,26.765920455212207,0.6356805750593267,66.17330089206911,43.46494525710265,53.92504114905331,1.618621944519226,278.4336002212564
2026-01-02 20:01:00,24.736280537892355,0.6280604735331472,79.27277155275347,42.654350817106234,59.63322962072502,1.499046516097148,289.7259567295031
2026-01-02 20:02:00,22.091804266784138,0.338786505409687,66.85809937416346,44.22586727631713,57.35943575255903,1.3572838585441842,303.586977468601
2026-01-02 20:03:00,22.12948986136106,0.6697731845270878,75.05527733246339,39.127713783482534,56.44312880783227,1.1268866935879784,347.82589088279445
2026-01-02 20:04:00,29.341176088093306,0.46792467281094735,71.43649899018325,43.949943813770325,54.30609923716267,1.5009847342350466,274.25406545757306
2026-01-02 20:05:00,24.530735562570104,0.21800930199711105,75.9512149897159,38.29555173729636,53.26967647636468,1.2822156439943049,308.73741376097047
2026-01-02 20:06:00,29.921062281694933,0.5910405449274284,70.87957513718102,51.15004691339747,59.58585442615831,1.4452528442533323,323.2451326437727
2026-01-02 20:07:00,23.45909121785527,0.5433923647229049,56.69282070125405,48.26212434619811,53.31768690060414,2.282972000767197,317.0541049103846
2026-01-02 20:08:00,25.87361560339448,0.4544644741628344,78.07034831393706,53.57737438528695,61.15626439678007,1.5688708863570278,318.1620309920011
2026-01-02 20:09:00,32.17803016905472,0.4925093830033401,69.29853662033675,35.22430318251486,49.764268168553585,1.713146883189613,322.84500666521825
2026-01-02 20:10:00,21.82783976601016,0.3561829042223076,76.3161286188385,56.410181681532436,62.16891977252889,1.314214089727802,283.35831826184636
2026-01-02 20:11:00,19.306556500300672,0.6220261007594219,75.52197181495086,35.56514751723936,57.36020041544209,1.186225796130095,350.63339360490977
2026-01-02 20:12:00,28.8597703938617,0.49130987309821483,63.81362815190926,37.810151549500766,50.15732538473997,1.4908169146205408,296.6655180548272
2026-01-02 20:13:00,22.51957268382078,0.5332897687896456,62.68163675859763,41.27507071882146,57.54489317276153,2.5015704019408895,292.6845539105278
2026-01-02 20:14:00,24.937880907681297,0.5714283848857745,75.24284081159203,52.84632415181919,51.7484855084136,1.385028922042416,340.4287650394126
2026-01-02 20:15:00,23.242245368645246,0.269082877114735,67.57400776471589,46.35344098337144,55.16714027173738,1.644575121345929,281.0829939936909
2026-01-02 20:16:00,25.804488342865948,0.3211433956235896,77.49143423573197,43.53702449687057,52.566864314273744,1.1686405939637838,309.60834572097065
2026-01-02 20:17:00,22.148391378442774,0.05801110807675813,68.57439245709581,40.244235392129035,54.33543917933461,0.39789118463929984,278.3149612801429
2026-01-02 20:18:00,24.46017973635008,0.6129484516980814,78.1872782195863,36.7443890960358,59.70715396904934,1.1840674672273375,375.5770744633505
2026-01-02 20:19:00,26.349445979669603,0.2575579952506467,73.38643587367281,51.79576394215806,57.59255826073343,2.4522838109415046,369.25963550180364
2026-01-02 20:20:00,21.975073341177215,0.5265139419791305,72.30379994971318,49.79183556629184,49.37317304115461,1.7381561178899063,296.6927705569036
2026-01-02 20:21:00,22.899747911062335,0.5741976449879106,67.0079104100778,53.114702262554104,49.659517791707806,2.1563696804213808,315.59571520501595
2026-01-02 20:22:00,23.957851499204406,0.6204705677785041,71.85942091249213,47.380908761886744,56.35387805132667,1.3609111060272097,300.1559941514214
2026-01-02 20:23:00,20.713553697321167,0.25919661723278814,79.54282171962167,29.14738524866679,56.71593563447888,0.5572675584973354,289.542015347748
2026-01-02 20:24:00,23.73231705160376,0.4869676763718618,69.56627633069344,37.53250240391129,51.62777510306451,1.056516398615022,303.58894497317596
2026-01-02 20:25:00,25.356389619708704,0.8340560841575498,74.24939554947085,47.789227835080254,62.956577414910186,1.6588099044176674,298.78195694332624
2026-01-02 20:26:00,23.801353175234716,0.8428629359968633,70.37088060999764,42.78169784858388,59.06747468634798,1.5950455443745803,254.37997777704106
2026-01-02 20:27:00,24.185870521204826,0.6974646188053901,70.99683234196337,41.64694819843124,51.87211817307603,1.4958304813687084,307.89069964696773
2026-01-02 20:28:00,24.940294987280243,0.5674986277637679,83.78728605550639,38.38063941066283,51.38872342092004,1.2879003950254724,298.7312138246207
2026-01-02 20:29:00,23.032769612703056,0.2989787222309245,79.61384024831641,50.68553740448724,53.86093393143376,1.8758862747212977,309.3660136990061
2026-01-02 20:30:00,27.07318769760063,0.6437243250782106,70.63523052156575,47.737155824485846,53.3407279446292,1.2994613303996152,297.67446666706553
2026-01-02 20:31:00,29.307934374405328,0.46839575425063185,71.71563270348827,48.007147337448735,61.280787468658886,1.62312674806508,289.18981909564366
2026-01-02 20:32:00,23.606858823413653,0.6121056550545689,64.38503597159225,41.198386507289655,59.922614864974435,1.5781312660130415,326.24730180827095
2026-01-02 20:33:00,26.45559469443312,0.37343130902957666,68.61622762988037,46.05772655339886,55.175347567506954,1.352599022655115,315.9940321112522
2026-01-02 20:34:00,24.281148533696058,0.4654133774320142,72.47518230038892,36.97341044282111,58.389527804446075,1.1474815795841746,341.88141899807067
2026-01-02 20:35:00,26.096462035115515,0.532829472015285,76.80490871655303,44.22103211492284,59.114876131722745,1.3290679653108155,314.84189293416995
2026-01-02 20:36:00,29.697338593609764,0.5492556182987717,75.99376717528735,29.83242252844135,55.291303641332675,2.249448713079099,294.071803445546
2026-01-02 20:37:00,26.525978629054297,0.5987445428920496,61.12592755276392,35.59130316519267,57.01309339684545,1.9449791453064713,318.5030557855331
2026-01-02 20:38:00,19.679756383570957,0.3841610030950201,77.81586184542905,43.066128934487935,57.97093777046141,1.9081554925127913,240.58160522283086
2026-01-02 20:39:00,26.361986894340877,0.23134310957795945,69.28981056497958,59.250708877649586,57.43802861824442,1.185414517290074,363.1103966619236
2026-01-02 20:40:00,28.69859122992703,0.824957007979959,62.1040691545797,34.19554155945082,51.10598085762104,0.9249242908132441,308.231404313327
2026-01-02 20:41:00,24.33521149000569,0.9978508338046717,80.69107789945537,37.53851644476082,51.61145121326969,1.9385976863034482,365.5336768237726
2026-01-02 20:42:00,27.986904418353497,0.5894841422404757,81.70623197390363,46.30064878015686,53.557026691569746,1.8619069041799778,273.91964820958106
2026-01-02 20:43:00,22.929653376544163,0.23520158105397787,72.10997585872528,55.61653743608762,51.466678604765555,1.554899590673021,266.47063852157805
2026-01-02 20:44:00,20.54338252143318,0.3453609766314246,75.67034881524188,46.21303498192844,47.634497136821736,1.3517840449666156,310.9749987799294
2026-01-02 20:45:00,25.42350705649792,0.6018235138101938,76.13959366995546,49.21285111382494,58.379759804745206,0.9144221383059873,310.8760422829998
2026-01-02 20:46:00,19.73056983776106,0.7682231223362572,81.166177222498,42.974377495941134,56.732040634345005,1.8469601777514009,310.1473432331083
2026-01-02 20:47:00,24.280686961319226,0.2574218730916288,75.8245482034538,41.93627046636374,48.30316711853727,1.9744540459863638,305.57478609751445
2026-01-02 20:48:00,28.860526787936507,0.4751334358302198,59.37849378049145,45.49310611240654,53.79541644136232,1.228363028603522,281.1564851722083
2026-01-02 20:49:00,19.270711282761155,0.5391864128887938,86.07846199176902,41.050263656243374,54.07857091373686,1.1949601597041508,255.43932617764438
2026-01-02 20:50:00,21.161509612258307,0.6729156902571749,78.52525511584034,49.345616032306474,55.9097221425497,1.9964247700035211,308.4945166995206
2026-01-02 20:51:00,21.903903264515268,0.43127978111992415,65.92380635781788,35.3623686063265,49.59038775676171,1.2432542148426071,261.52223999104854
2026-01-02 20:52:00,24.81004042086712,0.18723706173561505,61.76299942114072,50.339922195401,48.23002882002794,2.211624083142553,258.6898110678382
2026-01-02 20:53:00,23.902849643061373,0.6242395118905805,74.03850744323267,45.235878073816515,57.59862248016955,1.456379296853716,288.5810460459529
2026-01-02 20:54:00,29.197409145088262,0.7249591930342476,67.77391969305937,43.71167478839482,47.330189938656886,1.34537531725334,312.9197695598515
2026-01-02 20:55:00,27.863044987275092,0.4834817076509679,72.63996283199167,35.14209263888147,53.836682534726684,1.5180432004853586,359.63277711768876
2026-01-02 20:56:00,26.485818838205795,0.5810480182612863,75.9472547302261,39.12126796801278,53.369614071208865,1.3453473062543921,329.3777790976138
2026-01-02 20:57:00,25.436890943031653,0.4051017541145859,65.46846489602564,52.19190883879907,54.38357840886607,1.9504849545390728,342.99652761387244
2026-01-02 20:58:00,26.17968933095448,0.33084544105482117,61.0711360585253,43.74840601179981,56.26358810588926,1.8543240558301548,319.60985062629214
2026-01-02 20:59:00,22.414052934059875,0.7052851361094438,73.08654774297582,46.670390795236926,62.992853089057036,1.9352425171003327,311.00561156831196
2026-01-02 21:00:00,27.571631060669837,0.5774991695628922,65.73289715778421,39.72280792010792,47.0025389970455,1.5738078962776252,375.1737094456828
2026-01-02 21:01:00,21.663867236922396,0.5980737198803765,71.16876628585919,44.825672182647295,59.38290791366374,1.3174582006766549,260.31433158322824
2026-01-02 21:02:00,27.506130981706693,0.8004230295989226,59.25338850430188,36.767087711280126,42.43921046934311,1.4963743970289067,287.60309050817267
2026-01-02 21:03:00,28.558427506356495,0.2890315331362854,67.9825382042029,45.599293525727326,61.96855574408659,1.3297212833718903,289.94460691252766
2026-01-02 21:04:00,25.63259380626426,0.3895947463681156,75.71961512831997,47.22384538362123,44.78565329731421,2.086638605273184,326.80671064074966
2026-01-02 21:05:00,24.471360823114072,0.5315866697669391,74.84746006117437,46.92368836311011,67.18197319017395,1.9009094895194405,270.63669726941737
2026-01-02 21:06:00,26.20092972492902,0.3871373524477516,63.69313623301385,39.57849101705903,53.051160852614224,1.463390773257116,322.90288822729804
2026-01-02 21:07:00,16.41544488969798,0.65662730705449,60.65388504545559,42.94769409539699,61.45191530386518,1.1294100172914916,317.3894949530821
2026-01-02 21:08:00,25.906774655456385,0.4625201558192032,70.12610951801433,48.223164875889786,60.42078011705432,2.116335875281527,324.4004230484039
2026-01-02 21:09:00,24.65993800648058,0.3014934385005621,74.48826237615528,43.73137442833141,52.81755454347796,1.5546736542177204,323.85669140535293
2026-01-02 21:10:00,24.848115660829027,0.5131543350375323,73.2414011215404,43.27616770595934,53.201253909062,1.4479330159213062,346.14958909897786
2026-01-02 21:11:00,27.119597538693483,0.5340677541613575,65.90272124510952,56.42080565175334,50.81420518433862,2.119861087887583,298.52371611187874
2026-01-02 21:12:00,24.775693235305816,0.6869364125792661,72.38259553989283,39.29406528680325,58.936850832221445,1.296020474648773,315.90473728474683
2026-01-02 21:13:00,21.579379430046526,0.5786281806294848,82.01884377020795,51.482510808533895,52.88265947890766,1.372429239468186,277.90352143311276
2026-01-02 21:14:00,24.575791987523864,0.5922292782719671,71.64115749847223,38.07191601897042,50.90508235974633,1.4076964206496942,271.05614969197296
2026-01-02 21:15:00,25.20266645224247,0.5640583368014449,56.93481651345104,48.92868651462849,57.68638005978076,0.9733723313432635,352.94486353810805
2026-01-02 21:16:00,25.344801734743037,0.46235549574161394,71.62560270480513,49.248915348743836,50.514117792971255,1.6262941461703793,275.6364363792877
2026-01-02 21:17:00,25.485758101855204,0.3567561769777471,86.35165576970087,41.937809069657725,53.35508854123999,1.1950621021286196,319.23936230858664
2026-01-02 21:18:00,28.11810713475566,0.5577676703318752,59.700873495075236,37.695138882827365,55.535529324360965,1.271711307075551,315.93128398522447
2026-01-02 21:19:00,21.741896340897558,0.4333750468232719,70.23779729463217,33.17740077717949,51.78785255369366,1.2182258082393345,335.2494268301182
2026-01-02 21:20:00,25.52710136849455,0.8379645240882031,68.18931653574292,41.30931894644799,52.542256595400325,1.2651719186784225,250.25398054202765
2026-01-02 21:21:00,28.869789095854724,0.7684364589546437,70.76706367420051,48.157311887713945,62.67491600569729,1.1644342143936741,326.73620977638546
2026-01-02 21:22:00,19.796165509188413,0.6265678264703216,71.55401722523017,38.53423105740253,53.97882399857427,1.5988856710479886,298.2590398075441
2026-01-02 21:23:00,25.538940042340162,0.5756933878585971,79.1197758885034,45.581691485542365,53.20186520108194,1.4377627630057142,282.0027264461279
2026-01-02 21:24:00,23.24386449408087,0.4824081898037646,70.67826629120648,36.14142121253493,54.12437430965639,1.5192032552832464,292.47547464718826
2026-01-02 21:25:00,23.887868846580684,0.24777525373057296,80.21807645769638,43.59667084737622,57.272274942495336,2.4415152305849253,331.1031236112301
2026-01-02 21:26:00,22.285577490356733,0.45676555533560687,69.05875472970814,38.117736574807616,49.83068158663068,1.437775527560321,321.9372155197522
2026-01-02 21:27:00,24.491347852898667,0.5202800066810513,67.19890580820294,44.53211698863344,57.136077002291934,1.7419790488945466,296.162296259835
2026-01-02 21:28:00,30.52376684328071,0.5458912948889325,64.64653613569115,41.99352318235481,56.279100950296204,1.7874998397343915,265.82677607792164
2026-01-02 21:29:00,21.206708916468358,0.5939072734031652,55.46330376703878,37.8578031825744,46.056723079629414,1.4748573502542905,267.9436620926508
2026-01-02 21:30:00,21.491169992563517,0.684266039575537,72.20625129540672,41.04675913266636,63.97127801704381,1.6095196526180153,322.5909047977399
2026-01-02 21:31:00,21.094196289509487,0.3615691856614266,86.43200230777474,39.39505882654804,62.30406780381603,1.5082792761049704,261.6677272303682
2026-01-02 21:32:00,30.182254859884303,0.36338487855819773,73.66588381828689,37.116451798575525,50.99718533627581,1.5810233582845914,296.45536535267075
2026-01-02 21:33:00,23.61298088343614,0.7901713359486318,75.49397883329344,51.4964749517365,49.38786731151358,1.2653932842607452,380.43216382139707
2026-01-02 21:34:00,24.923082818956978,0.6541963178386297,66.69574939988436,42.83895081329445,56.14025748512621,1.3023154761680704,313.7868251511029
2026-01-02 21:35:00,23.79165117668128,0.4218458115733358,68.04533286981064,31.78664730555801,47.87068356084356,1.5067689013132304,322.26747611985013
2026-01-02 21:36:00,22.166731364790724,0.47855776620955265,77.8771319066661,41.260315154431886,61.821414768511275,0.7112385424596025,268.16894184401013
2026-01-02 21:37:00,24.294548060156693,0.4794572106650203,86.06954912231856,50.48827028290959,52.65773132123804,2.09842911590613,263.18095031482665
2026-01-02 21:38:00,32.37473081720968,0.5063148244562766,81.90358348637456,40.43184820045574,63.109034641544085,2.364343207199652,323.87466111114156
2026-01-02 21:39:00,29.176212762922766,0.5945366184477227,76.44195703782418,53.98646326880177,50.877983148068665,1.5681401039698857,291.52944033315424
2026-01-02 21:40:00,22.441186546623182,1.0069985492199662,70.28120463512407,39.860027670230465,54.4389895721664,1.7661876709004019,335.2086444469102
2026-01-02 21:41:00,26.942722309185058,0.5379513122325305,71.67775131413859,48.02044833489873,61.33606303288683,1.9324230680201986,304.29399712873555
2026-01-02 21:42:00,22.50543168200087,0.6325196300850502,63.971941444573964,51.21983150754607,53.38380260180585,0.9701321041686924,406.69088356650394
2026-01-02 21:43:00,19.670897083461337,0.16270465876197143,58.414659829578746,47.7011638338686,56.36045871587871,1.8713111781137695,285.83040554059954
2026-01-02 21:44:00,28.058532752993887,0.403020001444233,60.985613137920474,36.75303615215382,60.463293778190064,1.32942408222631,311.6739458756829
2026-01-02 21:45:00,28.48027853993065,0.745763000543321,70.3984002761755,39.34518853847061,52.219762745829165,2.4162896919267376,276.17563012237594
2026-01-02 21:46:00,28.138156753143697,0.5804630782713232,67.66406190858658,52.02042594231949,48.691304547261545,1.4246961720005222,333.9624003195729
2026-01-02 21:47:00,23.590404252341283,0.0,58.24446636224252,40.172331262008136,47.70644701846211,1.863272889268664,316.2153718162286
2026-01-02 21:48:00,24.49967279799404,0.6348046404632394,69.70141296760211,50.854059083413226,57.91716374718937,1.4286348278559466,274.16430439757016
2026-01-02 21:49:00,27.24929666097437,0.8836328789257538,67.45255740427244,42.41829166911034,56.943891934988095,2.378677102532179,293.48145317659714
2026-01-02 21:50:00,26.174488112044322,0.10081848277604133,60.61720915772736,45.84862391531491,60.308315865405454,1.2950599131844378,344.1550432050158
2026-01-02 21:51:00,23.819087586108868,0.8038775351291025,67.03856791503944,36.68335633787429,53.62977640508705,1.9660355149309556,340.55127316117364
2026-01-02 21:52:00,20.142784539645504,0.0,67.43237599426925,41.35039455172501,47.84631371199729,1.7506711529807786,260.56813082203064
2026-01-02 21:53:00,25.341625582426037,0.6875997890106826,65.06690288060426,39.74816171736167,43.23623846859212,1.6617239846656642,289.02091068803384
2026-01-02 21:54:00,28.23702891770834,0.498270274797552,77.41336131820752,46.35359790334904,69.33981267175851,1.5916029604179092,357.641902688909
2026-01-02 21:55:00,21.40723513289753,0.030005756951076712,54.7767875032535,45.5591854782953,57.63461509268751,1.2331949929212547,297.9846659791583
2026-01-02 21:56:00,26.91627814502793,0.5892275654479573,54.11360807431223,47.775899377473806,55.68395878041147,0.4655774758263691,308.5026754364778
2026-01-02 21:57:00,25.99462508540108,0.7301679498304117,70.02628627559274,42.056864981443965,56.393198801569085,1.929756843384646,333.80795749980234
2026-01-02 21:58:00,27.250444789697,0.5727774007643146,70.76901751513844,39.41861957223253,47.843305258837816,1.3044643558622862,263.03514881104735
2026-01-02 21:59:00,27.61592649915702,0.6169655274119226,73.23372108815178,46.09637451326584,51.025640045184765,1.9678400574728119,274.80907507711805
2026-01-02 22:00:00,22.916604274223943,0.41766477753218767,65.68821193376725,38.82246658195779,63.716650639956214,1.640679107166266,293.2890275035008
2026-01-02 22:01:00,20.14912179950516,0.1277220489557956,62.65660955926135,51.470535158535526,58.29173642926109,1.9801027124080481,339.1387085956575
2026-01-02 22:02:00,23.399441422951362,0.6383728044674128,69.94147093844042,44.31286568046532,51.18201171186032,1.8207570080437896,333.59296044756894
2026-01-02 22:03:00,27.66738195258102,0.8499507838892592,66.46737491721603,43.043189341770265,48.8659233595838,0.5141219278083197,324.59299101561294
2026-01-02 22:04:00,23.373988289422087,0.7259161708454918,82.40857123724555,47.77305373650127,52.42152945527717,1.7459582464991987,298.8252015398769
2026-01-02 22:05:00,22.917870028427075,0.10242483407973074,67.40618200059846,44.5418130034097,53.42284676388561,1.3625298057542063,336.8870921303908
2026-01-02 22:06:00,19.535948974226084,0.19702111855781324,69.57451878626338,35.051689698988824,65.24573017923352,1.9660044749072705,298.4206430748507
2026-01-02 22:07:00,30.257942663652816,0.3308064516405319,89.80334511678353,38.6314206036634,54.05866312017022,1.7364829980547198,320.33904037117225
2026-01-02 22:08:00,27.47714092427593,0.18140490974397133,68.44191818615451,51.34625222318769,49.052241079334934,1.7411876151862429,330.36116926183814
2026-01-02 22:09:00,27.309687943824294,0.5088379839112078,74.44925492159273,45.50330608706749,54.706988181949576,1.3911028817167,353.9046020253194
2026-01-02 22:10:00,27.903176160338422,0.5786831610361045,75.17047546709082,34.91059318581935,56.32169234189001,1.1349575231568834,301.3102624625452
2026-01-02 22:11:00,26.730125084630206,0.2139493433515265,75.85121314974572,47.112672400291,48.59726711206314,1.3268452164117899,292.1216933716075
2026-01-02 22:12:00,24.26701343446141,0.6554256918551057,72.31589812329003,41.644447080781504,57.01082767226307,0.7800430953876205,341.85226088365096
2026-01-02 22:13:00,24.508707687633397,0.6202207888040028,71.55072635528408,39.753000284947305,61.04457976135785,1.2638625061813418,344.1555773604754
2026-01-02 22:14:00,23.717306906223627,0.39036817503125937,70.80267431869693,38.130763646196925,55.69335641625381,0.914336360184227,286.69876522829054
2026-01-02 22:15:00,32.904222263245,0.4654956028032032,65.39204878212982,50.99957682791212,51.0146742407516,0.9249036784968757,269.84898804407203
2026-01-02 22:16:00,26.667736093898327,0.11003976486939365,72.60415042271414,33.207009767967904,52.35564781214925,1.5465915388904838,339.5710339849834
2026-01-02 22:17:00,23.608598675945696,0.43354756874258515,86.22916669939673,39.97480755336306,46.70582011669069,1.7136195758015842,253.74817879213876
2026-01-02 22:18:00,26.39649032249884,0.5014769948260651,79.68545527170846,45.72076059546745,54.33082382948732,1.4872826079299137,252.21595714375044
2026-01-02 22:19:00,21.967393246431048,0.5337495190456379,72.43134417779709,54.47017841342098,56.553899784149564,1.3004838010646393,294.9511465557387
2026-01-02 22:20:00,29.51352015576768,0.5757753824040348,76.84663838484792,48.323149178101914,50.51683707567261,1.1210367351044297,303.0731914718746
2026-01-02 22:21:00,23.016792712578578,0.5488483486461144,63.046592730154785,39.923852306803184,64.69850075513814,1.3731228030541156,268.201435011684
2026-01-02 22:22:00,26.5032562978674,0.4471312605468659,67.91590276640225,54.17612072464089,58.961397477255744,1.1711107835089016,306.6559301513154
2026-01-02 22:23:00,28.197932889229403,0.5572389885108633,77.58279875347245,36.86925960177017,46.036113305257786,1.4748677031514754,307.9941026590944
2026-01-02 22:24:00,26.154305632614978,0.7004063986620496,81.89733754766553,46.59201699213093,46.13868720746221,0.8913872903684377,285.5883631783716
2026-01-02 22:25:00,25.283409975458916,0.4809003853380711,63.83307062323698,47.92670787451329,50.07988098648091,1.7805270312822912,361.0039253750357
2026-01-02 22:26:00,25.032406254568045,0.5635189781663353,66.13129352461475,39.71330650079735,62.86592703379636,1.273187551169723,312.89283630021913
2026-01-02 22:27:00,24.83067670933868,0.46276578746717634,87.4510063510283,49.18555831132952,59.45460855276181,1.6505027601129354,333.85467109565354
2026-01-02 22:28:00,23.269904533217492,0.37064821670408576,70.77008999815178,41.91665922635424,63.11856097779143,1.8548887982524769,256.31361033992033
2026-01-02 22:29:00,23.651549710690887,0.6045759333835209,84.58689578160303,49.17085456510779,55.05104643281378,1.6311483527724,256.0547456264836
2026-01-02 22:30:00,29.438771120952804,0.388954811165959,71.65485853820634,33.96242704448275,53.95255336018861,1.819650715839233,313.8018783194678
2026-01-02 22:31:00,24.67439010194453,0.5772293801984381,71.96944225860348,47.009856541373246,48.76245256969688,0.6733442948583714,355.6457306826082
2026-01-02 22:32:00,22.64261119185168,0.5056510743020091,67.55607289872081,42.52735996383837,56.74841962458398,1.3028573345184453,269.70192663082855
2026-01-02 22:33:00,23.451107209415476,0.4392130646959713,77.54044113208182,51.89822269780693,54.0191591654149,1.9412306667156336,304.3012993950385
2026-01-02 22:34:00,28.30111204209167,0.4343714335706679,80.862220402432,44.736115621374296,53.82663904759069,1.7036918153264886,262.9471126591105
2026-01-02 22:35:00,27.026819899493436,0.39837580151686264,61.719982158873066,52.49537720232071,63.09025420526419,2.2393853062205853,278.4413220235604
2026-01-02 22:36:00,26.680987534696772,0.1708397655821972,67.1803955822365,48.04567659019831,54.3682719856772,2.181752191986807,305.7933395642463
2026-01-02 22:37:00,24.227436403270627,0.5765790190323384,77.32062819499376,44.23494924571106,61.65490722023842,1.6198368537802548,285.22166359911716
2026-01-02 22:38:00,26.720087410518836,0.5463093650556641,68.96361089772537,49.726015857685766,47.05962669428693,1.3992085524460773,260.83428290490974
2026-01-02 22:39:00,23.069316625148055,0.6699340504896988,66.05291625173432,49.764350787162726,68.44056116431462,1.1166245147732041,260.16246928156244
2026-01-02 22:40:00,24.221157905962677,0.393708619538641,78.07633723095522,47.83146002694728,53.13364769122315,1.309676573785901,243.41975701607282
2026-01-02 22:41:00,27.909413462175237,0.8790767250953335,78.8276256377001,31.246191752248897,58.53592011637013,1.3367012366042534,314.2975140964377
2026-01-02 22:42:00,27.622833036757193,0.42405281043007337,66.40286327462289,39.10463705541361,59.33136455973256,1.262700323047314,317.92743076293414
2026-01-02 22:43:00,22.054270462147592,0.32497807156106084,71.69893222390357,53.30463507903554,52.513216348122825,1.1326649009035814,317.7766030964216
2026-01-02 22:44:00,22.433420641274274,0.301263016031467,60.332201632766136,37.464324867388406,59.095150450295264,1.660630635008818,272.7247260640427
2026-01-02 22:45:00,25.32610645844023,0.15321551935406752,62.83615271617041,50.29476690039484,59.355015882906194,2.1786558712568938,330.1785387172255
2026-01-02 22:46:00,30.17839712400853,0.8065255784786256,70.99332185706704,49.23871594067801,51.43427749477116,1.8733027072921036,321.20336002532576
2026-01-02 22:47:00,19.253304506593018,0.7742134781537324,70.25125430063875,40.64548583050782,51.49349887909054,1.3710319766918706,300.21883219934995
2026-01-02 22:48:00,25.83499881871151,0.6201490325769516,62.26499126615492,33.02861023729965,55.22653411742371,1.9056115390402837,295.2951377022225
2026-01-02 22:49:00,20.871870005280556,0.320782238444844,64.27220860219539,41.58652441231244,54.42253026157332,1.638660346735553,280.5265359289209
2026-01-02 22:50:00,23.097007019423362,0.862253536311824,61.47964504035552,57.46809026179807,61.96565047924767,1.483718259625263,305.76485501786175
2026-01-02 22:51:00,23.906714745807275,0.42965616769566883,73.64047885530569,39.82033624674387,58.5133409247254,1.4587509097410383,348.51743415953996
2026-01-02 22:52:00,23.738474969689328,0.4461948337546695,54.2588864264648,40.23445593240438,54.647882152684545,1.4200239448046945,334.13569846849543
2026-01-02 22:53:00,23.398612181022376,0.7874518160872153,61.907382163518434,39.01450553814104,58.03038979353837,1.7604264490949082,292.3136872911277
2026-01-02 22:54:00,25.02162118112911,0.6317821168961745,55.09646761734143,52.288706859297115,44.766734611016545,1.5558680329105685,316.1586438532308
2026-01-02 22:55:00,23.394233300108265,0.9402206277509186,73.35216483086384,43.54250573024936,51.92344513184129,1.208630880969204,266.95709851434725
2026-01-02 22:56:00,20.612627845437544,0.549744452063804,55.57813159956239,41.24456262630517,56.43910504159444,1.1892591563598593,321.90201532215605
2026-01-02 22:57:00,27.339608837568328,0.42059384008425504,70.25383358828432,53.4808441031721,60.576827509462255,1.6223615925126673,275.07428572003914
2026-01-02 22:58:00,27.258616501446642,0.37763902330804083,83.11619212597938,48.47696452761322,55.99884667327897,1.6714604862733102,320.7076668383302
2026-01-02 22:59:00,27.529522930068005,0.13060076456187458,83.38747185016722,39.48425854973844,62.29119499988828,1.3747469422732863,389.0721657142321
2026-01-02 23:00:00,20.377796511207755,0.4442808454387591,55.55273944656943,37.65849653362932,59.33969929012632,1.0471977509015022,282.89962703018614
2026-01-02 23:01:00,25.89675445775245,0.7289186677654761,72.38727681304765,51.94901978927984,52.55835287964328,2.000386046834053,387.68409927714094
2026-01-02 23:02:00,27.02793656742077,0.6197668345312138,62.08822962895636,45.10072898245029,54.299846770231156,1.9154418438108403,314.7190646334893
2026-01-02 23:03:00,21.906393794681243,0.5040616013120811,60.45491171431794,35.70561588086332,57.04210843119286,0.7050493996106008,277.51123100214147
2026-01-02 23:04:00,25.02751974454639,0.30101311123673413,69.0922403648794,34.30130587863871,52.75682223571818,2.035833169325412,276.13631499796753
2026-01-02 23:05:00,24.651200064068902,0.5453746036025474,79.826329255465,38.303767708801445,62.65645088958297,1.4164096810667943,370.9486682354517
2026-01-02 23:06:00,30.52645197570479,0.7025627410390747,74.79727099376287,37.56309247138182,49.45636932853856,1.575994832010857,314.789660541093
2026-01-02 23:07:00,30.773488111037718,0.5861438512939969,64.27887257213695,32.72353817459138,56.580532252121934,1.9552892240210509,283.0154143150248
2026-01-02 23:08:00,20.006930820009398,0.5333470339266718,75.64027197928002,38.40295808010902,58.677234068025285,2.1610155146516217,293.89618166871287
2026-01-02 23:09:00,32.48178101718397,0.34060846934375877,52.050333344946566,39.48551663013688,53.432765052694485,1.901146114018212,312.9232733312686
2026-01-02 23:10:00,22.254322836540027,0.6734363628224025,63.97643361253408,42.223912269692576,52.30600333675376,1.5964121995802236,299.738379743609
2026-01-02 23:11:00,27.942019882982276,0.0,63.40886764238999,55.15746027076628,54.619593517750005,0.9497437254788006,310.3769743882251
2026-01-02 23:12:00,27.911493942591193,0.576569141773029,70.62656553391145,43.398940367410354,59.059992563925874,0.6895072704061046,353.2083268996283
2026-01-02 23:13:00,22.01292931947458,1.0140643961889197,68.37737629072001,43.994550973534714,52.50076001236073,1.8512635756098015,266.1608800631197
2026-01-02 23:14:00,26.479803381517296,0.19832532253363055,68.86823125104092,48.055532182793655,49.655394065453535,2.036812138297791,319.3389098329173
2026-01-02 23:15:00,24.677398767201808,0.45172610905972677,68.6022437591509,43.57609157360064,60.75292388496513,1.1741420556647808,297.8130718595361
2026-01-02 23:16:00,26.662990013897172,0.4984178019750547,70.1792579279127,47.40091778332025,56.99648236467794,1.392088014104508,285.0286396182385
2026-01-02 23:17:00,25.692016907141877,0.40748343718868457,74.32104773566579,46.6836892617104,60.039287152447585,1.277093644645818,332.1652250336983
2026-01-02 23:18:00,28.58901845611074,0.7072748485117959,71.19464820881906,45.73553139359546,58.7966586563372,1.2664399706043987,256.15723095945873
2026-01-02 23:19:00,25.226198629438187,0.5944902028710602,67.72518546716353,61.59879650651375,65.89944654140983,1.9299844735567862,229.006999255552
2026-01-02 23:20:00,24.496377791721066,0.5304600745094639,73.21398623843825,50.46675506426611,60.57486017803273,1.587349253101457,306.73599044286453
2026-01-02 23:21:00,28.288192699171542,0.659454512233856,76.60898834922212,38.509668091759615,51.379602190625896,1.4083286754417323,295.8546078038131
2026-01-02 23:22:00,26.74118789457581,0.5033501418143485,65.55179287421896,47.22133311713498,57.35133983615791,2.5630080082041493,259.4145824856013
2026-01-02 23:23:00,27.195440182962663,1.1359728977647028,69.52477815461859,40.24957916004168,52.21255639478227,0.9262316403969759,248.683425114449
2026-01-02 23:24:00,23.00623998322421,0.5302693867313483,79.29525250437268,47.67750458435912,52.729369180810835,1.7191644325983142,357.91900133006413
2026-01-02 23:25:00,21.864211655804578,0.5390564196979408,61.177914581861145,36.74887549735038,47.937497996923504,1.080408685931122,313.8904454387904
2026-01-02 23:26:00,23.296833570241894,0.1579063900853449,84.43761757004755,38.353323311496126,53.56943409066731,1.4370252512023034,300.5893716921534
2026-01-02 23:27:00,23.137535842958233,0.39130993453931523,59.2867602020834,47.06344537494076,57.7251714426735,1.5594553537850693,365.8573472687832
2026-01-02 23:28:00,27.358597805958745,0.7294755363599619,67.23708311036211,50.98601468158815,54.6698914743313,1.8378382878540367,330.661874791967
2026-01-02 23:29:00,27.927952150882156,0.23290862992802547,62.398480024991905,48.01586609251808,49.503157983756545,1.395527241935591,353.07830311620614
2026-01-02 23:30:00,24.5346091314028,0.06848856513960899,87.50341597495502,50.12470400721131,47.38490333765843,1.3532207608812632,264.60138215650437
2026-01-02 23:31:00,29.292757056473057,0.506463094237515,65.97319976922279,47.24291135258308,65.55922967740284,1.3883659608745968,263.47822229625945
2026-01-02 23:32:00,29.105408181295388,0.7741489014949956,65.99327074777173,46.03497659419399,56.6258037652075,1.0680189254795298,318.5122570534805
2026-01-02 23:33:00,25.730196749201617,0.5084762457392251,67.03401008048064,41.97784035444938,50.87965415200057,1.7529239208366747,312.43497654287364
2026-01-02 23:34:00,22.53432468537088,0.43277507947473126,70.7648224631516,49.87801085230078,57.30891729851438,1.6125337483127633,337.48986106979623
2026-01-02 23:35:00,29.72612994830662,0.12830241245180396,67.37246576876392,51.14927539695985,65.94593038903044,1.6740674685260202,251.0763337406202
2026-01-02 23:36:00,24.816947946914777,0.5904508245404387,68.9369055630208,44.62130585202135,58.10231179822947,1.4721827989867677,321.10792247914935
2026-01-02 23:37:00,25.378495589292925,0.632255021776609,41.766320375810096,44.29844374932805,41.064660654857335,1.4228488160439627,329.67805900260885
2026-01-02 23:38:00,23.981184923180294,0.1436535001797799,70.45727868801461,54.54843487033342,68.26145843993471,1.9702401352923404,328.0851620043416
2026-01-02 23:39:00,22.330629021108408,0.7269064897394437,70.14245297189316,44.877469321102666,45.75376759854811,1.9087145880628062,287.79916856377434
2026-01-02 23:40:00,20.594081709054123,0.6531391051784219,78.30855037929915,45.45411522219582,53.96994027311584,2.0659202344737553,315.5584551478823
2026-01-02 23:41:00,26.898604970671865,0.7264631885094691,80.47248758623522,47.90535544651737,49.33297849983575,1.6490377405983483,276.73028724103943
2026-01-02 23:42:00,22.649796838310138,0.6167050183666684,68.49833550886562,44.413162464275075,51.299989450133936,2.0410656378621677,291.2116175445861
2026-01-02 23:43:00,34.17859368699047,0.6307365417622637,76.52983265339164,40.07795806354143,56.422048424913186,1.3335669441118343,268.71190982106197
2026-01-02 23:44:00,21.741779252162562,0.6041441797403477,61.18744975644155,47.26779345314113,44.644882456006954,1.4196592855434675,277.24002811983746
2026-01-02 23:45:00,21.22785257505589,0.6736944643002392,76.13873874156883,44.76746993986607,54.548772072552055,1.9780403014727845,292.7711301486264
2026-01-02 23:46:00,26.530416146840324,0.13624844617521625,65.42019360692339,56.05349853884698,60.7367121137068,1.8373686153040956,285.27189757086387
2026-01-02 23:47:00,29.587940436901885,0.19978811327569707,60.52242025495956,49.730691301754256,50.78379837706225,1.3838198372340413,277.2362567083308
2026-01-02 23:48:00,25.193768970829666,0.35279841996204564,68.5152905743676,41.42710628134199,48.04857470028922,1.0814967055921156,261.0120884346534
2026-01-02 23:49:00,26.71672726056182,0.47403596566548933,81.20377957758224,49.37436131514225,54.30347448922129,1.4184143172030108,358.8328736537703
2026-01-02 23:50:00,19.46935774762387,0.5776273846616359,71.44804429384678,46.84719500838588,53.30829254974312,1.226052623489186,284.98311170327224
2026-01-02 23:51:00,22.9674653629247,0.56493633064577,81.97190518142705,52.85655781167308,52.02386164832765,2.18980139299547,309.89896720593686
2026-01-02 23:52:00,21.7791528125873,0.7234211622912062,64.01013828947357,41.85327472302576,49.05826961941193,1.8040162574079004,247.23084131266944
2026-01-02 23:53:00,19.314862450156355,0.7296990597160702,78.38280883638392,46.132056890157145,57.59592290593061,1.1936309690452938,340.7294739872825
2026-01-02 23:54:00,25.35094070207166,0.32552297834124144,64.78271970210443,44.40543810544504,57.97631755720865,1.082003615733995,305.0148195146054
2026-01-02 23:55:00,18.2715171351687,0.5477152220100943,71.80262937191362,45.350876538349794,49.67176632771756,1.1886746904861778,286.68376371224616
2026-01-02 23:56:00,21.033412101737653,0.3304336904556323,71.73346262927532,39.6888063059763,50.3637317769812,1.2764699046134664,286.9457678800816
2026-01-02 23:57:00,23.388418617959747,0.46235059232928666,75.29193387139338,48.45547000747906,55.682459970028624,1.4333198424811222,326.08229573298166
2026-01-02 23:58:00,22.506142492146772,0.5643582738096989,72.00592495929062,47.50778565509698,50.175141709561665,1.9458185963523549,211.40713713765632
2026-01-02 23:59:00,26.189225506621202,0.0,64.08652369742546,52.71134170153077,55.89330991348394,1.1133932434587985,275.2741998387277
